[1,["38RzIIUXxBm4uWZi2uYGB+@6c48a"],["_textureSource"],["cc.SpriteFrame"],0,[{"name":"car102","rect":{"x":6,"y":27,"width":145,"height":112},"offset":{"x":-1.5,"y":-3},"originalSize":{"width":160,"height":160},"rotated":false,"capInsets":[0,0,0,0],"vertices":{"rawPosition":[-72.5,-56,0,72.5,-56,0,-72.5,56,0,72.5,56,0],"indexes":[0,1,2,2,1,3],"uv":[6,133,151,133,6,21,151,21],"nuv":[0.0375,0.13125,0.94375,0.13125,0.0375,0.83125,0.94375,0.83125],"minPos":{"x":-72.5,"y":-56,"z":0},"maxPos":{"x":72.5,"y":56,"z":0}},"packable":true,"pixelsToUnit":100,"pivot":{"x":0.5,"y":0.5},"meshType":0}],[0],0,[0],[0],[0]]
