{"importBase":"import","nativeBase":"native","name":"FruitModels","deps":["internal"],"uuids":["018826d0f","031aa729b","048df28e0","0540d4720","074c23569","075716539","07626c4a7","088563496","08c3a73cf","08e35c238","0dad33e4b","14r5ljNqRG8JOWHIeTvBrz","3duOu8GSNLMpgLoj/0lqcV","3fTdtFxPVNTqNu9XMitOU2","45b/jSdiFHYJzrkqQWTrmh","61wpWJnYxBCbBQQ/yAqs4y","8axbQB+FpPOKbk9YuD8qZb","a5ErTlZvpG2omHUpVoBSkk","cdhhQRm9dLD5fm66I/82L3","e5uEIr6GFGh5bBxhonkeL2","0fIMvGoRZPF6+QeODf8RpU","0fIMvGoRZPF6+QeODf8RpU@6c48a","18mvxs1eRN/KTx21xnuDax@2cd14","18mvxs1eRN/KTx21xnuDax@84b35","18mvxs1eRN/KTx21xnuDax@b904a","1bDNQE/aJCb5QseKe1thiB","1bDNQE/aJCb5QseKe1thiB@6c48a","23Z4aa1v5N3LqnreWI3Muw","23Z4aa1v5N3LqnreWI3Muw@6c48a","27PVPwnwpFtLLYLW7WX2FQ","27PVPwnwpFtLLYLW7WX2FQ@6c48a","295XZ8WnlIYJxXEBsNw9vc","295XZ8WnlIYJxXEBsNw9vc@6c48a","31OowfHfdBOYaIv6ghxrtX@0bedf","31OowfHfdBOYaIv6ghxrtX@2dc13","31OowfHfdBOYaIv6ghxrtX@73535","36VxGAf01Pz6/KT09+8zEu","3eNhFQhmtKFL4iNW5DynMz@257f7","3eNhFQhmtKFL4iNW5DynMz@511cd","3eNhFQhmtKFL4iNW5DynMz@d3851","4aLRTSq+5OA6b7LkRq39F2","4aLRTSq+5OA6b7LkRq39F2@6c48a","4bK9CccjhEuqMHsDGzj1lP","4bK9CccjhEuqMHsDGzj1lP@6c48a","51dcjlspBLZ7uBGeitJeT/","51dcjlspBLZ7uBGeitJeT/@6c48a","5149EufBFNPY2vIy/7ExUX","58+2ojG0tBAbC6ULmP2ehR@0739d","58+2ojG0tBAbC6ULmP2ehR@4f1de","58+2ojG0tBAbC6ULmP2ehR@73b7f","58+2ojG0tBAbC6ULmP2ehR@deaaf","5brZmRXzJL4IkundT3LDZM","5coThZpzpPDL/wrVbPLCT8","6cD4FwYHVP4rpQGMo/BW5I@5b0c9","6cD4FwYHVP4rpQGMo/BW5I@80723","6cD4FwYHVP4rpQGMo/BW5I@864b7","7aS/Tt2MVFKaoF4CXFJ4Cp@45f53","7aS/Tt2MVFKaoF4CXFJ4Cp@73b7f","a3zQCfCrBCDZJ4uf2rk5u8","a8wo1AfiFCUrM2fAFOkFZM","adFvAPjJlBAbMjNqPYrA8+@0bb7d","adFvAPjJlBAbMjNqPYrA8+@73b7f","adFvAPjJlBAbMjNqPYrA8+@8796e","adFvAPjJlBAbMjNqPYrA8+@d9f64","b4cEYMlRhLjKaJzxIqo1/w","bbE6oVj+1KM54Gi9bNsNKf","d2dvr4WoFFnatqyIlKwTqb","d2dvr4WoFFnatqyIlKwTqb@6c48a","dd9N+Pi0JFhYUOIt2o33HH","e5fbY4BJVNhLZRUFfUaz3z@689b7","e5fbY4BJVNhLZRUFfUaz3z@8fb7d","e5fbY4BJVNhLZRUFfUaz3z@e655b","f9qOXSBuhLu4mNGgY3/PRy@1d5aa","f9qOXSBuhLu4mNGgY3/PRy@2f7c9","f9qOXSBuhLu4mNGgY3/PRy@73b7f","f9qOXSBuhLu4mNGgY3/PRy@80fd1","febRHM1WxHWLpOej+t5eoa"],"paths":{"11":["durian",0],"12":["banana",0],"13":["strawberry",0],"14":["watermelon",0],"15":["bomb",0],"16":["hamimelon",0],"17":["orange",0],"18":["apple",0],"19":["pineapple",0]},"scenes":{},"packs":{"018826d0f":["52","19","72","73","75"],"031aa729b":["22","23","24","12","68"],"048df28e0":["16","64","69","70","71"],"0540d4720":["47","48","50","17","76"],"074c23569":["20","25","40","42","31","29","44","27","66"],"075716539":["11","33","34","35","65"],"07626c4a7":["21","26","41","43","32","30","45","28","67"],"088563496":["51","53","54","55","18"],"08c3a73cf":["36","15","56"],"08e35c238":["37","38","39","13","46"],"0dad33e4b":["14","59","60","62","63"]},"versions":{"import":[],"native":[]},"redirect":[58,"0"],"debug":false,"extensionMap":{".ccon":["49","57","61","74"]},"hasPreloadScript":true,"types":["cc.Prefab"]}