[1,["91EJfbCRlIb6jXvfne1r1o","bdG8q6vX1KcbFDmXyII4Pk@f9941","15evQM7udGmbfnL5Y4OZsM","0bf3L9fvVP66aQ+X4M/vHI@6c48a","20MyXsHz9BOphLuHPS3Vrx@6c48a","2b3HFrDfhABLuRnsCe25Gr@6c48a","2eouqJu2pKOJ6uZyeUNNRG@6c48a","2eouqJu2pKOJ6uZyeUNNRG@f9941","2b3HFrDfhABLuRnsCe25Gr@f9941","54RIrv089OXYnrc8MUNMv6@f9941","56DEdWqWlGcayGDuj19QBV","54RIrv089OXYnrc8MUNMv6@6c48a","20MyXsHz9BOphLuHPS3Vrx@f9941","0bf3L9fvVP66aQ+X4M/vHI@f9941","bdG8q6vX1KcbFDmXyII4Pk@6c48a","c9C5wPH0dM8aKPPH0Fb5tL@6c48a","deoScUGw5IXI4nE/c03ZYm@6c48a"],["node","_textureSource","_spriteFrame","_parent","_defaultClip","_cameraComponent","_target","target","_placeholderLabel","_textLabel","pipeCtrl","birdCtrl","groundCtrl","scoreLabel","scene","_backgroundImage","pipePrefab","root","downPipe","upPipe","data"],["cc.SpriteFrame",["cc.Node",["_name","_layer","_id","_components","_parent","_children","_lpos","_lscale","_prefab"],0,9,1,2,5,5,4],["cc.Node",["_name","_layer","_active","_components","_parent","_lpos","_children","_prefab"],0,12,1,5,2,4],["cc.Sprite",["_sizeMode","_type","_isTrimmedMode","node","_spriteFrame","__prefab"],0,1,6,4],["cc.Label",["_string","_actualFontSize","_fontSize","_lineHeight","_enableWrapText","_horizontalAlign","_isBold","_overflow","node","_color"],-5,1,5],["cc.UITransform",["node","_contentSize","_anchorPoint","__prefab"],3,1,5,5,4],["cc.Widget",["_alignFlags","_bottom","_left","_right","_top","_originalWidth","_originalHeight","node"],-4,1],["cc.SceneAsset",["_name"],2],["cc.Node",["_name","_parent","_components","_lpos"],2,1,2,5],["cc.Canvas",["node","_cameraComponent"],3,1,1],["cc.Button",["node","clickEvents","_target"],3,1,9,1],["cc.ClickEvent",["_componentId","handler","customEventData","target"],0,1],["cc.EditBox",["_inputMode","_maxLength","node","_textLabel","_placeholderLabel","_backgroundImage"],1,1,1,1,6],["4dc12dgb7FHxImh9SJonGti",["node","startScreen","scoreLabel","groundCtrl","birdCtrl","pipeCtrl"],3,1,1,1,1,1,1],["cc.Animation",["playOnLoad","node","_clips","_defaultClip"],2,1,3,6],["99dae1wW4VEgZyWwVad/Cx5",["node"],3,1],["cc.Scene",["_name","_children","_prefab","_globals"],2,2,4,4],["cc.PrefabInfo",["root","asset","fileId","instance","targetOverrides","nestedPrefabInstanceRoots"],-3],["cc.PrefabInfo",["fileId","instance","targetOverrides","nestedPrefabInstanceRoots","root","asset"],-1,1,1],["cc.SceneGlobals",["ambient","shadows","_skybox","fog","octree","lightProbeInfo"],3,4,4,4,4,4,4],["cc.AmbientInfo",["_skyIllumLDR","_skyColorHDR","_skyColorLDR","_groundAlbedoLDR"],2,5,5,5],["cc.ShadowsInfo",["_shadowColor"],3,5],["cc.SkyboxInfo",[],3],["cc.FogInfo",[],3],["cc.OctreeInfo",[],3],["cc.LightProbeInfo",[],3],["c6091Gg7LdErZcGT7Wog/B1",["node"],3,1],["8cdc9a1XvBAb5ACx7roEC/I",["node"],3,1],["534019wjQhCSqgv20GxwFmV",["node"],3,1],["cc.Camera",["_projection","_priority","_orthoHeight","_far","_visibility","node","_color"],-2,1,5],["cc.Prefab",["_name"],2],["cc.CompPrefabInfo",["fileId"],2],["2dddc+s77tCs4IZj3w8jr9R",["node","__prefab","upPipe","downPipe"],3,1,4,1,1]],[[5,0,1,1],[31,0,2],[6,0,5,6,7,4],[5,0,1,2,1],[1,0,1,4,3,3],[1,0,1,4,3,6,3],[18,0,1,2,3,4,5,5],[1,0,1,4,5,3,3],[2,0,1,4,6,3,5,3],[2,0,1,4,3,7,5,3],[5,0,3,1,2,1],[3,1,0,2,3,5,4],[14,0,1,2,3,2],[7,0,2],[1,0,1,2,5,3,6,4],[1,0,1,4,5,3,6,3],[1,0,1,4,3,7,3],[1,0,1,5,3,8,3],[2,0,1,3,5,3],[2,0,2,1,4,3,5,4],[2,0,1,4,3,5,3],[2,0,1,4,3,3],[8,0,1,2,3,2],[5,0,3,1,1],[9,0,1,1],[6,0,2,3,4,1,7,6],[6,0,1,7,3],[6,0,7,2],[10,0,1,2,1],[11,0,1,2,3,4],[3,1,0,3,4,3],[3,0,2,3,4,3],[3,1,0,2,3,4,4],[3,3,4,1],[12,0,1,2,3,4,5,3],[13,0,1,2,3,4,5,1],[4,0,1,2,3,4,8,6],[4,0,1,2,3,6,8,6],[4,0,5,1,2,7,4,8,7],[4,0,5,1,2,3,7,4,8,9,8],[4,0,5,1,2,3,4,6,8,8],[15,0,1],[16,0,1,2,3,2],[17,0,1,2,3,4,5,7],[19,0,1,2,3,4,5,1],[20,0,1,2,3,2],[21,0,1],[22,1],[23,1],[24,1],[25,1],[26,0,1],[27,0,1],[28,0,1],[29,0,1,2,3,4,5,6,6],[30,0,2],[32,0,1,2,3,1]],[[[{"name":"pipe-green-down","rect":{"x":0,"y":0,"width":52,"height":320},"offset":{"x":0,"y":0},"originalSize":{"width":52,"height":320},"rotated":false,"capInsets":[0,64,0,0],"vertices":{"rawPosition":[-26,-160,0,26,-160,0,-26,160,0,26,160,0],"indexes":[0,1,2,2,1,3],"uv":[0,320,52,320,0,0,52,0],"nuv":[0,0,1,0,0,1,1,1],"minPos":{"x":-26,"y":-160,"z":0},"maxPos":{"x":26,"y":160,"z":0}},"packable":true,"pixelsToUnit":100,"pivot":{"x":0.5,"y":0.5},"meshType":0}],[0],0,[0],[1],[3]],[[{"name":"pipe-green-up","rect":{"x":0,"y":0,"width":52,"height":320},"offset":{"x":0,"y":0},"originalSize":{"width":52,"height":320},"rotated":false,"capInsets":[0,0,0,64],"vertices":{"rawPosition":[-26,-160,0,26,-160,0,-26,160,0,26,160,0],"indexes":[0,1,2,2,1,3],"uv":[0,320,52,320,0,0,52,0],"nuv":[0,0,1,0,0,1,1,1],"minPos":{"x":-26,"y":-160,"z":0},"maxPos":{"x":26,"y":160,"z":0}},"packable":true,"pixelsToUnit":100,"pivot":{"x":0.5,"y":0.5},"meshType":0}],[0],0,[0],[1],[4]],[[{"name":"yellowbird-upflap","rect":{"x":0,"y":0,"width":34,"height":24},"offset":{"x":0,"y":0},"originalSize":{"width":34,"height":24},"rotated":false,"capInsets":[0,0,0,0],"vertices":{"rawPosition":[-17,-12,0,17,-12,0,-17,12,0,17,12,0],"indexes":[0,1,2,2,1,3],"uv":[0,24,34,24,0,0,34,0],"nuv":[0,0,1,0,0,1,1,1],"minPos":{"x":-17,"y":-12,"z":0},"maxPos":{"x":17,"y":12,"z":0}},"packable":true,"pixelsToUnit":100,"pivot":{"x":0.5,"y":0.5},"meshType":0}],[0],0,[0],[1],[5]],[[{"name":"base","rect":{"x":0,"y":0,"width":336,"height":112},"offset":{"x":0,"y":0},"originalSize":{"width":336,"height":112},"rotated":false,"capInsets":[0,0,0,0],"vertices":{"rawPosition":[-168,-56,0,168,-56,0,-168,56,0,168,56,0],"indexes":[0,1,2,2,1,3],"uv":[0,112,336,112,0,0,336,0],"nuv":[0,0,1,0,0,1,1,1],"minPos":{"x":-168,"y":-56,"z":0},"maxPos":{"x":168,"y":56,"z":0}},"packable":true,"pixelsToUnit":100,"pivot":{"x":0.5,"y":0.5},"meshType":0}],[0],0,[0],[1],[6]],[[[13,"MainScene"],[14,"Canvas",33554432,"5afWrdikhK6YUheCT/e/mo",[-5,-6,-7,-8,-9,-10,-11,-12,-13],[[0,-1,[5,750,1334]],[24,-3,-2],[25,45,-5.684341886080802e-14,-5.684341886080802e-14,-5.684341886080802e-14,-5.684341886080802e-14,-4]],[1,374.99999999999994,667,0]],[7,"StartScreen",33554432,1,[-19,-20,-21],[[0,-14,[5,750,1334]],[28,-17,[[29,"4dc12dgb7FHxImh9SJonGti","clickStart","996",-16]],-15],[2,45,750,1334,-18]]],[15,"EditBox",33554432,2,[-27,-28],[[0,-22,[5,300,80]],[30,1,0,-23,2],[34,6,8,-26,-25,-24,3]],[1,0,-236.828,0]],[4,"gameCtrl",33554432,1,[[0,-29,[5,750,1334]],[2,45,750,1334,-30],[35,-35,2,-34,-33,-32,-31]]],[8,"ground",33554432,1,[-39],[[[0,-36,[5,0,0]],-37,[26,4,112,-38]],4,1,4],[1,0,-555,0]],[8,"brid",33554432,1,[-43],[[[0,-40,[5,68,48]],-41,[12,true,-42,[6],7]],4,1,4],[1,0,80,0]],[5,"Tap to Start",33554432,2,[[0,-44,[5,306.83,100.8]],[36,"Tap to Start",60,60,80,false,-45],[12,true,-46,[0],1]],[1,0,-80,0]],[18,"Score",33554432,[[[3,-47,[5,196.08,75.6],[0,0,1]],-48,[27,9,-49]],4,1,4],[1,-375,667,0]],[7,"ScoreRoot",33554432,1,[8],[[0,-50,[5,750,1334]],[2,45,750,1334,-51]]],[4,"background",33554432,1,[[0,-52,[5,750,1334]],[31,0,false,-53,8],[2,45,750,1334,-54]]],[4,"uiRoot",33554432,1,[[0,-55,[5,750,1334]],[2,45,750,1334,-56],[41,-57]]],[5,"Title",33554432,2,[[0,-58,[5,440.04,100.8]],[37,"Flappy Bird",80,80,80,true,-59]],[1,0,360,0]],[19,"TEXT_LABEL",false,33554432,3,[[[3,-60,[5,298,80],[0,0,1]],-61],4,1],[1,-148,40,0]],[20,"PLACEHOLDER_LABEL",33554432,3,[[[3,-62,[5,298,80],[0,0,1]],-63],4,1],[1,-148,40,0]],[5,"base",33554432,5,[[3,-64,[5,1600,112],[0,0,1]],[32,2,0,false,-65,4]],[1,-375,0,0]],[16,"sprite",33554432,6,[[0,-66,[5,34,24]],[33,-67,5]],[1,2,2,2]],[21,"pipeCtrl",33554432,1,[[[0,-68,[5,0,0]],-69],4,1]],[42,"MainScene",[1],[43,null,null,"50320cfc-1e1c-433f-80c6-b487eef617ef",null,null,null],[44,[45,0.8,[2,0.2,0.5,0.8,0.520833125],[2,0.452588,0.607642,0.755699,0.8],[2,0.618555,0.577848,0.544564,0]],[46,[4,4283190348]],[47],[48],[49],[50]]],[38,"",0,40,20,1,false,13],[39,"Enter text here...",0,20,20,80,1,false,14,[4,4290493371]],[40,"分数：999",0,42,42,60,false,true,8],[51,5],[52,6],[53,17],[22,"Camera",1,[-70],[1,0,0,1000]],[54,0,1073741824,667,2000,33554432,25,[4,4278190080]]],0,[0,0,1,0,5,26,0,0,1,0,0,1,0,-1,4,0,-2,25,0,-3,10,0,-4,17,0,-5,6,0,-6,5,0,-7,2,0,-8,9,0,-9,11,0,0,2,0,6,2,0,7,4,0,0,2,0,0,2,0,-1,7,0,-2,12,0,-3,3,0,0,3,0,0,3,0,8,20,0,9,19,0,0,3,0,-1,13,0,-2,14,0,0,4,0,0,4,0,10,24,0,11,23,0,12,22,0,13,21,0,0,4,0,0,5,0,-2,22,0,0,5,0,-1,15,0,0,6,0,-2,23,0,0,6,0,-1,16,0,0,7,0,0,7,0,0,7,0,0,8,0,-2,21,0,0,8,0,0,9,0,0,9,0,0,10,0,0,10,0,0,10,0,0,11,0,0,11,0,0,11,0,0,12,0,0,12,0,0,13,0,-2,19,0,0,14,0,-2,20,0,0,15,0,0,15,0,0,16,0,0,16,0,0,17,0,-2,24,0,-1,26,0,14,18,1,3,18,8,3,9,70],[0,0,0,0,0,0,0,0,0,24],[-1,4,2,15,2,2,-1,4,2,16],[0,0,1,1,7,8,2,2,9,10]],[[{"name":"background-day","rect":{"x":0,"y":0,"width":288,"height":512},"offset":{"x":0,"y":0},"originalSize":{"width":288,"height":512},"rotated":false,"capInsets":[0,0,0,0],"vertices":{"rawPosition":[-144,-256,0,144,-256,0,-144,256,0,144,256,0],"indexes":[0,1,2,2,1,3],"uv":[0,512,288,512,0,0,288,0],"nuv":[0,0,1,0,0,1,1,1],"minPos":{"x":-144,"y":-256,"z":0},"maxPos":{"x":144,"y":256,"z":0}},"packable":true,"pixelsToUnit":100,"pivot":{"x":0.5,"y":0.5},"meshType":0}],[0],0,[0],[1],[11]],[[[55,"pipe"],[17,"pipe",33554432,[-6,-7],[[23,-2,[1,"16uQyeGfRAt6b7TjzZiPbc"],[5,0,1334]],[56,-5,[1,"3dCDyu+SlFPZqlrST6tpQi"],-4,-3]],[6,"c3Cy4LUhtJs6DjAxp/Fevy",null,null,null,-1,0]],[9,"upPipe",33554432,1,[[[10,-8,[1,"ca7wvmb9dKxqgkmAurQDY/"],[5,52,1024],[0,0.5,0]],-9],4,1],[6,"c8HnMNqZpF65AHM82r1umK",null,null,null,1,0],[1,0,100,0]],[9,"downPipe",33554432,1,[[[10,-10,[1,"ddpEQ69ddJrLw0espUVmWs"],[5,52,1024],[0,0.5,1]],-11],4,1],[6,"053V+GYjRLoJ5MCquweNYS",null,null,null,1,0],[1,0,-100,0]],[11,1,0,false,2,[1,"0bQOywNUFCe65NtBgk0E76"]],[11,1,0,false,3,[1,"d7WjekAEtO3IPsaF2Hdp9U"]]],0,[0,17,1,0,0,1,0,18,5,0,19,4,0,0,1,0,-1,2,0,-2,3,0,0,2,0,-2,4,0,0,3,0,-2,5,0,20,1,11],[4,5],[2,2],[12,13]],[[{"name":"default_editbox_bg","rect":{"x":0,"y":0,"width":40,"height":40},"offset":{"x":0,"y":0},"originalSize":{"width":40,"height":40},"rotated":false,"capInsets":[12,12,12,12],"vertices":{"rawPosition":[-20,-20,0,20,-20,0,-20,20,0,20,20,0],"indexes":[0,1,2,2,1,3],"uv":[0,40,40,40,0,0,40,0],"nuv":[0,0,1,0,0,1,1,1],"minPos":{"x":-20,"y":-20,"z":0},"maxPos":{"x":20,"y":20,"z":0}},"packable":true,"pixelsToUnit":100,"pivot":{"x":0.5,"y":0.5},"meshType":0}],[0],0,[0],[1],[14]],[[{"name":"yellowbird-midflap","rect":{"x":0,"y":0,"width":34,"height":24},"offset":{"x":0,"y":0},"originalSize":{"width":34,"height":24},"rotated":false,"capInsets":[0,0,0,0],"vertices":{"rawPosition":[-17,-12,0,17,-12,0,-17,12,0,17,12,0],"indexes":[0,1,2,2,1,3],"uv":[0,24,34,24,0,0,34,0],"nuv":[0,0,1,0,0,1,1,1],"minPos":{"x":-17,"y":-12,"z":0},"maxPos":{"x":17,"y":12,"z":0}},"packable":true,"pixelsToUnit":100,"pivot":{"x":0.5,"y":0.5},"meshType":0}],[0],0,[0],[1],[15]],[[{"name":"yellowbird-downflap","rect":{"x":0,"y":0,"width":34,"height":24},"offset":{"x":0,"y":0},"originalSize":{"width":34,"height":24},"rotated":false,"capInsets":[0,0,0,0],"vertices":{"rawPosition":[-17,-12,0,17,-12,0,-17,12,0,17,12,0],"indexes":[0,1,2,2,1,3],"uv":[0,24,34,24,0,0,34,0],"nuv":[0,0,1,0,0,1,1,1],"minPos":{"x":-17,"y":-12,"z":0},"maxPos":{"x":17,"y":12,"z":0}},"packable":true,"pixelsToUnit":100,"pivot":{"x":0.5,"y":0.5},"meshType":0}],[0],0,[0],[1],[16]]]]
