[1,["3dIP31VZ1EFLe5eRN8gNvG@6c48a"],["_textureSource"],["cc.SpriteFrame"],0,[{"name":"car107Black","rect":{"x":8,"y":35,"width":143,"height":91},"offset":{"x":-0.5,"y":-0.5},"originalSize":{"width":160,"height":160},"rotated":false,"capInsets":[0,0,0,0],"vertices":{"rawPosition":[-71.5,-45.5,0,71.5,-45.5,0,-71.5,45.5,0,71.5,45.5,0],"indexes":[0,1,2,2,1,3],"uv":[8,125,151,125,8,34,151,34],"nuv":[0.05,0.2125,0.94375,0.2125,0.05,0.78125,0.94375,0.78125],"minPos":{"x":-71.5,"y":-45.5,"z":0},"maxPos":{"x":71.5,"y":45.5,"z":0}},"packable":true,"pixelsToUnit":100,"pivot":{"x":0.5,"y":0.5},"meshType":0}],[0],0,[0],[0],[0]]
