[1,["76sfpev6JMdI8hsfy5P0bE","c7As3HwPpNz5SGNtlEYlKU@f29e8","c7As3HwPpNz5SGNtlEYlKU@9b25d","c7As3HwPpNz5SGNtlEYlKU@bdfac","c7As3HwPpNz5SGNtlEYlKU@e5185","c7As3HwPpNz5SGNtlEYlKU@59171","c7As3HwPpNz5SGNtlEYlKU@e2346","28OvcvllhHroo/r8V0XSKH","12Y9dMgWdJKJGmTiZyQR9H@2e76e","ffI0vIjpJM04Cw/QtlIvYL@6c48a","1brw/JvvpFnIvdrxpFCgMZ"],["node","_mesh","root","nodeGas","data","mainTexture","_effectAsset"],[["cc.Node",["_name","_prefab","_parent","_components","_lpos","_lrot","_lscale","_euler","_children"],2,4,1,9,5,5,5,5,2],["cc.MeshRenderer",["_shadowCastingMode","_name","node","__prefab","_materials","bakeSettings","_mesh"],1,1,4,3,4,6],["cc.Prefab",["_name"],2],["e6d4fVD3pxJ7Y1Khf8fRUoa",["_name","maxSpeed","minSpeed","node","__prefab","nodeGas"],0,1,4,1],["cc.CompPrefabInfo",["fileId"],2],["cc.BoxCollider",["node","__prefab","_center","_size"],3,1,4,5,5],["cc.RigidBody",["_mass","_linearDamping","_angularDamping","_useGravity","node","__prefab"],-1,1,4],["cc.PrefabInfo",["fileId","instance","targetOverrides","nestedPrefabInstanceRoots","root","asset"],-1,1,1],["cc.ModelBakeSettings",[],3],["cc.Material",["_name","_states","_defines","_props"],0,12]],[[4,0,2],[7,0,1,2,3,4,5,5],[8,1],[1,0,2,3,4,5,6,2],[0,0,2,3,1,4,6,2],[2,0,2],[0,0,8,3,1,4,2],[0,0,2,8,1,2],[0,0,2,3,1,5,6,7,2],[0,0,2,3,1,4,5,6,7,2],[0,0,2,1,4,5,7,2],[3,0,1,2,3,4,5,4],[5,0,1,2,3,1],[6,0,1,2,3,4,5,5],[1,1,2,3,4,5,6,2],[9,0,1,2,3,4]],[[[[5,"car109"],[6,"car109",[-6,-7,-8],[[11,"car<car>",0.3,0.02,-3,[0,"89mgaPXhxD243vMPt9vqYL"],-2],[12,-4,[0,"a6uA/tTg1I6aFi8Bg2YMsz"],[1,0,0.3,0],[1,0.6,0.5,1]],[13,10,0,0,false,-5,[0,"95QSuyHrVBVpwaA34uzMXR"]]],[1,"33Uhs1dolM3a6GcJG6G6wf",null,null,null,-1,0],[1,-1,0,45]],[7,"RootNode",1,[-9,-10,-11,-12,-13,-14],[1,"Node.1008",null,null,null,1,0]],[8,"CityCar_01_005",2,[[3,1,-15,[0,"774KeyqL9Ov5hgoNmXMcgD"],[0],[2],1]],[1,"Node.1009",null,null,null,1,0],[3,0.7071067513842091,9.334147838055045e-15,-2.13540298316361e-7,0.7071068109888525],[1,-313.545288085938,-313.545288085938,-313.545288085938],[1,89.99999517032965,0.000017302843352886883,-0.00001730284329874329]],[9,"light1",2,[[3,1,-16,[0,"033a4/fRJCqKt5LQKDPssp"],[2],[2],3]],[1,"Node.1010",null,null,null,1,0],[1,1.17517409137236e-7,0.205195784568787,0.495395749807358],[3,-1.6015522693459608e-7,0.7071068407911804,-0.7071067215818894,5.338505551282075e-8],[1,-313.545288085938,-313.545288085938,-313.545288085938],[1,89.99999034065503,-179.999991348578,-0.000017302842769238993]],[4,"tyre2",2,[[3,1,-17,[0,"a1fMYjrSRAd4obZn8v2GC8"],[4],[2],5]],[1,"Node.1011",null,null,null,1,0],[1,0.268910795450211,0.0946801155805588,0.337204456329346],[1,-313.545288085938,-313.545288085938,-313.545288085938]],[4,"tyre4",2,[[3,1,-18,[0,"cbDtgd34xDcqGIJOOl8IjR"],[6],[2],7]],[1,"Node.1012",null,null,null,1,0],[1,0.268910735845566,0.0946800708770752,-0.308667898178101],[1,-313.545288085938,-313.545288085938,-313.545288085938]],[4,"tyre1",2,[[3,1,-19,[0,"ebO7o2omZEfrgpt7yHwXdG"],[8],[2],9]],[1,"Node.1013",null,null,null,1,0],[1,-0.26930633187294,0.0946004837751389,0.337269246578217],[1,-313.545288085938,-313.545288085938,-313.545288085938]],[4,"tyre3",2,[[3,1,-20,[0,"43ExZOAKlKMYQm6p2sPQRw"],[10],[2],11]],[1,"Node.1014",null,null,null,1,0],[1,-0.269306302070618,0.0946005135774612,-0.308875620365143],[1,-313.545288085938,-313.545288085938,-313.545288085938]],[4,"light",1,[[14,"Plane<MeshRenderer>",-21,[0,"a5+DCSYihCeKFCfWBFZOMl"],[12],[2],13]],[1,"10F5cTK6RI+q7Hynq70NIc",null,null,null,1,0],[1,0,0.1,-1.1000000000000014],[1,0.08,0.1,0.1]],[10,"gas",1,[1,"21uxfv+dNIKrj/NloG0GlU",null,null,null,1,0],[1,0,0.1,0.7],[3,1,0,0,6.123233995736766e-17],[1,180,0,0]]],0,[0,2,1,0,3,10,0,0,1,0,0,1,0,0,1,0,-1,2,0,-2,9,0,-3,10,0,-1,3,0,-2,4,0,-3,5,0,-4,6,0,-5,7,0,-6,8,0,0,3,0,0,4,0,0,5,0,0,6,0,0,7,0,0,8,0,0,9,0,4,1,21],[0,0,0,0,0,0,0,0,0,0,0,0,0,0],[-1,1,-1,1,-1,1,-1,1,-1,1,-1,1,-1,1],[0,1,0,2,0,3,0,4,0,5,0,6,7,8]],[[[15,"carRed",[{"blendState":{"targets":[{}]},"depthStencilState":{},"rasterizerState":{}}],[{"USE_ALBEDO_MAP":true,"OCCLUSION_CHANNEL":"b","ROUGHNESS_CHANNEL":"r","METALLIC_CHANNEL":"g"}],[[[{"occlusion":0,"roughness":0.8,"metallic":0.6},"mainTexture",6,0]],11]]],0,0,[0,0],[5,6],[9,10]]]]
