[1,["a8wo1AfiFCUrM2fAFOkFZM","adFvAPjJlBAbMjNqPYrA8+@73b7f","adFvAPjJlBAbMjNqPYrA8+@d9f64","adFvAPjJlBAbMjNqPYrA8+@8796e","adFvAPjJlBAbMjNqPYrA8+@0bb7d","295XZ8WnlIYJxXEBsNw9vc@6c48a","a3zQCfCrBCDZJ4uf2rk5u8"],["node","_mesh","root","data","_defaultClip","mainTexture","_effectAsset"],[["cc.Node",["_name","_active","_components","_prefab","_parent","_lpos","_children","_lscale"],1,9,4,1,5,2,5],["cc.Prefab",["_name"],2],["cc.Animation",["node","__prefab","_clips","_defaultClip"],3,1,4,3,6],["cc.CompPrefabInfo",["fileId"],2],["cc.PrefabInfo",["fileId","instance","targetOverrides","nestedPrefabInstanceRoots","root","asset"],-1,1,1],["cc.MeshRenderer",["node","__prefab","_materials","bakeSettings","_mesh"],3,1,4,3,4,6],["cc.ModelBakeSettings",[],3],["cc.Material",["_name","_states","_defines","_props"],0,12],["cc.Mesh",["_native","_hash","_struct"],1,11]],[[3,0,2],[4,0,1,2,3,4,5,5],[5,0,1,2,3,4,1],[6,1],[8,0,1,2,3],[0,0,1,4,2,3,5,3],[1,0,2],[0,0,6,2,3,7,2],[0,0,4,2,3,5,2],[2,0,1,2,3,1],[7,0,1,2,3,4]],[[[[6,"watermelon"],[7,"watermelon",[-3,-4,-5],[[9,-2,[0,"0cl8iEswpWp49vbe1tPYoe"],[6],7]],[1,"e6xqufKxpV0ZbLY407qE3v",null,null,null,-1,0],[1,24,24,24]],[8,"watermelon",1,[[2,-6,[0,"94nZAVjF5RLbjZ+/hXkKQL"],[0],[3],1]],[1,"dckUYoDQdXW4/3HP4HRIuV",null,null,null,1,0],[1,9.23872001123982e-9,0.000011232984434172977,-0.000010869595826079603]],[5,"polySurface8",false,1,[[2,-7,[0,"efwKWpmiRdWY3lmKgf/8bI"],[2],[3],3]],[1,"a81fAYYQVYMKnCP3Ayo/Bk",null,null,null,1,0],[1,0,0.000011232985343667679,-0.000010658446626621298]],[5,"polySurface009",false,1,[[2,-8,[0,"bddgZxM6xSAYw36ufYs8De"],[4],[3],5]],[1,"5abc2AOfNcNptUJtYs7GWS",null,null,null,1,0],[1,0,0.000011232985343667679,-0.000010658446626621298]]],0,[0,2,1,0,0,1,0,-1,2,0,-2,3,0,-3,4,0,0,2,0,0,3,0,0,4,0,3,1,8],[0,0,0,0,0,0,0,0],[-1,1,-1,1,-1,1,-1,4],[0,2,0,3,0,4,1,1]],[[[10,"watermelon",[{"rasterizerState":{},"depthStencilState":{},"blendState":{"targets":[{}]}}],[{"USE_TEXTURE":true}],[[[{},"mainTexture",6,0]],11]]],0,0,[0,0],[5,6],[5,6]],[[[4,".bin",1329838967,[{"primitives":[{"primitiveMode":7,"vertexBundelIndices":[0],"indexView":{"offset":14640,"length":2304,"count":1152,"stride":2}}],"vertexBundles":[{"view":{"offset":0,"length":14640,"count":305,"stride":48},"attributes":[{"name":"a_position","format":32,"isNormalized":false},{"name":"a_normal","format":32,"isNormalized":false},{"name":"a_texCoord","format":21,"isNormalized":false},{"name":"a_tangent","format":44,"isNormalized":false}]}]},"minPosition",8,[1,-0.009954509325325489,-0.008632147684693336,-0.008615998551249504],"maxPosition",8,[1,-2.0840758452322916e-8,0.008599256165325642,0.00861541461199522]]],-1],0,0,[],[],[]],[[[4,".bin",139042397,[{"primitives":[{"primitiveMode":7,"vertexBundelIndices":[0],"indexView":{"offset":14640,"length":2304,"count":1152,"stride":2}}],"vertexBundles":[{"view":{"offset":0,"length":14640,"count":305,"stride":48},"attributes":[{"name":"a_position","format":32,"isNormalized":false},{"name":"a_normal","format":32,"isNormalized":false},{"name":"a_texCoord","format":21,"isNormalized":false},{"name":"a_tangent","format":44,"isNormalized":false}]}]},"minPosition",8,[1,3.590159280975058e-8,-0.008632412180304527,-0.008615999482572079],"maxPosition",8,[1,0.009954514913260937,0.008598994463682175,0.008615413680672646]]],-1],0,0,[],[],[]],[[[4,".bin",140110852,[{"primitives":[{"primitiveMode":7,"vertexBundelIndices":[0],"indexView":{"offset":25632,"length":4320,"count":2160,"stride":2}}],"vertexBundles":[{"view":{"offset":0,"length":25632,"count":534,"stride":48},"attributes":[{"name":"a_position","format":32,"isNormalized":false},{"name":"a_normal","format":32,"isNormalized":false},{"name":"a_texCoord","format":21,"isNormalized":false},{"name":"a_tangent","format":44,"isNormalized":false}]}]},"minPosition",8,[1,-0.009954390116035938,-0.008615702390670776,-0.008616088889539242],"maxPosition",8,[1,0.009954570792615414,0.0086157051846385,0.008615324273705482]]],-1],0,0,[],[],[]]]]
