{"version":1,"document":[{"__type__":"cc.AnimationClip","_name":"cocos_anim_run","_objFlags":0,"_native":"","sample":30,"speed":1,"wrapMode":2,"enableTrsBlending":true,"_duration":0.8000000715255737,"_hash":56662613,"_tracks":[],"_exoticAnimation":{"__id__":1},"_events":[],"_embeddedPlayers":[]},{"__type__":"cc.animation.ExoticAnimation","_nodeAnimations":[{"__id__":2},{"__id__":9},{"__id__":16},{"__id__":23},{"__id__":30},{"__id__":37},{"__id__":44},{"__id__":51},{"__id__":58},{"__id__":65},{"__id__":72},{"__id__":79},{"__id__":86},{"__id__":93},{"__id__":100},{"__id__":107},{"__id__":114},{"__id__":121},{"__id__":128},{"__id__":135},{"__id__":142},{"__id__":149},{"__id__":156},{"__id__":163},{"__id__":170},{"__id__":177},{"__id__":184},{"__id__":191},{"__id__":198},{"__id__":205},{"__id__":212},{"__id__":219},{"__id__":226},{"__id__":233},{"__id__":240},{"__id__":247},{"__id__":254},{"__id__":261},{"__id__":268},{"__id__":275},{"__id__":282},{"__id__":289},{"__id__":296},{"__id__":303},{"__id__":310},{"__id__":317},{"__id__":324},{"__id__":331},{"__id__":338},{"__id__":345},{"__id__":352},{"__id__":359}]},{"__type__":"cc.animation.ExoticNodeAnimation","_path":"Bip002","_position":{"__id__":3},"_rotation":{"__id__":5},"_scale":{"__id__":7}},{"__type__":"cc.animation.ExoticTrack","times":{"__type__":"TypedArrayRef","ctor":"Float32Array","offset":0,"length":25},"values":{"__id__":4}},{"__type__":"cc.animation.ExoticVec3TrackValues","_values":{"__type__":"TypedArrayRef","ctor":"Float32Array","offset":100,"length":75},"_isQuantized":null},{"__type__":"cc.animation.ExoticTrack","times":{"__type__":"TypedArrayRef","ctor":"Float32Array","offset":400,"length":25},"values":{"__id__":6}},{"__type__":"cc.animation.ExoticQuatTrackValues","_values":{"__type__":"TypedArrayRef","ctor":"Float32Array","offset":500,"length":100},"_isQuantized":null},{"__type__":"cc.animation.ExoticTrack","times":{"__type__":"TypedArrayRef","ctor":"Float32Array","offset":900,"length":25},"values":{"__id__":8}},{"__type__":"cc.animation.ExoticVec3TrackValues","_values":{"__type__":"TypedArrayRef","ctor":"Float32Array","offset":1000,"length":75},"_isQuantized":null},{"__type__":"cc.animation.ExoticNodeAnimation","_path":"Bip002/Bip002 Pelvis","_position":{"__id__":10},"_rotation":{"__id__":12},"_scale":{"__id__":14}},{"__type__":"cc.animation.ExoticTrack","times":{"__type__":"TypedArrayRef","ctor":"Float32Array","offset":1300,"length":25},"values":{"__id__":11}},{"__type__":"cc.animation.ExoticVec3TrackValues","_values":{"__type__":"TypedArrayRef","ctor":"Float32Array","offset":1400,"length":75},"_isQuantized":null},{"__type__":"cc.animation.ExoticTrack","times":{"__type__":"TypedArrayRef","ctor":"Float32Array","offset":1700,"length":25},"values":{"__id__":13}},{"__type__":"cc.animation.ExoticQuatTrackValues","_values":{"__type__":"TypedArrayRef","ctor":"Float32Array","offset":1800,"length":100},"_isQuantized":null},{"__type__":"cc.animation.ExoticTrack","times":{"__type__":"TypedArrayRef","ctor":"Float32Array","offset":2200,"length":25},"values":{"__id__":15}},{"__type__":"cc.animation.ExoticVec3TrackValues","_values":{"__type__":"TypedArrayRef","ctor":"Float32Array","offset":2300,"length":75},"_isQuantized":null},{"__type__":"cc.animation.ExoticNodeAnimation","_path":"Bip002/Bip002 Pelvis/Bip002 Spine","_position":{"__id__":17},"_rotation":{"__id__":19},"_scale":{"__id__":21}},{"__type__":"cc.animation.ExoticTrack","times":{"__type__":"TypedArrayRef","ctor":"Float32Array","offset":2600,"length":25},"values":{"__id__":18}},{"__type__":"cc.animation.ExoticVec3TrackValues","_values":{"__type__":"TypedArrayRef","ctor":"Float32Array","offset":2700,"length":75},"_isQuantized":null},{"__type__":"cc.animation.ExoticTrack","times":{"__type__":"TypedArrayRef","ctor":"Float32Array","offset":3000,"length":25},"values":{"__id__":20}},{"__type__":"cc.animation.ExoticQuatTrackValues","_values":{"__type__":"TypedArrayRef","ctor":"Float32Array","offset":3100,"length":100},"_isQuantized":null},{"__type__":"cc.animation.ExoticTrack","times":{"__type__":"TypedArrayRef","ctor":"Float32Array","offset":3500,"length":25},"values":{"__id__":22}},{"__type__":"cc.animation.ExoticVec3TrackValues","_values":{"__type__":"TypedArrayRef","ctor":"Float32Array","offset":3600,"length":75},"_isQuantized":null},{"__type__":"cc.animation.ExoticNodeAnimation","_path":"Bip002/Bip002 Pelvis/Bip002 Spine/Bip002 Spine1","_position":{"__id__":24},"_rotation":{"__id__":26},"_scale":{"__id__":28}},{"__type__":"cc.animation.ExoticTrack","times":{"__type__":"TypedArrayRef","ctor":"Float32Array","offset":3900,"length":25},"values":{"__id__":25}},{"__type__":"cc.animation.ExoticVec3TrackValues","_values":{"__type__":"TypedArrayRef","ctor":"Float32Array","offset":4000,"length":75},"_isQuantized":null},{"__type__":"cc.animation.ExoticTrack","times":{"__type__":"TypedArrayRef","ctor":"Float32Array","offset":4300,"length":25},"values":{"__id__":27}},{"__type__":"cc.animation.ExoticQuatTrackValues","_values":{"__type__":"TypedArrayRef","ctor":"Float32Array","offset":4400,"length":100},"_isQuantized":null},{"__type__":"cc.animation.ExoticTrack","times":{"__type__":"TypedArrayRef","ctor":"Float32Array","offset":4800,"length":25},"values":{"__id__":29}},{"__type__":"cc.animation.ExoticVec3TrackValues","_values":{"__type__":"TypedArrayRef","ctor":"Float32Array","offset":4900,"length":75},"_isQuantized":null},{"__type__":"cc.animation.ExoticNodeAnimation","_path":"Bip002/Bip002 Pelvis/Bip002 Spine/Bip002 Spine1/Bip002 Neck","_position":{"__id__":31},"_rotation":{"__id__":33},"_scale":{"__id__":35}},{"__type__":"cc.animation.ExoticTrack","times":{"__type__":"TypedArrayRef","ctor":"Float32Array","offset":5200,"length":25},"values":{"__id__":32}},{"__type__":"cc.animation.ExoticVec3TrackValues","_values":{"__type__":"TypedArrayRef","ctor":"Float32Array","offset":5300,"length":75},"_isQuantized":null},{"__type__":"cc.animation.ExoticTrack","times":{"__type__":"TypedArrayRef","ctor":"Float32Array","offset":5600,"length":25},"values":{"__id__":34}},{"__type__":"cc.animation.ExoticQuatTrackValues","_values":{"__type__":"TypedArrayRef","ctor":"Float32Array","offset":5700,"length":100},"_isQuantized":null},{"__type__":"cc.animation.ExoticTrack","times":{"__type__":"TypedArrayRef","ctor":"Float32Array","offset":6100,"length":25},"values":{"__id__":36}},{"__type__":"cc.animation.ExoticVec3TrackValues","_values":{"__type__":"TypedArrayRef","ctor":"Float32Array","offset":6200,"length":75},"_isQuantized":null},{"__type__":"cc.animation.ExoticNodeAnimation","_path":"Bip002/Bip002 Pelvis/Bip002 Spine/Bip002 Spine1/Bip002 Neck/Bip002 L Clavicle","_position":{"__id__":38},"_rotation":{"__id__":40},"_scale":{"__id__":42}},{"__type__":"cc.animation.ExoticTrack","times":{"__type__":"TypedArrayRef","ctor":"Float32Array","offset":6500,"length":25},"values":{"__id__":39}},{"__type__":"cc.animation.ExoticVec3TrackValues","_values":{"__type__":"TypedArrayRef","ctor":"Float32Array","offset":6600,"length":75},"_isQuantized":null},{"__type__":"cc.animation.ExoticTrack","times":{"__type__":"TypedArrayRef","ctor":"Float32Array","offset":6900,"length":25},"values":{"__id__":41}},{"__type__":"cc.animation.ExoticQuatTrackValues","_values":{"__type__":"TypedArrayRef","ctor":"Float32Array","offset":7000,"length":100},"_isQuantized":null},{"__type__":"cc.animation.ExoticTrack","times":{"__type__":"TypedArrayRef","ctor":"Float32Array","offset":7400,"length":25},"values":{"__id__":43}},{"__type__":"cc.animation.ExoticVec3TrackValues","_values":{"__type__":"TypedArrayRef","ctor":"Float32Array","offset":7500,"length":75},"_isQuantized":null},{"__type__":"cc.animation.ExoticNodeAnimation","_path":"Bip002/Bip002 Pelvis/Bip002 Spine/Bip002 Spine1/Bip002 Neck/Bip002 L Clavicle/Bip002 L UpperArm","_position":{"__id__":45},"_rotation":{"__id__":47},"_scale":{"__id__":49}},{"__type__":"cc.animation.ExoticTrack","times":{"__type__":"TypedArrayRef","ctor":"Float32Array","offset":7800,"length":25},"values":{"__id__":46}},{"__type__":"cc.animation.ExoticVec3TrackValues","_values":{"__type__":"TypedArrayRef","ctor":"Float32Array","offset":7900,"length":75},"_isQuantized":null},{"__type__":"cc.animation.ExoticTrack","times":{"__type__":"TypedArrayRef","ctor":"Float32Array","offset":8200,"length":25},"values":{"__id__":48}},{"__type__":"cc.animation.ExoticQuatTrackValues","_values":{"__type__":"TypedArrayRef","ctor":"Float32Array","offset":8300,"length":100},"_isQuantized":null},{"__type__":"cc.animation.ExoticTrack","times":{"__type__":"TypedArrayRef","ctor":"Float32Array","offset":8700,"length":25},"values":{"__id__":50}},{"__type__":"cc.animation.ExoticVec3TrackValues","_values":{"__type__":"TypedArrayRef","ctor":"Float32Array","offset":8800,"length":75},"_isQuantized":null},{"__type__":"cc.animation.ExoticNodeAnimation","_path":"Bip002/Bip002 Pelvis/Bip002 Spine/Bip002 Spine1/Bip002 Neck/Bip002 L Clavicle/Bip002 L UpperArm/Bip002 L Forearm","_position":{"__id__":52},"_rotation":{"__id__":54},"_scale":{"__id__":56}},{"__type__":"cc.animation.ExoticTrack","times":{"__type__":"TypedArrayRef","ctor":"Float32Array","offset":9100,"length":25},"values":{"__id__":53}},{"__type__":"cc.animation.ExoticVec3TrackValues","_values":{"__type__":"TypedArrayRef","ctor":"Float32Array","offset":9200,"length":75},"_isQuantized":null},{"__type__":"cc.animation.ExoticTrack","times":{"__type__":"TypedArrayRef","ctor":"Float32Array","offset":9500,"length":25},"values":{"__id__":55}},{"__type__":"cc.animation.ExoticQuatTrackValues","_values":{"__type__":"TypedArrayRef","ctor":"Float32Array","offset":9600,"length":100},"_isQuantized":null},{"__type__":"cc.animation.ExoticTrack","times":{"__type__":"TypedArrayRef","ctor":"Float32Array","offset":10000,"length":25},"values":{"__id__":57}},{"__type__":"cc.animation.ExoticVec3TrackValues","_values":{"__type__":"TypedArrayRef","ctor":"Float32Array","offset":10100,"length":75},"_isQuantized":null},{"__type__":"cc.animation.ExoticNodeAnimation","_path":"Bip002/Bip002 Pelvis/Bip002 Spine/Bip002 Spine1/Bip002 Neck/Bip002 L Clavicle/Bip002 L UpperArm/Bip002 L Forearm/Bip002 L Hand","_position":{"__id__":59},"_rotation":{"__id__":61},"_scale":{"__id__":63}},{"__type__":"cc.animation.ExoticTrack","times":{"__type__":"TypedArrayRef","ctor":"Float32Array","offset":10400,"length":25},"values":{"__id__":60}},{"__type__":"cc.animation.ExoticVec3TrackValues","_values":{"__type__":"TypedArrayRef","ctor":"Float32Array","offset":10500,"length":75},"_isQuantized":null},{"__type__":"cc.animation.ExoticTrack","times":{"__type__":"TypedArrayRef","ctor":"Float32Array","offset":10800,"length":25},"values":{"__id__":62}},{"__type__":"cc.animation.ExoticQuatTrackValues","_values":{"__type__":"TypedArrayRef","ctor":"Float32Array","offset":10900,"length":100},"_isQuantized":null},{"__type__":"cc.animation.ExoticTrack","times":{"__type__":"TypedArrayRef","ctor":"Float32Array","offset":11300,"length":25},"values":{"__id__":64}},{"__type__":"cc.animation.ExoticVec3TrackValues","_values":{"__type__":"TypedArrayRef","ctor":"Float32Array","offset":11400,"length":75},"_isQuantized":null},{"__type__":"cc.animation.ExoticNodeAnimation","_path":"Bip002/Bip002 Pelvis/Bip002 Spine/Bip002 Spine1/Bip002 Neck/Bip002 L Clavicle/Bip002 L UpperArm/Bip002 L Forearm/Bip002 L Hand/Bip002 L Finger0","_position":{"__id__":66},"_rotation":{"__id__":68},"_scale":{"__id__":70}},{"__type__":"cc.animation.ExoticTrack","times":{"__type__":"TypedArrayRef","ctor":"Float32Array","offset":11700,"length":25},"values":{"__id__":67}},{"__type__":"cc.animation.ExoticVec3TrackValues","_values":{"__type__":"TypedArrayRef","ctor":"Float32Array","offset":11800,"length":75},"_isQuantized":null},{"__type__":"cc.animation.ExoticTrack","times":{"__type__":"TypedArrayRef","ctor":"Float32Array","offset":12100,"length":25},"values":{"__id__":69}},{"__type__":"cc.animation.ExoticQuatTrackValues","_values":{"__type__":"TypedArrayRef","ctor":"Float32Array","offset":12200,"length":100},"_isQuantized":null},{"__type__":"cc.animation.ExoticTrack","times":{"__type__":"TypedArrayRef","ctor":"Float32Array","offset":12600,"length":25},"values":{"__id__":71}},{"__type__":"cc.animation.ExoticVec3TrackValues","_values":{"__type__":"TypedArrayRef","ctor":"Float32Array","offset":12700,"length":75},"_isQuantized":null},{"__type__":"cc.animation.ExoticNodeAnimation","_path":"Bip002/Bip002 Pelvis/Bip002 Spine/Bip002 Spine1/Bip002 Neck/Bip002 L Clavicle/Bip002 L UpperArm/Bip002 L Forearm/Bip002 L Hand/Bip002 L Finger0/Bip002 L Finger01","_position":{"__id__":73},"_rotation":{"__id__":75},"_scale":{"__id__":77}},{"__type__":"cc.animation.ExoticTrack","times":{"__type__":"TypedArrayRef","ctor":"Float32Array","offset":13000,"length":25},"values":{"__id__":74}},{"__type__":"cc.animation.ExoticVec3TrackValues","_values":{"__type__":"TypedArrayRef","ctor":"Float32Array","offset":13100,"length":75},"_isQuantized":null},{"__type__":"cc.animation.ExoticTrack","times":{"__type__":"TypedArrayRef","ctor":"Float32Array","offset":13400,"length":25},"values":{"__id__":76}},{"__type__":"cc.animation.ExoticQuatTrackValues","_values":{"__type__":"TypedArrayRef","ctor":"Float32Array","offset":13500,"length":100},"_isQuantized":null},{"__type__":"cc.animation.ExoticTrack","times":{"__type__":"TypedArrayRef","ctor":"Float32Array","offset":13900,"length":25},"values":{"__id__":78}},{"__type__":"cc.animation.ExoticVec3TrackValues","_values":{"__type__":"TypedArrayRef","ctor":"Float32Array","offset":14000,"length":75},"_isQuantized":null},{"__type__":"cc.animation.ExoticNodeAnimation","_path":"Bip002/Bip002 Pelvis/Bip002 Spine/Bip002 Spine1/Bip002 Neck/Bip002 L Clavicle/Bip002 L UpperArm/Bip002 L Forearm/Bip002 L Hand/Bip002 L Finger0/Bip002 L Finger01/Bip002 L Finger02","_position":{"__id__":80},"_rotation":{"__id__":82},"_scale":{"__id__":84}},{"__type__":"cc.animation.ExoticTrack","times":{"__type__":"TypedArrayRef","ctor":"Float32Array","offset":14300,"length":25},"values":{"__id__":81}},{"__type__":"cc.animation.ExoticVec3TrackValues","_values":{"__type__":"TypedArrayRef","ctor":"Float32Array","offset":14400,"length":75},"_isQuantized":null},{"__type__":"cc.animation.ExoticTrack","times":{"__type__":"TypedArrayRef","ctor":"Float32Array","offset":14700,"length":25},"values":{"__id__":83}},{"__type__":"cc.animation.ExoticQuatTrackValues","_values":{"__type__":"TypedArrayRef","ctor":"Float32Array","offset":14800,"length":100},"_isQuantized":null},{"__type__":"cc.animation.ExoticTrack","times":{"__type__":"TypedArrayRef","ctor":"Float32Array","offset":15200,"length":25},"values":{"__id__":85}},{"__type__":"cc.animation.ExoticVec3TrackValues","_values":{"__type__":"TypedArrayRef","ctor":"Float32Array","offset":15300,"length":75},"_isQuantized":null},{"__type__":"cc.animation.ExoticNodeAnimation","_path":"Bip002/Bip002 Pelvis/Bip002 Spine/Bip002 Spine1/Bip002 Neck/Bip002 L Clavicle/Bip002 L UpperArm/Bip002 L Forearm/Bip002 L Hand/Bip002 L Finger1","_position":{"__id__":87},"_rotation":{"__id__":89},"_scale":{"__id__":91}},{"__type__":"cc.animation.ExoticTrack","times":{"__type__":"TypedArrayRef","ctor":"Float32Array","offset":15600,"length":25},"values":{"__id__":88}},{"__type__":"cc.animation.ExoticVec3TrackValues","_values":{"__type__":"TypedArrayRef","ctor":"Float32Array","offset":15700,"length":75},"_isQuantized":null},{"__type__":"cc.animation.ExoticTrack","times":{"__type__":"TypedArrayRef","ctor":"Float32Array","offset":16000,"length":25},"values":{"__id__":90}},{"__type__":"cc.animation.ExoticQuatTrackValues","_values":{"__type__":"TypedArrayRef","ctor":"Float32Array","offset":16100,"length":100},"_isQuantized":null},{"__type__":"cc.animation.ExoticTrack","times":{"__type__":"TypedArrayRef","ctor":"Float32Array","offset":16500,"length":25},"values":{"__id__":92}},{"__type__":"cc.animation.ExoticVec3TrackValues","_values":{"__type__":"TypedArrayRef","ctor":"Float32Array","offset":16600,"length":75},"_isQuantized":null},{"__type__":"cc.animation.ExoticNodeAnimation","_path":"Bip002/Bip002 Pelvis/Bip002 Spine/Bip002 Spine1/Bip002 Neck/Bip002 L Clavicle/Bip002 L UpperArm/Bip002 L Forearm/Bip002 L Hand/Bip002 L Finger1/Bip002 L Finger11","_position":{"__id__":94},"_rotation":{"__id__":96},"_scale":{"__id__":98}},{"__type__":"cc.animation.ExoticTrack","times":{"__type__":"TypedArrayRef","ctor":"Float32Array","offset":16900,"length":25},"values":{"__id__":95}},{"__type__":"cc.animation.ExoticVec3TrackValues","_values":{"__type__":"TypedArrayRef","ctor":"Float32Array","offset":17000,"length":75},"_isQuantized":null},{"__type__":"cc.animation.ExoticTrack","times":{"__type__":"TypedArrayRef","ctor":"Float32Array","offset":17300,"length":25},"values":{"__id__":97}},{"__type__":"cc.animation.ExoticQuatTrackValues","_values":{"__type__":"TypedArrayRef","ctor":"Float32Array","offset":17400,"length":100},"_isQuantized":null},{"__type__":"cc.animation.ExoticTrack","times":{"__type__":"TypedArrayRef","ctor":"Float32Array","offset":17800,"length":25},"values":{"__id__":99}},{"__type__":"cc.animation.ExoticVec3TrackValues","_values":{"__type__":"TypedArrayRef","ctor":"Float32Array","offset":17900,"length":75},"_isQuantized":null},{"__type__":"cc.animation.ExoticNodeAnimation","_path":"Bip002/Bip002 Pelvis/Bip002 Spine/Bip002 Spine1/Bip002 Neck/Bip002 L Clavicle/Bip002 L UpperArm/Bip002 L Forearm/Bip002 L Hand/Bip002 L Finger1/Bip002 L Finger11/Bip002 L Finger12","_position":{"__id__":101},"_rotation":{"__id__":103},"_scale":{"__id__":105}},{"__type__":"cc.animation.ExoticTrack","times":{"__type__":"TypedArrayRef","ctor":"Float32Array","offset":18200,"length":25},"values":{"__id__":102}},{"__type__":"cc.animation.ExoticVec3TrackValues","_values":{"__type__":"TypedArrayRef","ctor":"Float32Array","offset":18300,"length":75},"_isQuantized":null},{"__type__":"cc.animation.ExoticTrack","times":{"__type__":"TypedArrayRef","ctor":"Float32Array","offset":18600,"length":25},"values":{"__id__":104}},{"__type__":"cc.animation.ExoticQuatTrackValues","_values":{"__type__":"TypedArrayRef","ctor":"Float32Array","offset":18700,"length":100},"_isQuantized":null},{"__type__":"cc.animation.ExoticTrack","times":{"__type__":"TypedArrayRef","ctor":"Float32Array","offset":19100,"length":25},"values":{"__id__":106}},{"__type__":"cc.animation.ExoticVec3TrackValues","_values":{"__type__":"TypedArrayRef","ctor":"Float32Array","offset":19200,"length":75},"_isQuantized":null},{"__type__":"cc.animation.ExoticNodeAnimation","_path":"Bip002/Bip002 Pelvis/Bip002 Spine/Bip002 Spine1/Bip002 Neck/Bip002 L Clavicle/Bip002 L UpperArm/Bip002 L Forearm/Bip002 L Hand/Bip002 L Finger2","_position":{"__id__":108},"_rotation":{"__id__":110},"_scale":{"__id__":112}},{"__type__":"cc.animation.ExoticTrack","times":{"__type__":"TypedArrayRef","ctor":"Float32Array","offset":19500,"length":25},"values":{"__id__":109}},{"__type__":"cc.animation.ExoticVec3TrackValues","_values":{"__type__":"TypedArrayRef","ctor":"Float32Array","offset":19600,"length":75},"_isQuantized":null},{"__type__":"cc.animation.ExoticTrack","times":{"__type__":"TypedArrayRef","ctor":"Float32Array","offset":19900,"length":25},"values":{"__id__":111}},{"__type__":"cc.animation.ExoticQuatTrackValues","_values":{"__type__":"TypedArrayRef","ctor":"Float32Array","offset":20000,"length":100},"_isQuantized":null},{"__type__":"cc.animation.ExoticTrack","times":{"__type__":"TypedArrayRef","ctor":"Float32Array","offset":20400,"length":25},"values":{"__id__":113}},{"__type__":"cc.animation.ExoticVec3TrackValues","_values":{"__type__":"TypedArrayRef","ctor":"Float32Array","offset":20500,"length":75},"_isQuantized":null},{"__type__":"cc.animation.ExoticNodeAnimation","_path":"Bip002/Bip002 Pelvis/Bip002 Spine/Bip002 Spine1/Bip002 Neck/Bip002 L Clavicle/Bip002 L UpperArm/Bip002 L Forearm/Bip002 L Hand/Bip002 L Finger2/Bip002 L Finger21","_position":{"__id__":115},"_rotation":{"__id__":117},"_scale":{"__id__":119}},{"__type__":"cc.animation.ExoticTrack","times":{"__type__":"TypedArrayRef","ctor":"Float32Array","offset":20800,"length":25},"values":{"__id__":116}},{"__type__":"cc.animation.ExoticVec3TrackValues","_values":{"__type__":"TypedArrayRef","ctor":"Float32Array","offset":20900,"length":75},"_isQuantized":null},{"__type__":"cc.animation.ExoticTrack","times":{"__type__":"TypedArrayRef","ctor":"Float32Array","offset":21200,"length":25},"values":{"__id__":118}},{"__type__":"cc.animation.ExoticQuatTrackValues","_values":{"__type__":"TypedArrayRef","ctor":"Float32Array","offset":21300,"length":100},"_isQuantized":null},{"__type__":"cc.animation.ExoticTrack","times":{"__type__":"TypedArrayRef","ctor":"Float32Array","offset":21700,"length":25},"values":{"__id__":120}},{"__type__":"cc.animation.ExoticVec3TrackValues","_values":{"__type__":"TypedArrayRef","ctor":"Float32Array","offset":21800,"length":75},"_isQuantized":null},{"__type__":"cc.animation.ExoticNodeAnimation","_path":"Bip002/Bip002 Pelvis/Bip002 Spine/Bip002 Spine1/Bip002 Neck/Bip002 L Clavicle/Bip002 L UpperArm/Bip002 L Forearm/Bip002 L Hand/Bip002 L Finger2/Bip002 L Finger21/Bip002 L Finger22","_position":{"__id__":122},"_rotation":{"__id__":124},"_scale":{"__id__":126}},{"__type__":"cc.animation.ExoticTrack","times":{"__type__":"TypedArrayRef","ctor":"Float32Array","offset":22100,"length":25},"values":{"__id__":123}},{"__type__":"cc.animation.ExoticVec3TrackValues","_values":{"__type__":"TypedArrayRef","ctor":"Float32Array","offset":22200,"length":75},"_isQuantized":null},{"__type__":"cc.animation.ExoticTrack","times":{"__type__":"TypedArrayRef","ctor":"Float32Array","offset":22500,"length":25},"values":{"__id__":125}},{"__type__":"cc.animation.ExoticQuatTrackValues","_values":{"__type__":"TypedArrayRef","ctor":"Float32Array","offset":22600,"length":100},"_isQuantized":null},{"__type__":"cc.animation.ExoticTrack","times":{"__type__":"TypedArrayRef","ctor":"Float32Array","offset":23000,"length":25},"values":{"__id__":127}},{"__type__":"cc.animation.ExoticVec3TrackValues","_values":{"__type__":"TypedArrayRef","ctor":"Float32Array","offset":23100,"length":75},"_isQuantized":null},{"__type__":"cc.animation.ExoticNodeAnimation","_path":"Bip002/Bip002 Pelvis/Bip002 Spine/Bip002 Spine1/Bip002 Neck/Bip002 L Clavicle/Bip002 L UpperArm/Bip002 L Forearm/Bip002 L Hand/Bip002 L Finger3","_position":{"__id__":129},"_rotation":{"__id__":131},"_scale":{"__id__":133}},{"__type__":"cc.animation.ExoticTrack","times":{"__type__":"TypedArrayRef","ctor":"Float32Array","offset":23400,"length":25},"values":{"__id__":130}},{"__type__":"cc.animation.ExoticVec3TrackValues","_values":{"__type__":"TypedArrayRef","ctor":"Float32Array","offset":23500,"length":75},"_isQuantized":null},{"__type__":"cc.animation.ExoticTrack","times":{"__type__":"TypedArrayRef","ctor":"Float32Array","offset":23800,"length":25},"values":{"__id__":132}},{"__type__":"cc.animation.ExoticQuatTrackValues","_values":{"__type__":"TypedArrayRef","ctor":"Float32Array","offset":23900,"length":100},"_isQuantized":null},{"__type__":"cc.animation.ExoticTrack","times":{"__type__":"TypedArrayRef","ctor":"Float32Array","offset":24300,"length":25},"values":{"__id__":134}},{"__type__":"cc.animation.ExoticVec3TrackValues","_values":{"__type__":"TypedArrayRef","ctor":"Float32Array","offset":24400,"length":75},"_isQuantized":null},{"__type__":"cc.animation.ExoticNodeAnimation","_path":"Bip002/Bip002 Pelvis/Bip002 Spine/Bip002 Spine1/Bip002 Neck/Bip002 L Clavicle/Bip002 L UpperArm/Bip002 L Forearm/Bip002 L Hand/Bip002 L Finger3/Bip002 L Finger31","_position":{"__id__":136},"_rotation":{"__id__":138},"_scale":{"__id__":140}},{"__type__":"cc.animation.ExoticTrack","times":{"__type__":"TypedArrayRef","ctor":"Float32Array","offset":24700,"length":25},"values":{"__id__":137}},{"__type__":"cc.animation.ExoticVec3TrackValues","_values":{"__type__":"TypedArrayRef","ctor":"Float32Array","offset":24800,"length":75},"_isQuantized":null},{"__type__":"cc.animation.ExoticTrack","times":{"__type__":"TypedArrayRef","ctor":"Float32Array","offset":25100,"length":25},"values":{"__id__":139}},{"__type__":"cc.animation.ExoticQuatTrackValues","_values":{"__type__":"TypedArrayRef","ctor":"Float32Array","offset":25200,"length":100},"_isQuantized":null},{"__type__":"cc.animation.ExoticTrack","times":{"__type__":"TypedArrayRef","ctor":"Float32Array","offset":25600,"length":25},"values":{"__id__":141}},{"__type__":"cc.animation.ExoticVec3TrackValues","_values":{"__type__":"TypedArrayRef","ctor":"Float32Array","offset":25700,"length":75},"_isQuantized":null},{"__type__":"cc.animation.ExoticNodeAnimation","_path":"Bip002/Bip002 Pelvis/Bip002 Spine/Bip002 Spine1/Bip002 Neck/Bip002 L Clavicle/Bip002 L UpperArm/Bip002 L Forearm/Bip002 L Hand/Bip002 L Finger3/Bip002 L Finger31/Bip002 L Finger32","_position":{"__id__":143},"_rotation":{"__id__":145},"_scale":{"__id__":147}},{"__type__":"cc.animation.ExoticTrack","times":{"__type__":"TypedArrayRef","ctor":"Float32Array","offset":26000,"length":25},"values":{"__id__":144}},{"__type__":"cc.animation.ExoticVec3TrackValues","_values":{"__type__":"TypedArrayRef","ctor":"Float32Array","offset":26100,"length":75},"_isQuantized":null},{"__type__":"cc.animation.ExoticTrack","times":{"__type__":"TypedArrayRef","ctor":"Float32Array","offset":26400,"length":25},"values":{"__id__":146}},{"__type__":"cc.animation.ExoticQuatTrackValues","_values":{"__type__":"TypedArrayRef","ctor":"Float32Array","offset":26500,"length":100},"_isQuantized":null},{"__type__":"cc.animation.ExoticTrack","times":{"__type__":"TypedArrayRef","ctor":"Float32Array","offset":26900,"length":25},"values":{"__id__":148}},{"__type__":"cc.animation.ExoticVec3TrackValues","_values":{"__type__":"TypedArrayRef","ctor":"Float32Array","offset":27000,"length":75},"_isQuantized":null},{"__type__":"cc.animation.ExoticNodeAnimation","_path":"Bip002/Bip002 Pelvis/Bip002 Spine/Bip002 Spine1/Bip002 Neck/Bip002 L Clavicle/Bip002 L UpperArm/Bip002 L Forearm/Bip002 L Hand/Bip002 L Finger4","_position":{"__id__":150},"_rotation":{"__id__":152},"_scale":{"__id__":154}},{"__type__":"cc.animation.ExoticTrack","times":{"__type__":"TypedArrayRef","ctor":"Float32Array","offset":27300,"length":25},"values":{"__id__":151}},{"__type__":"cc.animation.ExoticVec3TrackValues","_values":{"__type__":"TypedArrayRef","ctor":"Float32Array","offset":27400,"length":75},"_isQuantized":null},{"__type__":"cc.animation.ExoticTrack","times":{"__type__":"TypedArrayRef","ctor":"Float32Array","offset":27700,"length":25},"values":{"__id__":153}},{"__type__":"cc.animation.ExoticQuatTrackValues","_values":{"__type__":"TypedArrayRef","ctor":"Float32Array","offset":27800,"length":100},"_isQuantized":null},{"__type__":"cc.animation.ExoticTrack","times":{"__type__":"TypedArrayRef","ctor":"Float32Array","offset":28200,"length":25},"values":{"__id__":155}},{"__type__":"cc.animation.ExoticVec3TrackValues","_values":{"__type__":"TypedArrayRef","ctor":"Float32Array","offset":28300,"length":75},"_isQuantized":null},{"__type__":"cc.animation.ExoticNodeAnimation","_path":"Bip002/Bip002 Pelvis/Bip002 Spine/Bip002 Spine1/Bip002 Neck/Bip002 L Clavicle/Bip002 L UpperArm/Bip002 L Forearm/Bip002 L Hand/Bip002 L Finger4/Bip002 L Finger41","_position":{"__id__":157},"_rotation":{"__id__":159},"_scale":{"__id__":161}},{"__type__":"cc.animation.ExoticTrack","times":{"__type__":"TypedArrayRef","ctor":"Float32Array","offset":28600,"length":25},"values":{"__id__":158}},{"__type__":"cc.animation.ExoticVec3TrackValues","_values":{"__type__":"TypedArrayRef","ctor":"Float32Array","offset":28700,"length":75},"_isQuantized":null},{"__type__":"cc.animation.ExoticTrack","times":{"__type__":"TypedArrayRef","ctor":"Float32Array","offset":29000,"length":25},"values":{"__id__":160}},{"__type__":"cc.animation.ExoticQuatTrackValues","_values":{"__type__":"TypedArrayRef","ctor":"Float32Array","offset":29100,"length":100},"_isQuantized":null},{"__type__":"cc.animation.ExoticTrack","times":{"__type__":"TypedArrayRef","ctor":"Float32Array","offset":29500,"length":25},"values":{"__id__":162}},{"__type__":"cc.animation.ExoticVec3TrackValues","_values":{"__type__":"TypedArrayRef","ctor":"Float32Array","offset":29600,"length":75},"_isQuantized":null},{"__type__":"cc.animation.ExoticNodeAnimation","_path":"Bip002/Bip002 Pelvis/Bip002 Spine/Bip002 Spine1/Bip002 Neck/Bip002 L Clavicle/Bip002 L UpperArm/Bip002 L Forearm/Bip002 L Hand/Bip002 L Finger4/Bip002 L Finger41/Bip002 L Finger42","_position":{"__id__":164},"_rotation":{"__id__":166},"_scale":{"__id__":168}},{"__type__":"cc.animation.ExoticTrack","times":{"__type__":"TypedArrayRef","ctor":"Float32Array","offset":29900,"length":25},"values":{"__id__":165}},{"__type__":"cc.animation.ExoticVec3TrackValues","_values":{"__type__":"TypedArrayRef","ctor":"Float32Array","offset":30000,"length":75},"_isQuantized":null},{"__type__":"cc.animation.ExoticTrack","times":{"__type__":"TypedArrayRef","ctor":"Float32Array","offset":30300,"length":25},"values":{"__id__":167}},{"__type__":"cc.animation.ExoticQuatTrackValues","_values":{"__type__":"TypedArrayRef","ctor":"Float32Array","offset":30400,"length":100},"_isQuantized":null},{"__type__":"cc.animation.ExoticTrack","times":{"__type__":"TypedArrayRef","ctor":"Float32Array","offset":30800,"length":25},"values":{"__id__":169}},{"__type__":"cc.animation.ExoticVec3TrackValues","_values":{"__type__":"TypedArrayRef","ctor":"Float32Array","offset":30900,"length":75},"_isQuantized":null},{"__type__":"cc.animation.ExoticNodeAnimation","_path":"Bip002/Bip002 Pelvis/Bip002 Spine/Bip002 Spine1/Bip002 Neck/Bip002 R Clavicle","_position":{"__id__":171},"_rotation":{"__id__":173},"_scale":{"__id__":175}},{"__type__":"cc.animation.ExoticTrack","times":{"__type__":"TypedArrayRef","ctor":"Float32Array","offset":31200,"length":25},"values":{"__id__":172}},{"__type__":"cc.animation.ExoticVec3TrackValues","_values":{"__type__":"TypedArrayRef","ctor":"Float32Array","offset":31300,"length":75},"_isQuantized":null},{"__type__":"cc.animation.ExoticTrack","times":{"__type__":"TypedArrayRef","ctor":"Float32Array","offset":31600,"length":25},"values":{"__id__":174}},{"__type__":"cc.animation.ExoticQuatTrackValues","_values":{"__type__":"TypedArrayRef","ctor":"Float32Array","offset":31700,"length":100},"_isQuantized":null},{"__type__":"cc.animation.ExoticTrack","times":{"__type__":"TypedArrayRef","ctor":"Float32Array","offset":32100,"length":25},"values":{"__id__":176}},{"__type__":"cc.animation.ExoticVec3TrackValues","_values":{"__type__":"TypedArrayRef","ctor":"Float32Array","offset":32200,"length":75},"_isQuantized":null},{"__type__":"cc.animation.ExoticNodeAnimation","_path":"Bip002/Bip002 Pelvis/Bip002 Spine/Bip002 Spine1/Bip002 Neck/Bip002 R Clavicle/Bip002 R UpperArm","_position":{"__id__":178},"_rotation":{"__id__":180},"_scale":{"__id__":182}},{"__type__":"cc.animation.ExoticTrack","times":{"__type__":"TypedArrayRef","ctor":"Float32Array","offset":32500,"length":25},"values":{"__id__":179}},{"__type__":"cc.animation.ExoticVec3TrackValues","_values":{"__type__":"TypedArrayRef","ctor":"Float32Array","offset":32600,"length":75},"_isQuantized":null},{"__type__":"cc.animation.ExoticTrack","times":{"__type__":"TypedArrayRef","ctor":"Float32Array","offset":32900,"length":25},"values":{"__id__":181}},{"__type__":"cc.animation.ExoticQuatTrackValues","_values":{"__type__":"TypedArrayRef","ctor":"Float32Array","offset":33000,"length":100},"_isQuantized":null},{"__type__":"cc.animation.ExoticTrack","times":{"__type__":"TypedArrayRef","ctor":"Float32Array","offset":33400,"length":25},"values":{"__id__":183}},{"__type__":"cc.animation.ExoticVec3TrackValues","_values":{"__type__":"TypedArrayRef","ctor":"Float32Array","offset":33500,"length":75},"_isQuantized":null},{"__type__":"cc.animation.ExoticNodeAnimation","_path":"Bip002/Bip002 Pelvis/Bip002 Spine/Bip002 Spine1/Bip002 Neck/Bip002 R Clavicle/Bip002 R UpperArm/Bip002 R Forearm","_position":{"__id__":185},"_rotation":{"__id__":187},"_scale":{"__id__":189}},{"__type__":"cc.animation.ExoticTrack","times":{"__type__":"TypedArrayRef","ctor":"Float32Array","offset":33800,"length":25},"values":{"__id__":186}},{"__type__":"cc.animation.ExoticVec3TrackValues","_values":{"__type__":"TypedArrayRef","ctor":"Float32Array","offset":33900,"length":75},"_isQuantized":null},{"__type__":"cc.animation.ExoticTrack","times":{"__type__":"TypedArrayRef","ctor":"Float32Array","offset":34200,"length":25},"values":{"__id__":188}},{"__type__":"cc.animation.ExoticQuatTrackValues","_values":{"__type__":"TypedArrayRef","ctor":"Float32Array","offset":34300,"length":100},"_isQuantized":null},{"__type__":"cc.animation.ExoticTrack","times":{"__type__":"TypedArrayRef","ctor":"Float32Array","offset":34700,"length":25},"values":{"__id__":190}},{"__type__":"cc.animation.ExoticVec3TrackValues","_values":{"__type__":"TypedArrayRef","ctor":"Float32Array","offset":34800,"length":75},"_isQuantized":null},{"__type__":"cc.animation.ExoticNodeAnimation","_path":"Bip002/Bip002 Pelvis/Bip002 Spine/Bip002 Spine1/Bip002 Neck/Bip002 R Clavicle/Bip002 R UpperArm/Bip002 R Forearm/Bip002 R Hand","_position":{"__id__":192},"_rotation":{"__id__":194},"_scale":{"__id__":196}},{"__type__":"cc.animation.ExoticTrack","times":{"__type__":"TypedArrayRef","ctor":"Float32Array","offset":35100,"length":25},"values":{"__id__":193}},{"__type__":"cc.animation.ExoticVec3TrackValues","_values":{"__type__":"TypedArrayRef","ctor":"Float32Array","offset":35200,"length":75},"_isQuantized":null},{"__type__":"cc.animation.ExoticTrack","times":{"__type__":"TypedArrayRef","ctor":"Float32Array","offset":35500,"length":25},"values":{"__id__":195}},{"__type__":"cc.animation.ExoticQuatTrackValues","_values":{"__type__":"TypedArrayRef","ctor":"Float32Array","offset":35600,"length":100},"_isQuantized":null},{"__type__":"cc.animation.ExoticTrack","times":{"__type__":"TypedArrayRef","ctor":"Float32Array","offset":36000,"length":25},"values":{"__id__":197}},{"__type__":"cc.animation.ExoticVec3TrackValues","_values":{"__type__":"TypedArrayRef","ctor":"Float32Array","offset":36100,"length":75},"_isQuantized":null},{"__type__":"cc.animation.ExoticNodeAnimation","_path":"Bip002/Bip002 Pelvis/Bip002 Spine/Bip002 Spine1/Bip002 Neck/Bip002 R Clavicle/Bip002 R UpperArm/Bip002 R Forearm/Bip002 R Hand/Bip002 R Finger0","_position":{"__id__":199},"_rotation":{"__id__":201},"_scale":{"__id__":203}},{"__type__":"cc.animation.ExoticTrack","times":{"__type__":"TypedArrayRef","ctor":"Float32Array","offset":36400,"length":25},"values":{"__id__":200}},{"__type__":"cc.animation.ExoticVec3TrackValues","_values":{"__type__":"TypedArrayRef","ctor":"Float32Array","offset":36500,"length":75},"_isQuantized":null},{"__type__":"cc.animation.ExoticTrack","times":{"__type__":"TypedArrayRef","ctor":"Float32Array","offset":36800,"length":25},"values":{"__id__":202}},{"__type__":"cc.animation.ExoticQuatTrackValues","_values":{"__type__":"TypedArrayRef","ctor":"Float32Array","offset":36900,"length":100},"_isQuantized":null},{"__type__":"cc.animation.ExoticTrack","times":{"__type__":"TypedArrayRef","ctor":"Float32Array","offset":37300,"length":25},"values":{"__id__":204}},{"__type__":"cc.animation.ExoticVec3TrackValues","_values":{"__type__":"TypedArrayRef","ctor":"Float32Array","offset":37400,"length":75},"_isQuantized":null},{"__type__":"cc.animation.ExoticNodeAnimation","_path":"Bip002/Bip002 Pelvis/Bip002 Spine/Bip002 Spine1/Bip002 Neck/Bip002 R Clavicle/Bip002 R UpperArm/Bip002 R Forearm/Bip002 R Hand/Bip002 R Finger0/Bip002 R Finger01","_position":{"__id__":206},"_rotation":{"__id__":208},"_scale":{"__id__":210}},{"__type__":"cc.animation.ExoticTrack","times":{"__type__":"TypedArrayRef","ctor":"Float32Array","offset":37700,"length":25},"values":{"__id__":207}},{"__type__":"cc.animation.ExoticVec3TrackValues","_values":{"__type__":"TypedArrayRef","ctor":"Float32Array","offset":37800,"length":75},"_isQuantized":null},{"__type__":"cc.animation.ExoticTrack","times":{"__type__":"TypedArrayRef","ctor":"Float32Array","offset":38100,"length":25},"values":{"__id__":209}},{"__type__":"cc.animation.ExoticQuatTrackValues","_values":{"__type__":"TypedArrayRef","ctor":"Float32Array","offset":38200,"length":100},"_isQuantized":null},{"__type__":"cc.animation.ExoticTrack","times":{"__type__":"TypedArrayRef","ctor":"Float32Array","offset":38600,"length":25},"values":{"__id__":211}},{"__type__":"cc.animation.ExoticVec3TrackValues","_values":{"__type__":"TypedArrayRef","ctor":"Float32Array","offset":38700,"length":75},"_isQuantized":null},{"__type__":"cc.animation.ExoticNodeAnimation","_path":"Bip002/Bip002 Pelvis/Bip002 Spine/Bip002 Spine1/Bip002 Neck/Bip002 R Clavicle/Bip002 R UpperArm/Bip002 R Forearm/Bip002 R Hand/Bip002 R Finger0/Bip002 R Finger01/Bip002 R Finger02","_position":{"__id__":213},"_rotation":{"__id__":215},"_scale":{"__id__":217}},{"__type__":"cc.animation.ExoticTrack","times":{"__type__":"TypedArrayRef","ctor":"Float32Array","offset":39000,"length":25},"values":{"__id__":214}},{"__type__":"cc.animation.ExoticVec3TrackValues","_values":{"__type__":"TypedArrayRef","ctor":"Float32Array","offset":39100,"length":75},"_isQuantized":null},{"__type__":"cc.animation.ExoticTrack","times":{"__type__":"TypedArrayRef","ctor":"Float32Array","offset":39400,"length":25},"values":{"__id__":216}},{"__type__":"cc.animation.ExoticQuatTrackValues","_values":{"__type__":"TypedArrayRef","ctor":"Float32Array","offset":39500,"length":100},"_isQuantized":null},{"__type__":"cc.animation.ExoticTrack","times":{"__type__":"TypedArrayRef","ctor":"Float32Array","offset":39900,"length":25},"values":{"__id__":218}},{"__type__":"cc.animation.ExoticVec3TrackValues","_values":{"__type__":"TypedArrayRef","ctor":"Float32Array","offset":40000,"length":75},"_isQuantized":null},{"__type__":"cc.animation.ExoticNodeAnimation","_path":"Bip002/Bip002 Pelvis/Bip002 Spine/Bip002 Spine1/Bip002 Neck/Bip002 R Clavicle/Bip002 R UpperArm/Bip002 R Forearm/Bip002 R Hand/Bip002 R Finger1","_position":{"__id__":220},"_rotation":{"__id__":222},"_scale":{"__id__":224}},{"__type__":"cc.animation.ExoticTrack","times":{"__type__":"TypedArrayRef","ctor":"Float32Array","offset":40300,"length":25},"values":{"__id__":221}},{"__type__":"cc.animation.ExoticVec3TrackValues","_values":{"__type__":"TypedArrayRef","ctor":"Float32Array","offset":40400,"length":75},"_isQuantized":null},{"__type__":"cc.animation.ExoticTrack","times":{"__type__":"TypedArrayRef","ctor":"Float32Array","offset":40700,"length":25},"values":{"__id__":223}},{"__type__":"cc.animation.ExoticQuatTrackValues","_values":{"__type__":"TypedArrayRef","ctor":"Float32Array","offset":40800,"length":100},"_isQuantized":null},{"__type__":"cc.animation.ExoticTrack","times":{"__type__":"TypedArrayRef","ctor":"Float32Array","offset":41200,"length":25},"values":{"__id__":225}},{"__type__":"cc.animation.ExoticVec3TrackValues","_values":{"__type__":"TypedArrayRef","ctor":"Float32Array","offset":41300,"length":75},"_isQuantized":null},{"__type__":"cc.animation.ExoticNodeAnimation","_path":"Bip002/Bip002 Pelvis/Bip002 Spine/Bip002 Spine1/Bip002 Neck/Bip002 R Clavicle/Bip002 R UpperArm/Bip002 R Forearm/Bip002 R Hand/Bip002 R Finger1/Bip002 R Finger11","_position":{"__id__":227},"_rotation":{"__id__":229},"_scale":{"__id__":231}},{"__type__":"cc.animation.ExoticTrack","times":{"__type__":"TypedArrayRef","ctor":"Float32Array","offset":41600,"length":25},"values":{"__id__":228}},{"__type__":"cc.animation.ExoticVec3TrackValues","_values":{"__type__":"TypedArrayRef","ctor":"Float32Array","offset":41700,"length":75},"_isQuantized":null},{"__type__":"cc.animation.ExoticTrack","times":{"__type__":"TypedArrayRef","ctor":"Float32Array","offset":42000,"length":25},"values":{"__id__":230}},{"__type__":"cc.animation.ExoticQuatTrackValues","_values":{"__type__":"TypedArrayRef","ctor":"Float32Array","offset":42100,"length":100},"_isQuantized":null},{"__type__":"cc.animation.ExoticTrack","times":{"__type__":"TypedArrayRef","ctor":"Float32Array","offset":42500,"length":25},"values":{"__id__":232}},{"__type__":"cc.animation.ExoticVec3TrackValues","_values":{"__type__":"TypedArrayRef","ctor":"Float32Array","offset":42600,"length":75},"_isQuantized":null},{"__type__":"cc.animation.ExoticNodeAnimation","_path":"Bip002/Bip002 Pelvis/Bip002 Spine/Bip002 Spine1/Bip002 Neck/Bip002 R Clavicle/Bip002 R UpperArm/Bip002 R Forearm/Bip002 R Hand/Bip002 R Finger1/Bip002 R Finger11/Bip002 R Finger12","_position":{"__id__":234},"_rotation":{"__id__":236},"_scale":{"__id__":238}},{"__type__":"cc.animation.ExoticTrack","times":{"__type__":"TypedArrayRef","ctor":"Float32Array","offset":42900,"length":25},"values":{"__id__":235}},{"__type__":"cc.animation.ExoticVec3TrackValues","_values":{"__type__":"TypedArrayRef","ctor":"Float32Array","offset":43000,"length":75},"_isQuantized":null},{"__type__":"cc.animation.ExoticTrack","times":{"__type__":"TypedArrayRef","ctor":"Float32Array","offset":43300,"length":25},"values":{"__id__":237}},{"__type__":"cc.animation.ExoticQuatTrackValues","_values":{"__type__":"TypedArrayRef","ctor":"Float32Array","offset":43400,"length":100},"_isQuantized":null},{"__type__":"cc.animation.ExoticTrack","times":{"__type__":"TypedArrayRef","ctor":"Float32Array","offset":43800,"length":25},"values":{"__id__":239}},{"__type__":"cc.animation.ExoticVec3TrackValues","_values":{"__type__":"TypedArrayRef","ctor":"Float32Array","offset":43900,"length":75},"_isQuantized":null},{"__type__":"cc.animation.ExoticNodeAnimation","_path":"Bip002/Bip002 Pelvis/Bip002 Spine/Bip002 Spine1/Bip002 Neck/Bip002 R Clavicle/Bip002 R UpperArm/Bip002 R Forearm/Bip002 R Hand/Bip002 R Finger2","_position":{"__id__":241},"_rotation":{"__id__":243},"_scale":{"__id__":245}},{"__type__":"cc.animation.ExoticTrack","times":{"__type__":"TypedArrayRef","ctor":"Float32Array","offset":44200,"length":25},"values":{"__id__":242}},{"__type__":"cc.animation.ExoticVec3TrackValues","_values":{"__type__":"TypedArrayRef","ctor":"Float32Array","offset":44300,"length":75},"_isQuantized":null},{"__type__":"cc.animation.ExoticTrack","times":{"__type__":"TypedArrayRef","ctor":"Float32Array","offset":44600,"length":25},"values":{"__id__":244}},{"__type__":"cc.animation.ExoticQuatTrackValues","_values":{"__type__":"TypedArrayRef","ctor":"Float32Array","offset":44700,"length":100},"_isQuantized":null},{"__type__":"cc.animation.ExoticTrack","times":{"__type__":"TypedArrayRef","ctor":"Float32Array","offset":45100,"length":25},"values":{"__id__":246}},{"__type__":"cc.animation.ExoticVec3TrackValues","_values":{"__type__":"TypedArrayRef","ctor":"Float32Array","offset":45200,"length":75},"_isQuantized":null},{"__type__":"cc.animation.ExoticNodeAnimation","_path":"Bip002/Bip002 Pelvis/Bip002 Spine/Bip002 Spine1/Bip002 Neck/Bip002 R Clavicle/Bip002 R UpperArm/Bip002 R Forearm/Bip002 R Hand/Bip002 R Finger2/Bip002 R Finger21","_position":{"__id__":248},"_rotation":{"__id__":250},"_scale":{"__id__":252}},{"__type__":"cc.animation.ExoticTrack","times":{"__type__":"TypedArrayRef","ctor":"Float32Array","offset":45500,"length":25},"values":{"__id__":249}},{"__type__":"cc.animation.ExoticVec3TrackValues","_values":{"__type__":"TypedArrayRef","ctor":"Float32Array","offset":45600,"length":75},"_isQuantized":null},{"__type__":"cc.animation.ExoticTrack","times":{"__type__":"TypedArrayRef","ctor":"Float32Array","offset":45900,"length":25},"values":{"__id__":251}},{"__type__":"cc.animation.ExoticQuatTrackValues","_values":{"__type__":"TypedArrayRef","ctor":"Float32Array","offset":46000,"length":100},"_isQuantized":null},{"__type__":"cc.animation.ExoticTrack","times":{"__type__":"TypedArrayRef","ctor":"Float32Array","offset":46400,"length":25},"values":{"__id__":253}},{"__type__":"cc.animation.ExoticVec3TrackValues","_values":{"__type__":"TypedArrayRef","ctor":"Float32Array","offset":46500,"length":75},"_isQuantized":null},{"__type__":"cc.animation.ExoticNodeAnimation","_path":"Bip002/Bip002 Pelvis/Bip002 Spine/Bip002 Spine1/Bip002 Neck/Bip002 R Clavicle/Bip002 R UpperArm/Bip002 R Forearm/Bip002 R Hand/Bip002 R Finger2/Bip002 R Finger21/Bip002 R Finger22","_position":{"__id__":255},"_rotation":{"__id__":257},"_scale":{"__id__":259}},{"__type__":"cc.animation.ExoticTrack","times":{"__type__":"TypedArrayRef","ctor":"Float32Array","offset":46800,"length":25},"values":{"__id__":256}},{"__type__":"cc.animation.ExoticVec3TrackValues","_values":{"__type__":"TypedArrayRef","ctor":"Float32Array","offset":46900,"length":75},"_isQuantized":null},{"__type__":"cc.animation.ExoticTrack","times":{"__type__":"TypedArrayRef","ctor":"Float32Array","offset":47200,"length":25},"values":{"__id__":258}},{"__type__":"cc.animation.ExoticQuatTrackValues","_values":{"__type__":"TypedArrayRef","ctor":"Float32Array","offset":47300,"length":100},"_isQuantized":null},{"__type__":"cc.animation.ExoticTrack","times":{"__type__":"TypedArrayRef","ctor":"Float32Array","offset":47700,"length":25},"values":{"__id__":260}},{"__type__":"cc.animation.ExoticVec3TrackValues","_values":{"__type__":"TypedArrayRef","ctor":"Float32Array","offset":47800,"length":75},"_isQuantized":null},{"__type__":"cc.animation.ExoticNodeAnimation","_path":"Bip002/Bip002 Pelvis/Bip002 Spine/Bip002 Spine1/Bip002 Neck/Bip002 R Clavicle/Bip002 R UpperArm/Bip002 R Forearm/Bip002 R Hand/Bip002 R Finger3","_position":{"__id__":262},"_rotation":{"__id__":264},"_scale":{"__id__":266}},{"__type__":"cc.animation.ExoticTrack","times":{"__type__":"TypedArrayRef","ctor":"Float32Array","offset":48100,"length":25},"values":{"__id__":263}},{"__type__":"cc.animation.ExoticVec3TrackValues","_values":{"__type__":"TypedArrayRef","ctor":"Float32Array","offset":48200,"length":75},"_isQuantized":null},{"__type__":"cc.animation.ExoticTrack","times":{"__type__":"TypedArrayRef","ctor":"Float32Array","offset":48500,"length":25},"values":{"__id__":265}},{"__type__":"cc.animation.ExoticQuatTrackValues","_values":{"__type__":"TypedArrayRef","ctor":"Float32Array","offset":48600,"length":100},"_isQuantized":null},{"__type__":"cc.animation.ExoticTrack","times":{"__type__":"TypedArrayRef","ctor":"Float32Array","offset":49000,"length":25},"values":{"__id__":267}},{"__type__":"cc.animation.ExoticVec3TrackValues","_values":{"__type__":"TypedArrayRef","ctor":"Float32Array","offset":49100,"length":75},"_isQuantized":null},{"__type__":"cc.animation.ExoticNodeAnimation","_path":"Bip002/Bip002 Pelvis/Bip002 Spine/Bip002 Spine1/Bip002 Neck/Bip002 R Clavicle/Bip002 R UpperArm/Bip002 R Forearm/Bip002 R Hand/Bip002 R Finger3/Bip002 R Finger31","_position":{"__id__":269},"_rotation":{"__id__":271},"_scale":{"__id__":273}},{"__type__":"cc.animation.ExoticTrack","times":{"__type__":"TypedArrayRef","ctor":"Float32Array","offset":49400,"length":25},"values":{"__id__":270}},{"__type__":"cc.animation.ExoticVec3TrackValues","_values":{"__type__":"TypedArrayRef","ctor":"Float32Array","offset":49500,"length":75},"_isQuantized":null},{"__type__":"cc.animation.ExoticTrack","times":{"__type__":"TypedArrayRef","ctor":"Float32Array","offset":49800,"length":25},"values":{"__id__":272}},{"__type__":"cc.animation.ExoticQuatTrackValues","_values":{"__type__":"TypedArrayRef","ctor":"Float32Array","offset":49900,"length":100},"_isQuantized":null},{"__type__":"cc.animation.ExoticTrack","times":{"__type__":"TypedArrayRef","ctor":"Float32Array","offset":50300,"length":25},"values":{"__id__":274}},{"__type__":"cc.animation.ExoticVec3TrackValues","_values":{"__type__":"TypedArrayRef","ctor":"Float32Array","offset":50400,"length":75},"_isQuantized":null},{"__type__":"cc.animation.ExoticNodeAnimation","_path":"Bip002/Bip002 Pelvis/Bip002 Spine/Bip002 Spine1/Bip002 Neck/Bip002 R Clavicle/Bip002 R UpperArm/Bip002 R Forearm/Bip002 R Hand/Bip002 R Finger3/Bip002 R Finger31/Bip002 R Finger32","_position":{"__id__":276},"_rotation":{"__id__":278},"_scale":{"__id__":280}},{"__type__":"cc.animation.ExoticTrack","times":{"__type__":"TypedArrayRef","ctor":"Float32Array","offset":50700,"length":25},"values":{"__id__":277}},{"__type__":"cc.animation.ExoticVec3TrackValues","_values":{"__type__":"TypedArrayRef","ctor":"Float32Array","offset":50800,"length":75},"_isQuantized":null},{"__type__":"cc.animation.ExoticTrack","times":{"__type__":"TypedArrayRef","ctor":"Float32Array","offset":51100,"length":25},"values":{"__id__":279}},{"__type__":"cc.animation.ExoticQuatTrackValues","_values":{"__type__":"TypedArrayRef","ctor":"Float32Array","offset":51200,"length":100},"_isQuantized":null},{"__type__":"cc.animation.ExoticTrack","times":{"__type__":"TypedArrayRef","ctor":"Float32Array","offset":51600,"length":25},"values":{"__id__":281}},{"__type__":"cc.animation.ExoticVec3TrackValues","_values":{"__type__":"TypedArrayRef","ctor":"Float32Array","offset":51700,"length":75},"_isQuantized":null},{"__type__":"cc.animation.ExoticNodeAnimation","_path":"Bip002/Bip002 Pelvis/Bip002 Spine/Bip002 Spine1/Bip002 Neck/Bip002 R Clavicle/Bip002 R UpperArm/Bip002 R Forearm/Bip002 R Hand/Bip002 R Finger4","_position":{"__id__":283},"_rotation":{"__id__":285},"_scale":{"__id__":287}},{"__type__":"cc.animation.ExoticTrack","times":{"__type__":"TypedArrayRef","ctor":"Float32Array","offset":52000,"length":25},"values":{"__id__":284}},{"__type__":"cc.animation.ExoticVec3TrackValues","_values":{"__type__":"TypedArrayRef","ctor":"Float32Array","offset":52100,"length":75},"_isQuantized":null},{"__type__":"cc.animation.ExoticTrack","times":{"__type__":"TypedArrayRef","ctor":"Float32Array","offset":52400,"length":25},"values":{"__id__":286}},{"__type__":"cc.animation.ExoticQuatTrackValues","_values":{"__type__":"TypedArrayRef","ctor":"Float32Array","offset":52500,"length":100},"_isQuantized":null},{"__type__":"cc.animation.ExoticTrack","times":{"__type__":"TypedArrayRef","ctor":"Float32Array","offset":52900,"length":25},"values":{"__id__":288}},{"__type__":"cc.animation.ExoticVec3TrackValues","_values":{"__type__":"TypedArrayRef","ctor":"Float32Array","offset":53000,"length":75},"_isQuantized":null},{"__type__":"cc.animation.ExoticNodeAnimation","_path":"Bip002/Bip002 Pelvis/Bip002 Spine/Bip002 Spine1/Bip002 Neck/Bip002 R Clavicle/Bip002 R UpperArm/Bip002 R Forearm/Bip002 R Hand/Bip002 R Finger4/Bip002 R Finger41","_position":{"__id__":290},"_rotation":{"__id__":292},"_scale":{"__id__":294}},{"__type__":"cc.animation.ExoticTrack","times":{"__type__":"TypedArrayRef","ctor":"Float32Array","offset":53300,"length":25},"values":{"__id__":291}},{"__type__":"cc.animation.ExoticVec3TrackValues","_values":{"__type__":"TypedArrayRef","ctor":"Float32Array","offset":53400,"length":75},"_isQuantized":null},{"__type__":"cc.animation.ExoticTrack","times":{"__type__":"TypedArrayRef","ctor":"Float32Array","offset":53700,"length":25},"values":{"__id__":293}},{"__type__":"cc.animation.ExoticQuatTrackValues","_values":{"__type__":"TypedArrayRef","ctor":"Float32Array","offset":53800,"length":100},"_isQuantized":null},{"__type__":"cc.animation.ExoticTrack","times":{"__type__":"TypedArrayRef","ctor":"Float32Array","offset":54200,"length":25},"values":{"__id__":295}},{"__type__":"cc.animation.ExoticVec3TrackValues","_values":{"__type__":"TypedArrayRef","ctor":"Float32Array","offset":54300,"length":75},"_isQuantized":null},{"__type__":"cc.animation.ExoticNodeAnimation","_path":"Bip002/Bip002 Pelvis/Bip002 Spine/Bip002 Spine1/Bip002 Neck/Bip002 R Clavicle/Bip002 R UpperArm/Bip002 R Forearm/Bip002 R Hand/Bip002 R Finger4/Bip002 R Finger41/Bip002 R Finger42","_position":{"__id__":297},"_rotation":{"__id__":299},"_scale":{"__id__":301}},{"__type__":"cc.animation.ExoticTrack","times":{"__type__":"TypedArrayRef","ctor":"Float32Array","offset":54600,"length":25},"values":{"__id__":298}},{"__type__":"cc.animation.ExoticVec3TrackValues","_values":{"__type__":"TypedArrayRef","ctor":"Float32Array","offset":54700,"length":75},"_isQuantized":null},{"__type__":"cc.animation.ExoticTrack","times":{"__type__":"TypedArrayRef","ctor":"Float32Array","offset":55000,"length":25},"values":{"__id__":300}},{"__type__":"cc.animation.ExoticQuatTrackValues","_values":{"__type__":"TypedArrayRef","ctor":"Float32Array","offset":55100,"length":100},"_isQuantized":null},{"__type__":"cc.animation.ExoticTrack","times":{"__type__":"TypedArrayRef","ctor":"Float32Array","offset":55500,"length":25},"values":{"__id__":302}},{"__type__":"cc.animation.ExoticVec3TrackValues","_values":{"__type__":"TypedArrayRef","ctor":"Float32Array","offset":55600,"length":75},"_isQuantized":null},{"__type__":"cc.animation.ExoticNodeAnimation","_path":"Bip002/Bip002 Pelvis/Bip002 Spine/Bip002 Spine1/Bip002 Neck/Bip002 Head","_position":{"__id__":304},"_rotation":{"__id__":306},"_scale":{"__id__":308}},{"__type__":"cc.animation.ExoticTrack","times":{"__type__":"TypedArrayRef","ctor":"Float32Array","offset":55900,"length":25},"values":{"__id__":305}},{"__type__":"cc.animation.ExoticVec3TrackValues","_values":{"__type__":"TypedArrayRef","ctor":"Float32Array","offset":56000,"length":75},"_isQuantized":null},{"__type__":"cc.animation.ExoticTrack","times":{"__type__":"TypedArrayRef","ctor":"Float32Array","offset":56300,"length":25},"values":{"__id__":307}},{"__type__":"cc.animation.ExoticQuatTrackValues","_values":{"__type__":"TypedArrayRef","ctor":"Float32Array","offset":56400,"length":100},"_isQuantized":null},{"__type__":"cc.animation.ExoticTrack","times":{"__type__":"TypedArrayRef","ctor":"Float32Array","offset":56800,"length":25},"values":{"__id__":309}},{"__type__":"cc.animation.ExoticVec3TrackValues","_values":{"__type__":"TypedArrayRef","ctor":"Float32Array","offset":56900,"length":75},"_isQuantized":null},{"__type__":"cc.animation.ExoticNodeAnimation","_path":"Bip002/Bip002 Pelvis/Bip002 Spine/Bip002 L Thigh","_position":{"__id__":311},"_rotation":{"__id__":313},"_scale":{"__id__":315}},{"__type__":"cc.animation.ExoticTrack","times":{"__type__":"TypedArrayRef","ctor":"Float32Array","offset":57200,"length":25},"values":{"__id__":312}},{"__type__":"cc.animation.ExoticVec3TrackValues","_values":{"__type__":"TypedArrayRef","ctor":"Float32Array","offset":57300,"length":75},"_isQuantized":null},{"__type__":"cc.animation.ExoticTrack","times":{"__type__":"TypedArrayRef","ctor":"Float32Array","offset":57600,"length":25},"values":{"__id__":314}},{"__type__":"cc.animation.ExoticQuatTrackValues","_values":{"__type__":"TypedArrayRef","ctor":"Float32Array","offset":57700,"length":100},"_isQuantized":null},{"__type__":"cc.animation.ExoticTrack","times":{"__type__":"TypedArrayRef","ctor":"Float32Array","offset":58100,"length":25},"values":{"__id__":316}},{"__type__":"cc.animation.ExoticVec3TrackValues","_values":{"__type__":"TypedArrayRef","ctor":"Float32Array","offset":58200,"length":75},"_isQuantized":null},{"__type__":"cc.animation.ExoticNodeAnimation","_path":"Bip002/Bip002 Pelvis/Bip002 Spine/Bip002 L Thigh/Bip002 L Calf","_position":{"__id__":318},"_rotation":{"__id__":320},"_scale":{"__id__":322}},{"__type__":"cc.animation.ExoticTrack","times":{"__type__":"TypedArrayRef","ctor":"Float32Array","offset":58500,"length":25},"values":{"__id__":319}},{"__type__":"cc.animation.ExoticVec3TrackValues","_values":{"__type__":"TypedArrayRef","ctor":"Float32Array","offset":58600,"length":75},"_isQuantized":null},{"__type__":"cc.animation.ExoticTrack","times":{"__type__":"TypedArrayRef","ctor":"Float32Array","offset":58900,"length":25},"values":{"__id__":321}},{"__type__":"cc.animation.ExoticQuatTrackValues","_values":{"__type__":"TypedArrayRef","ctor":"Float32Array","offset":59000,"length":100},"_isQuantized":null},{"__type__":"cc.animation.ExoticTrack","times":{"__type__":"TypedArrayRef","ctor":"Float32Array","offset":59400,"length":25},"values":{"__id__":323}},{"__type__":"cc.animation.ExoticVec3TrackValues","_values":{"__type__":"TypedArrayRef","ctor":"Float32Array","offset":59500,"length":75},"_isQuantized":null},{"__type__":"cc.animation.ExoticNodeAnimation","_path":"Bip002/Bip002 Pelvis/Bip002 Spine/Bip002 L Thigh/Bip002 L Calf/Bip002 L Foot","_position":{"__id__":325},"_rotation":{"__id__":327},"_scale":{"__id__":329}},{"__type__":"cc.animation.ExoticTrack","times":{"__type__":"TypedArrayRef","ctor":"Float32Array","offset":59800,"length":25},"values":{"__id__":326}},{"__type__":"cc.animation.ExoticVec3TrackValues","_values":{"__type__":"TypedArrayRef","ctor":"Float32Array","offset":59900,"length":75},"_isQuantized":null},{"__type__":"cc.animation.ExoticTrack","times":{"__type__":"TypedArrayRef","ctor":"Float32Array","offset":60200,"length":25},"values":{"__id__":328}},{"__type__":"cc.animation.ExoticQuatTrackValues","_values":{"__type__":"TypedArrayRef","ctor":"Float32Array","offset":60300,"length":100},"_isQuantized":null},{"__type__":"cc.animation.ExoticTrack","times":{"__type__":"TypedArrayRef","ctor":"Float32Array","offset":60700,"length":25},"values":{"__id__":330}},{"__type__":"cc.animation.ExoticVec3TrackValues","_values":{"__type__":"TypedArrayRef","ctor":"Float32Array","offset":60800,"length":75},"_isQuantized":null},{"__type__":"cc.animation.ExoticNodeAnimation","_path":"Bip002/Bip002 Pelvis/Bip002 Spine/Bip002 L Thigh/Bip002 L Calf/Bip002 L Foot/Bip002 L Toe0","_position":{"__id__":332},"_rotation":{"__id__":334},"_scale":{"__id__":336}},{"__type__":"cc.animation.ExoticTrack","times":{"__type__":"TypedArrayRef","ctor":"Float32Array","offset":61100,"length":25},"values":{"__id__":333}},{"__type__":"cc.animation.ExoticVec3TrackValues","_values":{"__type__":"TypedArrayRef","ctor":"Float32Array","offset":61200,"length":75},"_isQuantized":null},{"__type__":"cc.animation.ExoticTrack","times":{"__type__":"TypedArrayRef","ctor":"Float32Array","offset":61500,"length":25},"values":{"__id__":335}},{"__type__":"cc.animation.ExoticQuatTrackValues","_values":{"__type__":"TypedArrayRef","ctor":"Float32Array","offset":61600,"length":100},"_isQuantized":null},{"__type__":"cc.animation.ExoticTrack","times":{"__type__":"TypedArrayRef","ctor":"Float32Array","offset":62000,"length":25},"values":{"__id__":337}},{"__type__":"cc.animation.ExoticVec3TrackValues","_values":{"__type__":"TypedArrayRef","ctor":"Float32Array","offset":62100,"length":75},"_isQuantized":null},{"__type__":"cc.animation.ExoticNodeAnimation","_path":"Bip002/Bip002 Pelvis/Bip002 Spine/Bip002 R Thigh","_position":{"__id__":339},"_rotation":{"__id__":341},"_scale":{"__id__":343}},{"__type__":"cc.animation.ExoticTrack","times":{"__type__":"TypedArrayRef","ctor":"Float32Array","offset":62400,"length":25},"values":{"__id__":340}},{"__type__":"cc.animation.ExoticVec3TrackValues","_values":{"__type__":"TypedArrayRef","ctor":"Float32Array","offset":62500,"length":75},"_isQuantized":null},{"__type__":"cc.animation.ExoticTrack","times":{"__type__":"TypedArrayRef","ctor":"Float32Array","offset":62800,"length":25},"values":{"__id__":342}},{"__type__":"cc.animation.ExoticQuatTrackValues","_values":{"__type__":"TypedArrayRef","ctor":"Float32Array","offset":62900,"length":100},"_isQuantized":null},{"__type__":"cc.animation.ExoticTrack","times":{"__type__":"TypedArrayRef","ctor":"Float32Array","offset":63300,"length":25},"values":{"__id__":344}},{"__type__":"cc.animation.ExoticVec3TrackValues","_values":{"__type__":"TypedArrayRef","ctor":"Float32Array","offset":63400,"length":75},"_isQuantized":null},{"__type__":"cc.animation.ExoticNodeAnimation","_path":"Bip002/Bip002 Pelvis/Bip002 Spine/Bip002 R Thigh/Bip002 R Calf","_position":{"__id__":346},"_rotation":{"__id__":348},"_scale":{"__id__":350}},{"__type__":"cc.animation.ExoticTrack","times":{"__type__":"TypedArrayRef","ctor":"Float32Array","offset":63700,"length":25},"values":{"__id__":347}},{"__type__":"cc.animation.ExoticVec3TrackValues","_values":{"__type__":"TypedArrayRef","ctor":"Float32Array","offset":63800,"length":75},"_isQuantized":null},{"__type__":"cc.animation.ExoticTrack","times":{"__type__":"TypedArrayRef","ctor":"Float32Array","offset":64100,"length":25},"values":{"__id__":349}},{"__type__":"cc.animation.ExoticQuatTrackValues","_values":{"__type__":"TypedArrayRef","ctor":"Float32Array","offset":64200,"length":100},"_isQuantized":null},{"__type__":"cc.animation.ExoticTrack","times":{"__type__":"TypedArrayRef","ctor":"Float32Array","offset":64600,"length":25},"values":{"__id__":351}},{"__type__":"cc.animation.ExoticVec3TrackValues","_values":{"__type__":"TypedArrayRef","ctor":"Float32Array","offset":64700,"length":75},"_isQuantized":null},{"__type__":"cc.animation.ExoticNodeAnimation","_path":"Bip002/Bip002 Pelvis/Bip002 Spine/Bip002 R Thigh/Bip002 R Calf/Bip002 R Foot","_position":{"__id__":353},"_rotation":{"__id__":355},"_scale":{"__id__":357}},{"__type__":"cc.animation.ExoticTrack","times":{"__type__":"TypedArrayRef","ctor":"Float32Array","offset":65000,"length":25},"values":{"__id__":354}},{"__type__":"cc.animation.ExoticVec3TrackValues","_values":{"__type__":"TypedArrayRef","ctor":"Float32Array","offset":65100,"length":75},"_isQuantized":null},{"__type__":"cc.animation.ExoticTrack","times":{"__type__":"TypedArrayRef","ctor":"Float32Array","offset":65400,"length":25},"values":{"__id__":356}},{"__type__":"cc.animation.ExoticQuatTrackValues","_values":{"__type__":"TypedArrayRef","ctor":"Float32Array","offset":65500,"length":100},"_isQuantized":null},{"__type__":"cc.animation.ExoticTrack","times":{"__type__":"TypedArrayRef","ctor":"Float32Array","offset":65900,"length":25},"values":{"__id__":358}},{"__type__":"cc.animation.ExoticVec3TrackValues","_values":{"__type__":"TypedArrayRef","ctor":"Float32Array","offset":66000,"length":75},"_isQuantized":null},{"__type__":"cc.animation.ExoticNodeAnimation","_path":"Bip002/Bip002 Pelvis/Bip002 Spine/Bip002 R Thigh/Bip002 R Calf/Bip002 R Foot/Bip002 R Toe0","_position":{"__id__":360},"_rotation":{"__id__":362},"_scale":{"__id__":364}},{"__type__":"cc.animation.ExoticTrack","times":{"__type__":"TypedArrayRef","ctor":"Float32Array","offset":66300,"length":25},"values":{"__id__":361}},{"__type__":"cc.animation.ExoticVec3TrackValues","_values":{"__type__":"TypedArrayRef","ctor":"Float32Array","offset":66400,"length":75},"_isQuantized":null},{"__type__":"cc.animation.ExoticTrack","times":{"__type__":"TypedArrayRef","ctor":"Float32Array","offset":66700,"length":25},"values":{"__id__":363}},{"__type__":"cc.animation.ExoticQuatTrackValues","_values":{"__type__":"TypedArrayRef","ctor":"Float32Array","offset":66800,"length":100},"_isQuantized":null},{"__type__":"cc.animation.ExoticTrack","times":{"__type__":"TypedArrayRef","ctor":"Float32Array","offset":67200,"length":25},"values":{"__id__":365}},{"__type__":"cc.animation.ExoticVec3TrackValues","_values":{"__type__":"TypedArrayRef","ctor":"Float32Array","offset":67300,"length":75},"_isQuantized":null}],"chunks":[".bin"]}
