[1,["16xNs2PO9PorpHE4UxJOOT@a96a6","1brw/JvvpFnIvdrxpFCgMZ","16xNs2PO9PorpHE4UxJOOT@9d093","16xNs2PO9PorpHE4UxJOOT@46540"],["node","mainTexture","_effectAsset","root","data","_mesh"],[["cc.Node",["_name","_prefab","_children","_components","_lpos","_parent","_lrot","_lscale","_euler"],2,4,2,9,5,1,5,5,5],["cc.Mesh",["_native","_hash","_struct"],1,11],["cc.Material",["_name","_states","_defines","_props"],0,12],["cc.Prefab",["_name"],2],["e6d4fVD3pxJ7Y1Khf8fRUoa",["_name","maxSpeed","minSpeed","node","__prefab"],0,1,4],["cc.CompPrefabInfo",["fileId"],2],["cc.BoxCollider",["node","__prefab","_center","_size"],3,1,4,5,5],["cc.RigidBody",["_mass","_linearDamping","_angularDamping","_useGravity","node","__prefab"],-1,1,4],["cc.PrefabInfo",["fileId","instance","targetOverrides","nestedPrefabInstanceRoots","root","asset"],-1,1,1],["cc.MeshRenderer",["node","__prefab","_materials","bakeSettings","_mesh"],3,1,4,3,4,6],["cc.ModelBakeSettings",[],3]],[[5,0,2],[8,0,1,2,3,4,5,5],[0,0,5,2,1,2],[1,0,1,2,3],[2,0,1,2,3,4],[3,0,2],[0,0,2,3,1,4,2],[0,0,5,3,1,4,6,7,8,2],[4,0,1,2,3,4,4],[6,0,1,2,3,1],[7,0,1,2,3,4,5,5],[9,0,1,2,3,4,1],[10,1]],[[[[3,".bin",3001742105,[{"primitives":[{"primitiveMode":7,"vertexBundelIndices":[0],"indexView":{"offset":34208,"length":3528,"count":1764,"stride":2}}],"vertexBundles":[{"view":{"offset":0,"length":34208,"count":1069,"stride":32},"attributes":[{"name":"a_position","format":32,"isNormalized":false},{"name":"a_normal","format":32,"isNormalized":false},{"name":"a_texCoord","format":21,"isNormalized":false}]}]},"minPosition",8,[1,-0.18919417262077332,-0.2700282335281372,0.0018342196708545089],"maxPosition",8,[1,0.1891942024230957,0.2700282335281372,0.3007396161556244]]],-1],0,0,[],[],[]],[[[4,"Material #25",[{"rasterizerState":{},"blendState":{"targets":[{}]},"depthStencilState":{}}],[{"USE_ALBEDO_MAP":true}],[[[{"metallic":0.400000005960464,"roughness":0.70710676908493},"albedoScale",8,[1,1,1,1],"mainTexture",6,0]],11]]],0,0,[0,0],[1,2],[0,1]],[[[5,"car201"],[6,"car201",[-5],[[8,"car<car>",0.3,0.02,-2,[0,"1eYEzpfwRFUZw5raMdOf8P"]],[9,-3,[0,"71ln6QnP9BZYg1eD4A/IC5"],[1,0,0.4,0],[1,1,0.7,1.2]],[10,10,0,0,false,-4,[0,"f4SStS1rBFHaCw2J4MzToL"]]],[1,"33Uhs1dolM3a6GcJG6G6wf",null,null,null,-1,0],[1,-1,0,45]],[2,"truck01",1,[-6],[1,"Node.1086",null,null,null,1,0]],[2,"RootNode",2,[-7],[1,"Node.1087",null,null,null,1,0]],[7,"Box001",3,[[11,-8,[0,"1eMYopWgNLIJQBqSPuZr1Z"],[0],[12],1]],[1,"Node.1088",null,null,null,1,0],[1,0.00000251922597271914,0,0],[3,-0.7071067811865476,0,0,0.7071067811865476],[1,2.53999996185303,2.53999996185303,2.53999996185303],[1,-90.00000000000003,0,0]]],0,[0,3,1,0,0,1,0,0,1,0,0,1,0,-1,2,0,-1,3,0,-1,4,0,0,4,0,4,1,8],[0,0],[-1,5],[2,3]]]]
