[1,["5brZmRXzJL4IkundT3LDZM","0fIMvGoRZPF6+QeODf8RpU@6c48a","a3zQCfCrBCDZJ4uf2rk5u8","6cD4FwYHVP4rpQGMo/BW5I@864b7","6cD4FwYHVP4rpQGMo/BW5I@80723","6cD4FwYHVP4rpQGMo/BW5I@5b0c9"],["node","_mesh","mainTexture","_effectAsset","root","data"],[["cc.Node",["_name","_active","_prefab","_parent","_components","_children","_lscale"],1,4,1,9,2,5],["cc.Material",["_name","_states","_defines","_props"],0,12],["cc.Mesh",["_native","_hash","_struct"],1,11],["cc.Prefab",["_name"],2],["cc.PrefabInfo",["fileId","instance","targetOverrides","nestedPrefabInstanceRoots","root","asset"],-1,1,1],["cc.MeshRenderer",["node","__prefab","_materials","bakeSettings","_mesh"],3,1,4,3,4,6],["cc.CompPrefabInfo",["fileId"],2],["cc.ModelBakeSettings",[],3]],[[4,0,1,2,3,4,5,5],[2,0,1,2,3],[5,0,1,2,3,4,1],[6,0,2],[7,1],[0,0,1,3,4,2,3],[1,0,1,2,3,4],[3,0,2],[0,0,5,2,6,2],[0,0,3,4,2,2]],[[[[6,"appleRed",[{"rasterizerState":{},"depthStencilState":{},"blendState":{"targets":[{}]}}],[{"USE_TEXTURE":true}],[[[{},"mainTexture",6,0]],11]]],0,0,[0,0],[2,3],[1,2]],[[[1,".bin",1872439250,[{"primitives":[{"primitiveMode":7,"vertexBundelIndices":[0],"indexView":{"offset":9360,"length":1212,"count":606,"stride":2}}],"vertexBundles":[{"view":{"offset":0,"length":9360,"count":195,"stride":48},"attributes":[{"name":"a_position","format":32,"isNormalized":false},{"name":"a_normal","format":32,"isNormalized":false},{"name":"a_texCoord","format":21,"isNormalized":false},{"name":"a_tangent","format":44,"isNormalized":false}]}]},"minPosition",8,[1,-0.023389732465147972,-0.02386930212378502,-0.023390209302306175],"maxPosition",8,[1,0.00012386943853925914,0.025469860062003136,0.023390183225274086]]],-1],0,0,[],[],[]],[[[1,".bin",2270181075,[{"primitives":[{"primitiveMode":7,"vertexBundelIndices":[0],"indexView":{"offset":9504,"length":2124,"count":1062,"stride":2}}],"vertexBundles":[{"view":{"offset":0,"length":9504,"count":198,"stride":48},"attributes":[{"name":"a_position","format":32,"isNormalized":false},{"name":"a_normal","format":32,"isNormalized":false},{"name":"a_texCoord","format":21,"isNormalized":false},{"name":"a_tangent","format":44,"isNormalized":false}]}]},"minPosition",8,[1,-0.023389732465147972,-0.02386930212378502,-0.023390209302306175],"maxPosition",8,[1,0.023390626534819603,0.025469860062003136,0.023390183225274086]]],-1],0,0,[],[],[]],[[[1,".bin",780597312,[{"primitives":[{"primitiveMode":7,"vertexBundelIndices":[0],"indexView":{"offset":9936,"length":1284,"count":642,"stride":2}}],"vertexBundles":[{"view":{"offset":0,"length":9936,"count":207,"stride":48},"attributes":[{"name":"a_position","format":32,"isNormalized":false},{"name":"a_normal","format":32,"isNormalized":false},{"name":"a_texCoord","format":21,"isNormalized":false},{"name":"a_tangent","format":44,"isNormalized":false}]}]},"minPosition",8,[1,-0.000005620425326924305,-0.023868581280112267,-0.023390209302306175],"maxPosition",8,[1,0.023390626534819603,0.025469860062003136,0.023390183225274086]]],-1],0,0,[],[],[]],[[[7,"apple"],[8,"apple",[-2,-3,-4],[0,"0eWD9xHBJUaZNI62+XOHGZ",null,null,null,-1,0],[1,7,7,7]],[5,"appleRed01",false,1,[[2,-5,[3,"20MDBjiHVR+Lna5JdAlhtu"],[0],[4],1]],[0,"1cvvVFczZRiL/Q+EbKidfP",null,null,null,1,0]],[9,"appleRed",1,[[2,-6,[3,"b0kdD+TidW2LM2v+FtjyHc"],[2],[4],3]],[0,"53hgIqzMpSwo+vXfYxRezR",null,null,null,1,0]],[5,"appleRed02",false,1,[[2,-7,[3,"2d8c2tCmNe367RWG5FAkAq"],[4],[4],5]],[0,"60EooFvrde2ZnphPZOIhMo",null,null,null,1,0]]],0,[0,4,1,0,-1,2,0,-2,3,0,-3,4,0,0,2,0,0,3,0,0,4,0,5,1,7],[0,0,0,0,0,0],[-1,1,-1,1,-1,1],[0,3,0,4,0,5]]]]
