[1,["7aS/Tt2MVFKaoF4CXFJ4Cp@73b7f","4aLRTSq+5OA6b7LkRq39F2@6c48a","a3zQCfCrBCDZJ4uf2rk5u8","36VxGAf01Pz6/KT09+8zEu","7aS/Tt2MVFKaoF4CXFJ4Cp@45f53"],["node","mainTexture","_effectAsset","root","data","_mesh","_defaultClip"],[["cc.Node",["_name","_components","_prefab","_children","_lpos","_lscale","_parent"],2,9,4,2,5,5,1],["cc.Material",["_name","_states","_defines","_props"],0,12],["cc.Prefab",["_name"],2],["cc.Animation",["node","__prefab","_clips","_defaultClip"],3,1,4,3,6],["cc.CompPrefabInfo",["fileId"],2],["cc.PrefabInfo",["fileId","instance","targetOverrides","nestedPrefabInstanceRoots","root","asset"],-1,1,1],["cc.MeshRenderer",["node","__prefab","_materials","bakeSettings","_mesh"],3,1,4,3,4,6],["cc.ModelBakeSettings",[],3],["cc.Mesh",["_native","_hash","_struct"],1,11]],[[4,0,2],[5,0,1,2,3,4,5,5],[1,0,1,2,3,4],[2,0,2],[0,0,3,1,2,4,5,2],[0,0,6,1,2,2],[3,0,1,2,3,1],[6,0,1,2,3,4,1],[7,1],[8,0,1,2,3]],[[[[2,"bomb",[{"rasterizerState":{},"depthStencilState":{},"blendState":{"targets":[{}]}}],[{"USE_TEXTURE":true}],[[[{},"mainTexture",6,0]],11]]],0,0,[0,0],[1,2],[1,2]],[[[3,"bomb"],[4,"bomb",[-3],[[6,-2,[0,"ec9OMzK4NZM5N6nLv5wuzp"],[2],3]],[1,"b9ewFEKRpQAo4+4fnpq5Pw",null,null,null,-1,0],[1,0,0,-1.64],[1,15,15,15]],[5,"bomb",1,[[7,-4,[0,"30dii6wy9VjIr/qS405uRQ"],[0],[8],1]],[1,"5cJ4IpBUFUS56/YqcFPQsR",null,null,null,1,0]]],0,[0,3,1,0,0,1,0,-1,2,0,0,2,0,4,1,4],[0,0,0,0],[-1,5,-1,6],[3,4,0,0]],[[[9,".bin",3520102956,[{"primitives":[{"primitiveMode":7,"vertexBundelIndices":[0],"indexView":{"offset":36672,"length":4992,"count":2496,"stride":2}}],"vertexBundles":[{"view":{"offset":0,"length":36672,"count":764,"stride":48},"attributes":[{"name":"a_position","format":32,"isNormalized":false},{"name":"a_normal","format":32,"isNormalized":false},{"name":"a_texCoord","format":21,"isNormalized":false},{"name":"a_tangent","format":44,"isNormalized":false}]}]},"minPosition",8,[1,-0.06447049975395203,-0.16684509813785553,-0.05148157477378845],"maxPosition",8,[1,0.08511070162057877,0.16684509813785553,0.06957850605249405]]],-1],0,0,[],[],[]]]]
