[1,["5149EufBFNPY2vIy/7ExUX","3eNhFQhmtKFL4iNW5DynMz@257f7","3eNhFQhmtKFL4iNW5DynMz@511cd","3eNhFQhmtKFL4iNW5DynMz@d3851","27PVPwnwpFtLLYLW7WX2FQ@6c48a","a3zQCfCrBCDZJ4uf2rk5u8"],["node","_mesh","root","data","mainTexture","_effectAsset"],[["cc.Node",["_name","_active","_prefab","_parent","_components","_children","_lscale"],1,4,1,9,2,5],["cc.Mesh",["_native","_hash","_struct"],1,11],["cc.Prefab",["_name"],2],["cc.PrefabInfo",["fileId","instance","targetOverrides","nestedPrefabInstanceRoots","root","asset"],-1,1,1],["cc.MeshRenderer",["node","__prefab","_materials","bakeSettings","_mesh"],3,1,4,3,4,6],["cc.CompPrefabInfo",["fileId"],2],["cc.ModelBakeSettings",[],3],["cc.Material",["_name","_states","_defines","_props"],0,12]],[[3,0,1,2,3,4,5,5],[1,0,1,2,3],[4,0,1,2,3,4,1],[5,0,2],[6,1],[0,0,1,3,4,2,3],[2,0,2],[0,0,5,2,6,2],[0,0,3,4,2,2],[7,0,1,2,3,4]],[[[[1,".bin",1120695733,[{"primitives":[{"primitiveMode":7,"vertexBundelIndices":[0],"indexView":{"offset":26784,"length":3492,"count":1746,"stride":2}}],"vertexBundles":[{"view":{"offset":0,"length":26784,"count":558,"stride":48},"attributes":[{"name":"a_position","format":32,"isNormalized":false},{"name":"a_normal","format":32,"isNormalized":false},{"name":"a_texCoord","format":21,"isNormalized":false},{"name":"a_tangent","format":44,"isNormalized":false}]}]},"minPosition",8,[1,-0.009537247009575367,-0.011054030619561672,-0.008566380478441715],"maxPosition",8,[1,0.00030022949795238674,0.012312921695411205,0.008566373959183693]]],-1],0,0,[],[],[]],[[[1,".bin",1456504104,[{"primitives":[{"primitiveMode":7,"vertexBundelIndices":[0],"indexView":{"offset":30288,"length":3906,"count":1953,"stride":2}}],"vertexBundles":[{"view":{"offset":0,"length":30288,"count":631,"stride":48},"attributes":[{"name":"a_position","format":32,"isNormalized":false},{"name":"a_normal","format":32,"isNormalized":false},{"name":"a_texCoord","format":21,"isNormalized":false},{"name":"a_tangent","format":44,"isNormalized":false}]}]},"minPosition",8,[1,-0.0018678223714232445,-0.011054030619561672,-0.009134465828537941],"maxPosition",8,[1,0.0084362318739295,0.012313065119087696,0.008624175563454628]]],-1],0,0,[],[],[]],[[[1,".bin",2475447470,[{"primitives":[{"primitiveMode":7,"vertexBundelIndices":[0],"indexView":{"offset":46608,"length":6834,"count":3417,"stride":2}}],"vertexBundles":[{"view":{"offset":0,"length":46608,"count":971,"stride":48},"attributes":[{"name":"a_position","format":32,"isNormalized":false},{"name":"a_normal","format":32,"isNormalized":false},{"name":"a_texCoord","format":21,"isNormalized":false},{"name":"a_tangent","format":44,"isNormalized":false}]}]},"minPosition",8,[1,-0.009537246078252792,-0.011054030619561672,-0.009134465828537941],"maxPosition",8,[1,0.0084362318739295,0.012313765473663807,0.008624175563454628]]],-1],0,0,[],[],[]],[[[6,"strawberry"],[7,"strawberry",[-2,-3,-4],[0,"74iJ78sw1WELQay2OUV44L",null,null,null,-1,0],[1,14,14,14]],[5,"strawberry01",false,1,[[2,-5,[3,"ceseRaZiVUhrEo8oHmrapf"],[0],[4],1]],[0,"a9YWiQqqpbJLh1G1MOGq0t",null,null,null,1,0]],[5,"strawberry02",false,1,[[2,-6,[3,"2aqh7x1LFQS671bceh2s9R"],[2],[4],3]],[0,"67FmY/kkpTCJfKvgQMhpEF",null,null,null,1,0]],[8,"strawberry",1,[[2,-7,[3,"11v1N2rINUlZZletro985p"],[4],[4],5]],[0,"91SdgXwcJaOK4D/IR5eJBd",null,null,null,1,0]]],0,[0,2,1,0,-1,2,0,-2,3,0,-3,4,0,0,2,0,0,3,0,0,4,0,3,1,7],[0,0,0,0,0,0],[-1,1,-1,1,-1,1],[0,1,0,2,0,3]],[[[9,"strawberry",[{"rasterizerState":{},"depthStencilState":{},"blendState":{"targets":[{}]}}],[{"USE_TEXTURE":true}],[[[{},"mainTexture",6,0]],11]]],0,0,[0,0],[4,5],[4,5]]]]
