[1,["7flbRwj8pEX4fCaqMUUZ8K@6c48a"],["_textureSource"],["cc.SpriteFrame"],0,[{"name":"head1","rect":{"x":0,"y":2,"width":103,"height":133},"offset":{"x":0,"y":-1},"originalSize":{"width":103,"height":135},"rotated":false,"capInsets":[0,0,0,0],"vertices":{"rawPosition":[-51.5,-66.5,0,51.5,-66.5,0,-51.5,66.5,0,51.5,66.5,0],"indexes":[0,1,2,2,1,3],"uv":[0,133,103,133,0,0,103,0],"nuv":[0,0,1,0,0,0.9851851851851852,1,0.9851851851851852],"minPos":{"x":-51.5,"y":-66.5,"z":0},"maxPos":{"x":51.5,"y":66.5,"z":0}},"packable":true,"pixelsToUnit":100,"pivot":{"x":0.5,"y":0.5},"meshType":0}],[0],0,[0],[0],[0]]
