[1,["bbE6oVj+1KM54Gi9bNsNKf","31OowfHfdBOYaIv6ghxrtX@2dc13","31OowfHfdBOYaIv6ghxrtX@73535","31OowfHfdBOYaIv6ghxrtX@0bedf","23Z4aa1v5N3LqnreWI3Muw@6c48a","a3zQCfCrBCDZJ4uf2rk5u8"],["node","_mesh","root","data","mainTexture","_effectAsset"],[["cc.Node",["_name","_active","_prefab","_parent","_components","_children","_lscale"],1,4,1,9,2,5],["cc.Prefab",["_name"],2],["cc.PrefabInfo",["fileId","instance","targetOverrides","nestedPrefabInstanceRoots","root","asset"],-1,1,1],["cc.MeshRenderer",["node","__prefab","_materials","bakeSettings","_mesh"],3,1,4,3,4,6],["cc.CompPrefabInfo",["fileId"],2],["cc.ModelBakeSettings",[],3],["cc.Mesh",["_native","_hash","_struct"],1,11],["cc.Material",["_name","_states","_defines","_props"],0,12]],[[2,0,1,2,3,4,5,5],[3,0,1,2,3,4,1],[4,0,2],[5,1],[6,0,1,2,3],[0,0,1,3,4,2,3],[1,0,2],[0,0,5,2,6,2],[0,0,3,4,2,2],[7,0,1,2,3,4]],[[[[6,"durian"],[7,"durian",[-2,-3,-4],[0,"7eBjr6d6ZaGJXHCY5obsYb",null,null,null,-1,0],[1,3,3,3]],[5,"durian01",false,1,[[1,-5,[2,"09zAY0vntTNKeayw4oKCp2"],[0],[3],1]],[0,"8bCWktJoVUz7wctDt1yibO",null,null,null,1,0]],[5,"durian02",false,1,[[1,-6,[2,"58XufOi+FU8J/Hkm0vUcYm"],[2],[3],3]],[0,"504MK8zY1T0KzBjHNE+v5O",null,null,null,1,0]],[8,"durian",1,[[1,-7,[2,"87tXDaH+NXJosiuwYjXrm+"],[4],[3],5]],[0,"c8fYVW1OZcOrWMSKnFroRM",null,null,null,1,0]]],0,[0,2,1,0,-1,2,0,-2,3,0,-3,4,0,0,2,0,0,3,0,0,4,0,3,1,7],[0,0,0,0,0,0],[-1,1,-1,1,-1,1],[0,1,0,2,0,3]],[[[4,".bin",106006658,[{"primitives":[{"primitiveMode":7,"vertexBundelIndices":[0],"indexView":{"offset":20064,"length":4800,"count":2400,"stride":2}}],"vertexBundles":[{"view":{"offset":0,"length":20064,"count":418,"stride":48},"attributes":[{"name":"a_position","format":32,"isNormalized":false},{"name":"a_normal","format":32,"isNormalized":false},{"name":"a_texCoord","format":21,"isNormalized":false},{"name":"a_tangent","format":44,"isNormalized":false}]}]},"minPosition",8,[1,-0.09815038740634918,-0.10108790546655655,-0.08031820505857468],"maxPosition",8,[1,0.09815038740634918,0.14695851504802704,0.08735393732786179]]],-1],0,0,[],[],[]],[[[4,".bin",2827727510,[{"primitives":[{"primitiveMode":7,"vertexBundelIndices":[0],"indexView":{"offset":12096,"length":2520,"count":1260,"stride":2}}],"vertexBundles":[{"view":{"offset":0,"length":12096,"count":252,"stride":48},"attributes":[{"name":"a_position","format":32,"isNormalized":false},{"name":"a_normal","format":32,"isNormalized":false},{"name":"a_texCoord","format":21,"isNormalized":false},{"name":"a_tangent","format":44,"isNormalized":false}]}]},"minPosition",8,[1,-0.09815038740634918,-0.10108790546655655,-0.08021248131990433],"maxPosition",8,[1,0.000005869614142284263,0.101006880402565,0.08735393732786179]]],-1],0,0,[],[],[]],[[[4,".bin",4233773779,[{"primitives":[{"primitiveMode":7,"vertexBundelIndices":[0],"indexView":{"offset":13824,"length":2760,"count":1380,"stride":2}}],"vertexBundles":[{"view":{"offset":0,"length":13824,"count":288,"stride":48},"attributes":[{"name":"a_position","format":32,"isNormalized":false},{"name":"a_normal","format":32,"isNormalized":false},{"name":"a_texCoord","format":21,"isNormalized":false},{"name":"a_tangent","format":44,"isNormalized":false}]}]},"minPosition",8,[1,-0.011571601964533329,-0.10108790546655655,-0.08031820505857468],"maxPosition",8,[1,0.09815038740634918,0.14695851504802704,0.08735392242670059]]],-1],0,0,[],[],[]],[[[9,"durian",[{"rasterizerState":{},"depthStencilState":{},"blendState":{"targets":[{}]}}],[{"USE_TEXTURE":true}],[[[{},"mainTexture",6,0]],11]]],0,0,[0,0],[4,5],[4,5]]]]
