[1,["febRHM1WxHWLpOej+t5eoa","58+2ojG0tBAbC6ULmP2ehR@73b7f","58+2ojG0tBAbC6ULmP2ehR@deaaf","58+2ojG0tBAbC6ULmP2ehR@0739d","58+2ojG0tBAbC6ULmP2ehR@4f1de","d2dvr4WoFFnatqyIlKwTqb@6c48a","a3zQCfCrBCDZJ4uf2rk5u8"],["node","_mesh","root","data","_defaultClip","mainTexture","_effectAsset"],[["cc.Node",["_name","_active","_components","_prefab","_lscale","_parent","_lpos","_lrot","_euler","_children"],1,9,4,5,1,5,5,5,2],["cc.Mesh",["_native","_hash","_struct"],1,11],["cc.Prefab",["_name"],2],["cc.Animation",["node","__prefab","_clips","_defaultClip"],3,1,4,3,6],["cc.CompPrefabInfo",["fileId"],2],["cc.PrefabInfo",["fileId","instance","targetOverrides","nestedPrefabInstanceRoots","root","asset"],-1,1,1],["cc.MeshRenderer",["node","__prefab","_materials","bakeSettings","_mesh"],3,1,4,3,4,6],["cc.ModelBakeSettings",[],3],["cc.Material",["_name","_states","_defines","_props"],0,12]],[[4,0,2],[5,0,1,2,3,4,5,5],[1,0,1,2,3],[6,0,1,2,3,4,1],[7,1],[0,0,1,5,2,3,6,7,4,8,3],[2,0,2],[0,0,9,2,3,4,2],[0,0,5,2,3,6,7,4,8,2],[3,0,1,2,3,1],[8,0,1,2,3,4]],[[[[2,".bin",3884912074,[{"primitives":[{"primitiveMode":7,"vertexBundelIndices":[0],"indexView":{"offset":7584,"length":1296,"count":648,"stride":2}}],"vertexBundles":[{"view":{"offset":0,"length":7584,"count":158,"stride":48},"attributes":[{"name":"a_position","format":32,"isNormalized":false},{"name":"a_normal","format":32,"isNormalized":false},{"name":"a_texCoord","format":21,"isNormalized":false},{"name":"a_tangent","format":44,"isNormalized":false}]}]},"minPosition",8,[1,-0.000011229004485358018,-0.023002874106168747,-0.023002833127975464],"maxPosition",8,[1,0.02194604091346264,0.023002874106168747,0.023002833127975464]]],-1],0,0,[],[],[]],[[[2,".bin",1522905437,[{"primitives":[{"primitiveMode":7,"vertexBundelIndices":[0],"indexView":{"offset":5568,"length":1008,"count":504,"stride":2}}],"vertexBundles":[{"view":{"offset":0,"length":5568,"count":116,"stride":48},"attributes":[{"name":"a_position","format":32,"isNormalized":false},{"name":"a_normal","format":32,"isNormalized":false},{"name":"a_texCoord","format":21,"isNormalized":false},{"name":"a_tangent","format":44,"isNormalized":false}]}]},"minPosition",8,[1,-0.021590737625956535,-0.023002874106168747,-0.023002833127975464],"maxPosition",8,[1,0.000011229004485358018,0.023002874106168747,0.023002833127975464]]],-1],0,0,[],[],[]],[[[2,".bin",1704151991,[{"primitives":[{"primitiveMode":7,"vertexBundelIndices":[0],"indexView":{"offset":11280,"length":2160,"count":1080,"stride":2}}],"vertexBundles":[{"view":{"offset":0,"length":11280,"count":235,"stride":48},"attributes":[{"name":"a_position","format":32,"isNormalized":false},{"name":"a_normal","format":32,"isNormalized":false},{"name":"a_texCoord","format":21,"isNormalized":false},{"name":"a_tangent","format":44,"isNormalized":false}]}]},"minPosition",8,[1,-0.021695846691727638,-0.023002874106168747,-0.023002833127975464],"maxPosition",8,[1,0.021840933710336685,0.023002874106168747,0.023002833127975464]]],-1],0,0,[],[],[]],[[[6,"orange"],[7,"orange",[-3,-4,-5],[[9,-2,[0,"9fqOUsK41YTZ83lRZQrL6v"],[6],7]],[1,"30Md7QnLVRNIT6/EyXW+fR",null,null,null,-1,0],[1,7,7,7]],[8,"orange",1,[[3,-6,[0,"5eHnEyAEtZg4h8bpngmjUY"],[0],[4],1]],[1,"d50dhsMNVTkbq5sm0t2Nb+",null,null,null,1,0],[1,0,0.00010418258170830086,0],[3,-0.7071067811865476,0,0,0.7071067811865476],[1,1.0123845338821411,1.0123845338821411,1.0123845338821411],[1,-90.00000000000003,0,0]],[5,"orange01",false,1,[[3,-7,[0,"57B/KLYWxSFqOtCykmlxWb"],[2],[4],3]],[1,"65Q3z5kAFYN5rAdZweErdT",null,null,null,1,0],[1,-0.00015022713341750205,0.00010752185335149989,-0.000013959827811049763],[3,-0.7071067811865476,0,0,0.7071067811865476],[1,1.0123845338821411,1.0123845338821411,1.0123845338821411],[1,-90.00000000000003,0,0]],[5,"orange02",false,1,[[3,-8,[0,"29y5qlQIpfzr44yxnb2QI/"],[4],[4],5]],[1,"61AKFJgKJe5LaapsZuXZnR",null,null,null,1,0],[1,-0.00010641016706358641,0.00010418063175166026,1.5139579589984464e-9],[3,-0.7071067811865476,0,0,0.7071067811865476],[1,1.0123845338821411,1.0123845338821411,1.0123845338821411],[1,-90.00000000000003,0,0]]],0,[0,2,1,0,0,1,0,-1,2,0,-2,3,0,-3,4,0,0,2,0,0,3,0,0,4,0,3,1,8],[0,0,0,0,0,0,0,0],[-1,1,-1,1,-1,1,-1,4],[0,2,0,3,0,4,1,1]],[[[10,"orange",[{"rasterizerState":{},"depthStencilState":{},"blendState":{"targets":[{}]}}],[{"USE_TEXTURE":true}],[[[{},"mainTexture",6,0]],11]]],0,0,[0,0],[5,6],[5,6]]]]
