[1,["e9L7RSgU1GmKr7DYQMcZ31@6c48a"],["_textureSource"],["cc.SpriteFrame"],0,[{"name":"car114","rect":{"x":3,"y":32,"width":155,"height":100},"offset":{"x":0.5,"y":-2},"originalSize":{"width":160,"height":160},"rotated":false,"capInsets":[0,0,0,0],"vertices":{"rawPosition":[-77.5,-50,0,77.5,-50,0,-77.5,50,0,77.5,50,0],"indexes":[0,1,2,2,1,3],"uv":[3,128,158,128,3,28,158,28],"nuv":[0.01875,0.175,0.9875,0.175,0.01875,0.8,0.9875,0.8],"minPos":{"x":-77.5,"y":-50,"z":0},"maxPos":{"x":77.5,"y":50,"z":0}},"packable":true,"pixelsToUnit":100,"pivot":{"x":0.5,"y":0.5},"meshType":0}],[0],0,[0],[0],[0]]
