{"importBase":"import","nativeBase":"native","name":"main","deps":["internal"],"uuids":["057d12a28","1a7BxxCXZE+p94ZacxX52T","baIUdvKGZPgZxNbjWTFuRI","12Y9dMgWdJKJGmTiZyQR9H@2e76e","12fz43d3pLUqZb/9O8rPNr","6fAc9/gb9Kfr1dCvwZaWSA@b47c0","6fAc9/gb9Kfr1dCvwZaWSA@b47c0@40c10","6fAc9/gb9Kfr1dCvwZaWSA@b47c0@74afd","6fAc9/gb9Kfr1dCvwZaWSA@b47c0@7d38f","6fAc9/gb9Kfr1dCvwZaWSA@b47c0@8fd34","6fAc9/gb9Kfr1dCvwZaWSA@b47c0@bb97f","6fAc9/gb9Kfr1dCvwZaWSA@b47c0@e9a6d","a2pUoqoLNFX6QBfvEdNTiN","a2pUoqoLNFX6QBfvEdNTiN@6c48a","a3zQCfCrBCDZJ4uf2rk5u8","d0MqyYBeFAkIi762QNy1/B@b47c0","d0MqyYBeFAkIi762QNy1/B@b47c0@40c10","d0MqyYBeFAkIi762QNy1/B@b47c0@74afd","d0MqyYBeFAkIi762QNy1/B@b47c0@7d38f","d0MqyYBeFAkIi762QNy1/B@b47c0@8fd34","d0MqyYBeFAkIi762QNy1/B@b47c0@bb97f","d0MqyYBeFAkIi762QNy1/B@b47c0@e9a6d","fdjsU2o1RKF5x0TziDw3jI"],"paths":{"2":["db:/internal/physics/default-physics-material",1],"22":["db:/internal/default_renderpipeline/builtin-forward",0]},"scenes":{"db://assets/Scene/Game.scene":1},"packs":{"057d12a28":["3","4","1","5","6","7","8","9","10","11","15","16","17","18","19","20","21"]},"versions":{"import":[],"native":[]},"redirect":[14,"0",2,"0"],"debug":false,"extensionMap":{},"hasPreloadScript":true,"types":["cc.RenderPipeline","cc.PhysicsMaterial"]}