[1,["dapa/yT09Nmqz6uNhFuSru@6c48a"],["_textureSource"],["cc.SpriteFrame"],0,[{"name":"car108","rect":{"x":2,"y":24,"width":155,"height":114},"offset":{"x":-0.5,"y":-1},"originalSize":{"width":160,"height":160},"rotated":false,"capInsets":[0,0,0,0],"vertices":{"rawPosition":[-77.5,-57,0,77.5,-57,0,-77.5,57,0,77.5,57,0],"indexes":[0,1,2,2,1,3],"uv":[2,136,157,136,2,22,157,22],"nuv":[0.0125,0.1375,0.98125,0.1375,0.0125,0.85,0.98125,0.85],"minPos":{"x":-77.5,"y":-57,"z":0},"maxPos":{"x":77.5,"y":57,"z":0}},"packable":true,"pixelsToUnit":100,"pivot":{"x":0.5,"y":0.5},"meshType":0}],[0],0,[0],[0],[0]]
