[1,["f1cKMuETJOlahupykny1+L@6c48a"],["_textureSource"],["cc.SpriteFrame"],0,[{"name":"car109Black","rect":{"x":1,"y":22,"width":158,"height":120},"offset":{"x":0,"y":-2},"originalSize":{"width":160,"height":160},"rotated":false,"capInsets":[0,0,0,0],"vertices":{"rawPosition":[-79,-60,0,79,-60,0,-79,60,0,79,60,0],"indexes":[0,1,2,2,1,3],"uv":[1,138,159,138,1,18,159,18],"nuv":[0.00625,0.1125,0.99375,0.1125,0.00625,0.8625,0.99375,0.8625],"minPos":{"x":-79,"y":-60,"z":0},"maxPos":{"x":79,"y":60,"z":0}},"packable":true,"pixelsToUnit":100,"pivot":{"x":0.5,"y":0.5},"meshType":0}],[0],0,[0],[0],[0]]
