{"version":1,"document":[{"__type__":"cc.AnimationClip","_name":"cocos_anim_down","_objFlags":0,"_native":"","sample":30,"speed":1,"wrapMode":2,"enableTrsBlending":true,"_duration":2.633333444595337,"_hash":3570762681,"_tracks":[],"_exoticAnimation":{"__id__":1},"_events":[],"_embeddedPlayers":[]},{"__type__":"cc.animation.ExoticAnimation","_nodeAnimations":[{"__id__":2},{"__id__":9},{"__id__":16},{"__id__":23},{"__id__":30},{"__id__":37},{"__id__":44},{"__id__":51},{"__id__":58},{"__id__":65},{"__id__":72},{"__id__":79},{"__id__":86},{"__id__":93},{"__id__":100},{"__id__":107},{"__id__":114},{"__id__":121},{"__id__":128},{"__id__":135},{"__id__":142},{"__id__":149},{"__id__":156},{"__id__":163},{"__id__":170},{"__id__":177},{"__id__":184},{"__id__":191},{"__id__":198},{"__id__":205},{"__id__":212},{"__id__":219},{"__id__":226},{"__id__":233},{"__id__":240},{"__id__":247},{"__id__":254},{"__id__":261},{"__id__":268},{"__id__":275},{"__id__":282},{"__id__":289},{"__id__":296},{"__id__":303},{"__id__":310},{"__id__":317},{"__id__":324},{"__id__":331},{"__id__":338},{"__id__":345},{"__id__":352},{"__id__":359}]},{"__type__":"cc.animation.ExoticNodeAnimation","_path":"Bip002","_position":{"__id__":3},"_rotation":{"__id__":5},"_scale":{"__id__":7}},{"__type__":"cc.animation.ExoticTrack","times":{"__type__":"TypedArrayRef","ctor":"Float32Array","offset":0,"length":80},"values":{"__id__":4}},{"__type__":"cc.animation.ExoticVec3TrackValues","_values":{"__type__":"TypedArrayRef","ctor":"Float32Array","offset":320,"length":240},"_isQuantized":null},{"__type__":"cc.animation.ExoticTrack","times":{"__type__":"TypedArrayRef","ctor":"Float32Array","offset":1280,"length":80},"values":{"__id__":6}},{"__type__":"cc.animation.ExoticQuatTrackValues","_values":{"__type__":"TypedArrayRef","ctor":"Float32Array","offset":1600,"length":320},"_isQuantized":null},{"__type__":"cc.animation.ExoticTrack","times":{"__type__":"TypedArrayRef","ctor":"Float32Array","offset":2880,"length":80},"values":{"__id__":8}},{"__type__":"cc.animation.ExoticVec3TrackValues","_values":{"__type__":"TypedArrayRef","ctor":"Float32Array","offset":3200,"length":240},"_isQuantized":null},{"__type__":"cc.animation.ExoticNodeAnimation","_path":"Bip002/Bip002 Pelvis","_position":{"__id__":10},"_rotation":{"__id__":12},"_scale":{"__id__":14}},{"__type__":"cc.animation.ExoticTrack","times":{"__type__":"TypedArrayRef","ctor":"Float32Array","offset":4160,"length":80},"values":{"__id__":11}},{"__type__":"cc.animation.ExoticVec3TrackValues","_values":{"__type__":"TypedArrayRef","ctor":"Float32Array","offset":4480,"length":240},"_isQuantized":null},{"__type__":"cc.animation.ExoticTrack","times":{"__type__":"TypedArrayRef","ctor":"Float32Array","offset":5440,"length":80},"values":{"__id__":13}},{"__type__":"cc.animation.ExoticQuatTrackValues","_values":{"__type__":"TypedArrayRef","ctor":"Float32Array","offset":5760,"length":320},"_isQuantized":null},{"__type__":"cc.animation.ExoticTrack","times":{"__type__":"TypedArrayRef","ctor":"Float32Array","offset":7040,"length":80},"values":{"__id__":15}},{"__type__":"cc.animation.ExoticVec3TrackValues","_values":{"__type__":"TypedArrayRef","ctor":"Float32Array","offset":7360,"length":240},"_isQuantized":null},{"__type__":"cc.animation.ExoticNodeAnimation","_path":"Bip002/Bip002 Pelvis/Bip002 Spine","_position":{"__id__":17},"_rotation":{"__id__":19},"_scale":{"__id__":21}},{"__type__":"cc.animation.ExoticTrack","times":{"__type__":"TypedArrayRef","ctor":"Float32Array","offset":8320,"length":80},"values":{"__id__":18}},{"__type__":"cc.animation.ExoticVec3TrackValues","_values":{"__type__":"TypedArrayRef","ctor":"Float32Array","offset":8640,"length":240},"_isQuantized":null},{"__type__":"cc.animation.ExoticTrack","times":{"__type__":"TypedArrayRef","ctor":"Float32Array","offset":9600,"length":80},"values":{"__id__":20}},{"__type__":"cc.animation.ExoticQuatTrackValues","_values":{"__type__":"TypedArrayRef","ctor":"Float32Array","offset":9920,"length":320},"_isQuantized":null},{"__type__":"cc.animation.ExoticTrack","times":{"__type__":"TypedArrayRef","ctor":"Float32Array","offset":11200,"length":80},"values":{"__id__":22}},{"__type__":"cc.animation.ExoticVec3TrackValues","_values":{"__type__":"TypedArrayRef","ctor":"Float32Array","offset":11520,"length":240},"_isQuantized":null},{"__type__":"cc.animation.ExoticNodeAnimation","_path":"Bip002/Bip002 Pelvis/Bip002 Spine/Bip002 Spine1","_position":{"__id__":24},"_rotation":{"__id__":26},"_scale":{"__id__":28}},{"__type__":"cc.animation.ExoticTrack","times":{"__type__":"TypedArrayRef","ctor":"Float32Array","offset":12480,"length":80},"values":{"__id__":25}},{"__type__":"cc.animation.ExoticVec3TrackValues","_values":{"__type__":"TypedArrayRef","ctor":"Float32Array","offset":12800,"length":240},"_isQuantized":null},{"__type__":"cc.animation.ExoticTrack","times":{"__type__":"TypedArrayRef","ctor":"Float32Array","offset":13760,"length":80},"values":{"__id__":27}},{"__type__":"cc.animation.ExoticQuatTrackValues","_values":{"__type__":"TypedArrayRef","ctor":"Float32Array","offset":14080,"length":320},"_isQuantized":null},{"__type__":"cc.animation.ExoticTrack","times":{"__type__":"TypedArrayRef","ctor":"Float32Array","offset":15360,"length":80},"values":{"__id__":29}},{"__type__":"cc.animation.ExoticVec3TrackValues","_values":{"__type__":"TypedArrayRef","ctor":"Float32Array","offset":15680,"length":240},"_isQuantized":null},{"__type__":"cc.animation.ExoticNodeAnimation","_path":"Bip002/Bip002 Pelvis/Bip002 Spine/Bip002 Spine1/Bip002 Neck","_position":{"__id__":31},"_rotation":{"__id__":33},"_scale":{"__id__":35}},{"__type__":"cc.animation.ExoticTrack","times":{"__type__":"TypedArrayRef","ctor":"Float32Array","offset":16640,"length":80},"values":{"__id__":32}},{"__type__":"cc.animation.ExoticVec3TrackValues","_values":{"__type__":"TypedArrayRef","ctor":"Float32Array","offset":16960,"length":240},"_isQuantized":null},{"__type__":"cc.animation.ExoticTrack","times":{"__type__":"TypedArrayRef","ctor":"Float32Array","offset":17920,"length":80},"values":{"__id__":34}},{"__type__":"cc.animation.ExoticQuatTrackValues","_values":{"__type__":"TypedArrayRef","ctor":"Float32Array","offset":18240,"length":320},"_isQuantized":null},{"__type__":"cc.animation.ExoticTrack","times":{"__type__":"TypedArrayRef","ctor":"Float32Array","offset":19520,"length":80},"values":{"__id__":36}},{"__type__":"cc.animation.ExoticVec3TrackValues","_values":{"__type__":"TypedArrayRef","ctor":"Float32Array","offset":19840,"length":240},"_isQuantized":null},{"__type__":"cc.animation.ExoticNodeAnimation","_path":"Bip002/Bip002 Pelvis/Bip002 Spine/Bip002 Spine1/Bip002 Neck/Bip002 L Clavicle","_position":{"__id__":38},"_rotation":{"__id__":40},"_scale":{"__id__":42}},{"__type__":"cc.animation.ExoticTrack","times":{"__type__":"TypedArrayRef","ctor":"Float32Array","offset":20800,"length":80},"values":{"__id__":39}},{"__type__":"cc.animation.ExoticVec3TrackValues","_values":{"__type__":"TypedArrayRef","ctor":"Float32Array","offset":21120,"length":240},"_isQuantized":null},{"__type__":"cc.animation.ExoticTrack","times":{"__type__":"TypedArrayRef","ctor":"Float32Array","offset":22080,"length":80},"values":{"__id__":41}},{"__type__":"cc.animation.ExoticQuatTrackValues","_values":{"__type__":"TypedArrayRef","ctor":"Float32Array","offset":22400,"length":320},"_isQuantized":null},{"__type__":"cc.animation.ExoticTrack","times":{"__type__":"TypedArrayRef","ctor":"Float32Array","offset":23680,"length":80},"values":{"__id__":43}},{"__type__":"cc.animation.ExoticVec3TrackValues","_values":{"__type__":"TypedArrayRef","ctor":"Float32Array","offset":24000,"length":240},"_isQuantized":null},{"__type__":"cc.animation.ExoticNodeAnimation","_path":"Bip002/Bip002 Pelvis/Bip002 Spine/Bip002 Spine1/Bip002 Neck/Bip002 L Clavicle/Bip002 L UpperArm","_position":{"__id__":45},"_rotation":{"__id__":47},"_scale":{"__id__":49}},{"__type__":"cc.animation.ExoticTrack","times":{"__type__":"TypedArrayRef","ctor":"Float32Array","offset":24960,"length":80},"values":{"__id__":46}},{"__type__":"cc.animation.ExoticVec3TrackValues","_values":{"__type__":"TypedArrayRef","ctor":"Float32Array","offset":25280,"length":240},"_isQuantized":null},{"__type__":"cc.animation.ExoticTrack","times":{"__type__":"TypedArrayRef","ctor":"Float32Array","offset":26240,"length":80},"values":{"__id__":48}},{"__type__":"cc.animation.ExoticQuatTrackValues","_values":{"__type__":"TypedArrayRef","ctor":"Float32Array","offset":26560,"length":320},"_isQuantized":null},{"__type__":"cc.animation.ExoticTrack","times":{"__type__":"TypedArrayRef","ctor":"Float32Array","offset":27840,"length":80},"values":{"__id__":50}},{"__type__":"cc.animation.ExoticVec3TrackValues","_values":{"__type__":"TypedArrayRef","ctor":"Float32Array","offset":28160,"length":240},"_isQuantized":null},{"__type__":"cc.animation.ExoticNodeAnimation","_path":"Bip002/Bip002 Pelvis/Bip002 Spine/Bip002 Spine1/Bip002 Neck/Bip002 L Clavicle/Bip002 L UpperArm/Bip002 L Forearm","_position":{"__id__":52},"_rotation":{"__id__":54},"_scale":{"__id__":56}},{"__type__":"cc.animation.ExoticTrack","times":{"__type__":"TypedArrayRef","ctor":"Float32Array","offset":29120,"length":80},"values":{"__id__":53}},{"__type__":"cc.animation.ExoticVec3TrackValues","_values":{"__type__":"TypedArrayRef","ctor":"Float32Array","offset":29440,"length":240},"_isQuantized":null},{"__type__":"cc.animation.ExoticTrack","times":{"__type__":"TypedArrayRef","ctor":"Float32Array","offset":30400,"length":80},"values":{"__id__":55}},{"__type__":"cc.animation.ExoticQuatTrackValues","_values":{"__type__":"TypedArrayRef","ctor":"Float32Array","offset":30720,"length":320},"_isQuantized":null},{"__type__":"cc.animation.ExoticTrack","times":{"__type__":"TypedArrayRef","ctor":"Float32Array","offset":32000,"length":80},"values":{"__id__":57}},{"__type__":"cc.animation.ExoticVec3TrackValues","_values":{"__type__":"TypedArrayRef","ctor":"Float32Array","offset":32320,"length":240},"_isQuantized":null},{"__type__":"cc.animation.ExoticNodeAnimation","_path":"Bip002/Bip002 Pelvis/Bip002 Spine/Bip002 Spine1/Bip002 Neck/Bip002 L Clavicle/Bip002 L UpperArm/Bip002 L Forearm/Bip002 L Hand","_position":{"__id__":59},"_rotation":{"__id__":61},"_scale":{"__id__":63}},{"__type__":"cc.animation.ExoticTrack","times":{"__type__":"TypedArrayRef","ctor":"Float32Array","offset":33280,"length":80},"values":{"__id__":60}},{"__type__":"cc.animation.ExoticVec3TrackValues","_values":{"__type__":"TypedArrayRef","ctor":"Float32Array","offset":33600,"length":240},"_isQuantized":null},{"__type__":"cc.animation.ExoticTrack","times":{"__type__":"TypedArrayRef","ctor":"Float32Array","offset":34560,"length":80},"values":{"__id__":62}},{"__type__":"cc.animation.ExoticQuatTrackValues","_values":{"__type__":"TypedArrayRef","ctor":"Float32Array","offset":34880,"length":320},"_isQuantized":null},{"__type__":"cc.animation.ExoticTrack","times":{"__type__":"TypedArrayRef","ctor":"Float32Array","offset":36160,"length":80},"values":{"__id__":64}},{"__type__":"cc.animation.ExoticVec3TrackValues","_values":{"__type__":"TypedArrayRef","ctor":"Float32Array","offset":36480,"length":240},"_isQuantized":null},{"__type__":"cc.animation.ExoticNodeAnimation","_path":"Bip002/Bip002 Pelvis/Bip002 Spine/Bip002 Spine1/Bip002 Neck/Bip002 L Clavicle/Bip002 L UpperArm/Bip002 L Forearm/Bip002 L Hand/Bip002 L Finger0","_position":{"__id__":66},"_rotation":{"__id__":68},"_scale":{"__id__":70}},{"__type__":"cc.animation.ExoticTrack","times":{"__type__":"TypedArrayRef","ctor":"Float32Array","offset":37440,"length":80},"values":{"__id__":67}},{"__type__":"cc.animation.ExoticVec3TrackValues","_values":{"__type__":"TypedArrayRef","ctor":"Float32Array","offset":37760,"length":240},"_isQuantized":null},{"__type__":"cc.animation.ExoticTrack","times":{"__type__":"TypedArrayRef","ctor":"Float32Array","offset":38720,"length":80},"values":{"__id__":69}},{"__type__":"cc.animation.ExoticQuatTrackValues","_values":{"__type__":"TypedArrayRef","ctor":"Float32Array","offset":39040,"length":320},"_isQuantized":null},{"__type__":"cc.animation.ExoticTrack","times":{"__type__":"TypedArrayRef","ctor":"Float32Array","offset":40320,"length":80},"values":{"__id__":71}},{"__type__":"cc.animation.ExoticVec3TrackValues","_values":{"__type__":"TypedArrayRef","ctor":"Float32Array","offset":40640,"length":240},"_isQuantized":null},{"__type__":"cc.animation.ExoticNodeAnimation","_path":"Bip002/Bip002 Pelvis/Bip002 Spine/Bip002 Spine1/Bip002 Neck/Bip002 L Clavicle/Bip002 L UpperArm/Bip002 L Forearm/Bip002 L Hand/Bip002 L Finger0/Bip002 L Finger01","_position":{"__id__":73},"_rotation":{"__id__":75},"_scale":{"__id__":77}},{"__type__":"cc.animation.ExoticTrack","times":{"__type__":"TypedArrayRef","ctor":"Float32Array","offset":41600,"length":80},"values":{"__id__":74}},{"__type__":"cc.animation.ExoticVec3TrackValues","_values":{"__type__":"TypedArrayRef","ctor":"Float32Array","offset":41920,"length":240},"_isQuantized":null},{"__type__":"cc.animation.ExoticTrack","times":{"__type__":"TypedArrayRef","ctor":"Float32Array","offset":42880,"length":80},"values":{"__id__":76}},{"__type__":"cc.animation.ExoticQuatTrackValues","_values":{"__type__":"TypedArrayRef","ctor":"Float32Array","offset":43200,"length":320},"_isQuantized":null},{"__type__":"cc.animation.ExoticTrack","times":{"__type__":"TypedArrayRef","ctor":"Float32Array","offset":44480,"length":80},"values":{"__id__":78}},{"__type__":"cc.animation.ExoticVec3TrackValues","_values":{"__type__":"TypedArrayRef","ctor":"Float32Array","offset":44800,"length":240},"_isQuantized":null},{"__type__":"cc.animation.ExoticNodeAnimation","_path":"Bip002/Bip002 Pelvis/Bip002 Spine/Bip002 Spine1/Bip002 Neck/Bip002 L Clavicle/Bip002 L UpperArm/Bip002 L Forearm/Bip002 L Hand/Bip002 L Finger0/Bip002 L Finger01/Bip002 L Finger02","_position":{"__id__":80},"_rotation":{"__id__":82},"_scale":{"__id__":84}},{"__type__":"cc.animation.ExoticTrack","times":{"__type__":"TypedArrayRef","ctor":"Float32Array","offset":45760,"length":80},"values":{"__id__":81}},{"__type__":"cc.animation.ExoticVec3TrackValues","_values":{"__type__":"TypedArrayRef","ctor":"Float32Array","offset":46080,"length":240},"_isQuantized":null},{"__type__":"cc.animation.ExoticTrack","times":{"__type__":"TypedArrayRef","ctor":"Float32Array","offset":47040,"length":80},"values":{"__id__":83}},{"__type__":"cc.animation.ExoticQuatTrackValues","_values":{"__type__":"TypedArrayRef","ctor":"Float32Array","offset":47360,"length":320},"_isQuantized":null},{"__type__":"cc.animation.ExoticTrack","times":{"__type__":"TypedArrayRef","ctor":"Float32Array","offset":48640,"length":80},"values":{"__id__":85}},{"__type__":"cc.animation.ExoticVec3TrackValues","_values":{"__type__":"TypedArrayRef","ctor":"Float32Array","offset":48960,"length":240},"_isQuantized":null},{"__type__":"cc.animation.ExoticNodeAnimation","_path":"Bip002/Bip002 Pelvis/Bip002 Spine/Bip002 Spine1/Bip002 Neck/Bip002 L Clavicle/Bip002 L UpperArm/Bip002 L Forearm/Bip002 L Hand/Bip002 L Finger1","_position":{"__id__":87},"_rotation":{"__id__":89},"_scale":{"__id__":91}},{"__type__":"cc.animation.ExoticTrack","times":{"__type__":"TypedArrayRef","ctor":"Float32Array","offset":49920,"length":80},"values":{"__id__":88}},{"__type__":"cc.animation.ExoticVec3TrackValues","_values":{"__type__":"TypedArrayRef","ctor":"Float32Array","offset":50240,"length":240},"_isQuantized":null},{"__type__":"cc.animation.ExoticTrack","times":{"__type__":"TypedArrayRef","ctor":"Float32Array","offset":51200,"length":80},"values":{"__id__":90}},{"__type__":"cc.animation.ExoticQuatTrackValues","_values":{"__type__":"TypedArrayRef","ctor":"Float32Array","offset":51520,"length":320},"_isQuantized":null},{"__type__":"cc.animation.ExoticTrack","times":{"__type__":"TypedArrayRef","ctor":"Float32Array","offset":52800,"length":80},"values":{"__id__":92}},{"__type__":"cc.animation.ExoticVec3TrackValues","_values":{"__type__":"TypedArrayRef","ctor":"Float32Array","offset":53120,"length":240},"_isQuantized":null},{"__type__":"cc.animation.ExoticNodeAnimation","_path":"Bip002/Bip002 Pelvis/Bip002 Spine/Bip002 Spine1/Bip002 Neck/Bip002 L Clavicle/Bip002 L UpperArm/Bip002 L Forearm/Bip002 L Hand/Bip002 L Finger1/Bip002 L Finger11","_position":{"__id__":94},"_rotation":{"__id__":96},"_scale":{"__id__":98}},{"__type__":"cc.animation.ExoticTrack","times":{"__type__":"TypedArrayRef","ctor":"Float32Array","offset":54080,"length":80},"values":{"__id__":95}},{"__type__":"cc.animation.ExoticVec3TrackValues","_values":{"__type__":"TypedArrayRef","ctor":"Float32Array","offset":54400,"length":240},"_isQuantized":null},{"__type__":"cc.animation.ExoticTrack","times":{"__type__":"TypedArrayRef","ctor":"Float32Array","offset":55360,"length":80},"values":{"__id__":97}},{"__type__":"cc.animation.ExoticQuatTrackValues","_values":{"__type__":"TypedArrayRef","ctor":"Float32Array","offset":55680,"length":320},"_isQuantized":null},{"__type__":"cc.animation.ExoticTrack","times":{"__type__":"TypedArrayRef","ctor":"Float32Array","offset":56960,"length":80},"values":{"__id__":99}},{"__type__":"cc.animation.ExoticVec3TrackValues","_values":{"__type__":"TypedArrayRef","ctor":"Float32Array","offset":57280,"length":240},"_isQuantized":null},{"__type__":"cc.animation.ExoticNodeAnimation","_path":"Bip002/Bip002 Pelvis/Bip002 Spine/Bip002 Spine1/Bip002 Neck/Bip002 L Clavicle/Bip002 L UpperArm/Bip002 L Forearm/Bip002 L Hand/Bip002 L Finger1/Bip002 L Finger11/Bip002 L Finger12","_position":{"__id__":101},"_rotation":{"__id__":103},"_scale":{"__id__":105}},{"__type__":"cc.animation.ExoticTrack","times":{"__type__":"TypedArrayRef","ctor":"Float32Array","offset":58240,"length":80},"values":{"__id__":102}},{"__type__":"cc.animation.ExoticVec3TrackValues","_values":{"__type__":"TypedArrayRef","ctor":"Float32Array","offset":58560,"length":240},"_isQuantized":null},{"__type__":"cc.animation.ExoticTrack","times":{"__type__":"TypedArrayRef","ctor":"Float32Array","offset":59520,"length":80},"values":{"__id__":104}},{"__type__":"cc.animation.ExoticQuatTrackValues","_values":{"__type__":"TypedArrayRef","ctor":"Float32Array","offset":59840,"length":320},"_isQuantized":null},{"__type__":"cc.animation.ExoticTrack","times":{"__type__":"TypedArrayRef","ctor":"Float32Array","offset":61120,"length":80},"values":{"__id__":106}},{"__type__":"cc.animation.ExoticVec3TrackValues","_values":{"__type__":"TypedArrayRef","ctor":"Float32Array","offset":61440,"length":240},"_isQuantized":null},{"__type__":"cc.animation.ExoticNodeAnimation","_path":"Bip002/Bip002 Pelvis/Bip002 Spine/Bip002 Spine1/Bip002 Neck/Bip002 L Clavicle/Bip002 L UpperArm/Bip002 L Forearm/Bip002 L Hand/Bip002 L Finger2","_position":{"__id__":108},"_rotation":{"__id__":110},"_scale":{"__id__":112}},{"__type__":"cc.animation.ExoticTrack","times":{"__type__":"TypedArrayRef","ctor":"Float32Array","offset":62400,"length":80},"values":{"__id__":109}},{"__type__":"cc.animation.ExoticVec3TrackValues","_values":{"__type__":"TypedArrayRef","ctor":"Float32Array","offset":62720,"length":240},"_isQuantized":null},{"__type__":"cc.animation.ExoticTrack","times":{"__type__":"TypedArrayRef","ctor":"Float32Array","offset":63680,"length":80},"values":{"__id__":111}},{"__type__":"cc.animation.ExoticQuatTrackValues","_values":{"__type__":"TypedArrayRef","ctor":"Float32Array","offset":64000,"length":320},"_isQuantized":null},{"__type__":"cc.animation.ExoticTrack","times":{"__type__":"TypedArrayRef","ctor":"Float32Array","offset":65280,"length":80},"values":{"__id__":113}},{"__type__":"cc.animation.ExoticVec3TrackValues","_values":{"__type__":"TypedArrayRef","ctor":"Float32Array","offset":65600,"length":240},"_isQuantized":null},{"__type__":"cc.animation.ExoticNodeAnimation","_path":"Bip002/Bip002 Pelvis/Bip002 Spine/Bip002 Spine1/Bip002 Neck/Bip002 L Clavicle/Bip002 L UpperArm/Bip002 L Forearm/Bip002 L Hand/Bip002 L Finger2/Bip002 L Finger21","_position":{"__id__":115},"_rotation":{"__id__":117},"_scale":{"__id__":119}},{"__type__":"cc.animation.ExoticTrack","times":{"__type__":"TypedArrayRef","ctor":"Float32Array","offset":66560,"length":80},"values":{"__id__":116}},{"__type__":"cc.animation.ExoticVec3TrackValues","_values":{"__type__":"TypedArrayRef","ctor":"Float32Array","offset":66880,"length":240},"_isQuantized":null},{"__type__":"cc.animation.ExoticTrack","times":{"__type__":"TypedArrayRef","ctor":"Float32Array","offset":67840,"length":80},"values":{"__id__":118}},{"__type__":"cc.animation.ExoticQuatTrackValues","_values":{"__type__":"TypedArrayRef","ctor":"Float32Array","offset":68160,"length":320},"_isQuantized":null},{"__type__":"cc.animation.ExoticTrack","times":{"__type__":"TypedArrayRef","ctor":"Float32Array","offset":69440,"length":80},"values":{"__id__":120}},{"__type__":"cc.animation.ExoticVec3TrackValues","_values":{"__type__":"TypedArrayRef","ctor":"Float32Array","offset":69760,"length":240},"_isQuantized":null},{"__type__":"cc.animation.ExoticNodeAnimation","_path":"Bip002/Bip002 Pelvis/Bip002 Spine/Bip002 Spine1/Bip002 Neck/Bip002 L Clavicle/Bip002 L UpperArm/Bip002 L Forearm/Bip002 L Hand/Bip002 L Finger2/Bip002 L Finger21/Bip002 L Finger22","_position":{"__id__":122},"_rotation":{"__id__":124},"_scale":{"__id__":126}},{"__type__":"cc.animation.ExoticTrack","times":{"__type__":"TypedArrayRef","ctor":"Float32Array","offset":70720,"length":80},"values":{"__id__":123}},{"__type__":"cc.animation.ExoticVec3TrackValues","_values":{"__type__":"TypedArrayRef","ctor":"Float32Array","offset":71040,"length":240},"_isQuantized":null},{"__type__":"cc.animation.ExoticTrack","times":{"__type__":"TypedArrayRef","ctor":"Float32Array","offset":72000,"length":80},"values":{"__id__":125}},{"__type__":"cc.animation.ExoticQuatTrackValues","_values":{"__type__":"TypedArrayRef","ctor":"Float32Array","offset":72320,"length":320},"_isQuantized":null},{"__type__":"cc.animation.ExoticTrack","times":{"__type__":"TypedArrayRef","ctor":"Float32Array","offset":73600,"length":80},"values":{"__id__":127}},{"__type__":"cc.animation.ExoticVec3TrackValues","_values":{"__type__":"TypedArrayRef","ctor":"Float32Array","offset":73920,"length":240},"_isQuantized":null},{"__type__":"cc.animation.ExoticNodeAnimation","_path":"Bip002/Bip002 Pelvis/Bip002 Spine/Bip002 Spine1/Bip002 Neck/Bip002 L Clavicle/Bip002 L UpperArm/Bip002 L Forearm/Bip002 L Hand/Bip002 L Finger3","_position":{"__id__":129},"_rotation":{"__id__":131},"_scale":{"__id__":133}},{"__type__":"cc.animation.ExoticTrack","times":{"__type__":"TypedArrayRef","ctor":"Float32Array","offset":74880,"length":80},"values":{"__id__":130}},{"__type__":"cc.animation.ExoticVec3TrackValues","_values":{"__type__":"TypedArrayRef","ctor":"Float32Array","offset":75200,"length":240},"_isQuantized":null},{"__type__":"cc.animation.ExoticTrack","times":{"__type__":"TypedArrayRef","ctor":"Float32Array","offset":76160,"length":80},"values":{"__id__":132}},{"__type__":"cc.animation.ExoticQuatTrackValues","_values":{"__type__":"TypedArrayRef","ctor":"Float32Array","offset":76480,"length":320},"_isQuantized":null},{"__type__":"cc.animation.ExoticTrack","times":{"__type__":"TypedArrayRef","ctor":"Float32Array","offset":77760,"length":80},"values":{"__id__":134}},{"__type__":"cc.animation.ExoticVec3TrackValues","_values":{"__type__":"TypedArrayRef","ctor":"Float32Array","offset":78080,"length":240},"_isQuantized":null},{"__type__":"cc.animation.ExoticNodeAnimation","_path":"Bip002/Bip002 Pelvis/Bip002 Spine/Bip002 Spine1/Bip002 Neck/Bip002 L Clavicle/Bip002 L UpperArm/Bip002 L Forearm/Bip002 L Hand/Bip002 L Finger3/Bip002 L Finger31","_position":{"__id__":136},"_rotation":{"__id__":138},"_scale":{"__id__":140}},{"__type__":"cc.animation.ExoticTrack","times":{"__type__":"TypedArrayRef","ctor":"Float32Array","offset":79040,"length":80},"values":{"__id__":137}},{"__type__":"cc.animation.ExoticVec3TrackValues","_values":{"__type__":"TypedArrayRef","ctor":"Float32Array","offset":79360,"length":240},"_isQuantized":null},{"__type__":"cc.animation.ExoticTrack","times":{"__type__":"TypedArrayRef","ctor":"Float32Array","offset":80320,"length":80},"values":{"__id__":139}},{"__type__":"cc.animation.ExoticQuatTrackValues","_values":{"__type__":"TypedArrayRef","ctor":"Float32Array","offset":80640,"length":320},"_isQuantized":null},{"__type__":"cc.animation.ExoticTrack","times":{"__type__":"TypedArrayRef","ctor":"Float32Array","offset":81920,"length":80},"values":{"__id__":141}},{"__type__":"cc.animation.ExoticVec3TrackValues","_values":{"__type__":"TypedArrayRef","ctor":"Float32Array","offset":82240,"length":240},"_isQuantized":null},{"__type__":"cc.animation.ExoticNodeAnimation","_path":"Bip002/Bip002 Pelvis/Bip002 Spine/Bip002 Spine1/Bip002 Neck/Bip002 L Clavicle/Bip002 L UpperArm/Bip002 L Forearm/Bip002 L Hand/Bip002 L Finger3/Bip002 L Finger31/Bip002 L Finger32","_position":{"__id__":143},"_rotation":{"__id__":145},"_scale":{"__id__":147}},{"__type__":"cc.animation.ExoticTrack","times":{"__type__":"TypedArrayRef","ctor":"Float32Array","offset":83200,"length":80},"values":{"__id__":144}},{"__type__":"cc.animation.ExoticVec3TrackValues","_values":{"__type__":"TypedArrayRef","ctor":"Float32Array","offset":83520,"length":240},"_isQuantized":null},{"__type__":"cc.animation.ExoticTrack","times":{"__type__":"TypedArrayRef","ctor":"Float32Array","offset":84480,"length":80},"values":{"__id__":146}},{"__type__":"cc.animation.ExoticQuatTrackValues","_values":{"__type__":"TypedArrayRef","ctor":"Float32Array","offset":84800,"length":320},"_isQuantized":null},{"__type__":"cc.animation.ExoticTrack","times":{"__type__":"TypedArrayRef","ctor":"Float32Array","offset":86080,"length":80},"values":{"__id__":148}},{"__type__":"cc.animation.ExoticVec3TrackValues","_values":{"__type__":"TypedArrayRef","ctor":"Float32Array","offset":86400,"length":240},"_isQuantized":null},{"__type__":"cc.animation.ExoticNodeAnimation","_path":"Bip002/Bip002 Pelvis/Bip002 Spine/Bip002 Spine1/Bip002 Neck/Bip002 L Clavicle/Bip002 L UpperArm/Bip002 L Forearm/Bip002 L Hand/Bip002 L Finger4","_position":{"__id__":150},"_rotation":{"__id__":152},"_scale":{"__id__":154}},{"__type__":"cc.animation.ExoticTrack","times":{"__type__":"TypedArrayRef","ctor":"Float32Array","offset":87360,"length":80},"values":{"__id__":151}},{"__type__":"cc.animation.ExoticVec3TrackValues","_values":{"__type__":"TypedArrayRef","ctor":"Float32Array","offset":87680,"length":240},"_isQuantized":null},{"__type__":"cc.animation.ExoticTrack","times":{"__type__":"TypedArrayRef","ctor":"Float32Array","offset":88640,"length":80},"values":{"__id__":153}},{"__type__":"cc.animation.ExoticQuatTrackValues","_values":{"__type__":"TypedArrayRef","ctor":"Float32Array","offset":88960,"length":320},"_isQuantized":null},{"__type__":"cc.animation.ExoticTrack","times":{"__type__":"TypedArrayRef","ctor":"Float32Array","offset":90240,"length":80},"values":{"__id__":155}},{"__type__":"cc.animation.ExoticVec3TrackValues","_values":{"__type__":"TypedArrayRef","ctor":"Float32Array","offset":90560,"length":240},"_isQuantized":null},{"__type__":"cc.animation.ExoticNodeAnimation","_path":"Bip002/Bip002 Pelvis/Bip002 Spine/Bip002 Spine1/Bip002 Neck/Bip002 L Clavicle/Bip002 L UpperArm/Bip002 L Forearm/Bip002 L Hand/Bip002 L Finger4/Bip002 L Finger41","_position":{"__id__":157},"_rotation":{"__id__":159},"_scale":{"__id__":161}},{"__type__":"cc.animation.ExoticTrack","times":{"__type__":"TypedArrayRef","ctor":"Float32Array","offset":91520,"length":80},"values":{"__id__":158}},{"__type__":"cc.animation.ExoticVec3TrackValues","_values":{"__type__":"TypedArrayRef","ctor":"Float32Array","offset":91840,"length":240},"_isQuantized":null},{"__type__":"cc.animation.ExoticTrack","times":{"__type__":"TypedArrayRef","ctor":"Float32Array","offset":92800,"length":80},"values":{"__id__":160}},{"__type__":"cc.animation.ExoticQuatTrackValues","_values":{"__type__":"TypedArrayRef","ctor":"Float32Array","offset":93120,"length":320},"_isQuantized":null},{"__type__":"cc.animation.ExoticTrack","times":{"__type__":"TypedArrayRef","ctor":"Float32Array","offset":94400,"length":80},"values":{"__id__":162}},{"__type__":"cc.animation.ExoticVec3TrackValues","_values":{"__type__":"TypedArrayRef","ctor":"Float32Array","offset":94720,"length":240},"_isQuantized":null},{"__type__":"cc.animation.ExoticNodeAnimation","_path":"Bip002/Bip002 Pelvis/Bip002 Spine/Bip002 Spine1/Bip002 Neck/Bip002 L Clavicle/Bip002 L UpperArm/Bip002 L Forearm/Bip002 L Hand/Bip002 L Finger4/Bip002 L Finger41/Bip002 L Finger42","_position":{"__id__":164},"_rotation":{"__id__":166},"_scale":{"__id__":168}},{"__type__":"cc.animation.ExoticTrack","times":{"__type__":"TypedArrayRef","ctor":"Float32Array","offset":95680,"length":80},"values":{"__id__":165}},{"__type__":"cc.animation.ExoticVec3TrackValues","_values":{"__type__":"TypedArrayRef","ctor":"Float32Array","offset":96000,"length":240},"_isQuantized":null},{"__type__":"cc.animation.ExoticTrack","times":{"__type__":"TypedArrayRef","ctor":"Float32Array","offset":96960,"length":80},"values":{"__id__":167}},{"__type__":"cc.animation.ExoticQuatTrackValues","_values":{"__type__":"TypedArrayRef","ctor":"Float32Array","offset":97280,"length":320},"_isQuantized":null},{"__type__":"cc.animation.ExoticTrack","times":{"__type__":"TypedArrayRef","ctor":"Float32Array","offset":98560,"length":80},"values":{"__id__":169}},{"__type__":"cc.animation.ExoticVec3TrackValues","_values":{"__type__":"TypedArrayRef","ctor":"Float32Array","offset":98880,"length":240},"_isQuantized":null},{"__type__":"cc.animation.ExoticNodeAnimation","_path":"Bip002/Bip002 Pelvis/Bip002 Spine/Bip002 Spine1/Bip002 Neck/Bip002 R Clavicle","_position":{"__id__":171},"_rotation":{"__id__":173},"_scale":{"__id__":175}},{"__type__":"cc.animation.ExoticTrack","times":{"__type__":"TypedArrayRef","ctor":"Float32Array","offset":99840,"length":80},"values":{"__id__":172}},{"__type__":"cc.animation.ExoticVec3TrackValues","_values":{"__type__":"TypedArrayRef","ctor":"Float32Array","offset":100160,"length":240},"_isQuantized":null},{"__type__":"cc.animation.ExoticTrack","times":{"__type__":"TypedArrayRef","ctor":"Float32Array","offset":101120,"length":80},"values":{"__id__":174}},{"__type__":"cc.animation.ExoticQuatTrackValues","_values":{"__type__":"TypedArrayRef","ctor":"Float32Array","offset":101440,"length":320},"_isQuantized":null},{"__type__":"cc.animation.ExoticTrack","times":{"__type__":"TypedArrayRef","ctor":"Float32Array","offset":102720,"length":80},"values":{"__id__":176}},{"__type__":"cc.animation.ExoticVec3TrackValues","_values":{"__type__":"TypedArrayRef","ctor":"Float32Array","offset":103040,"length":240},"_isQuantized":null},{"__type__":"cc.animation.ExoticNodeAnimation","_path":"Bip002/Bip002 Pelvis/Bip002 Spine/Bip002 Spine1/Bip002 Neck/Bip002 R Clavicle/Bip002 R UpperArm","_position":{"__id__":178},"_rotation":{"__id__":180},"_scale":{"__id__":182}},{"__type__":"cc.animation.ExoticTrack","times":{"__type__":"TypedArrayRef","ctor":"Float32Array","offset":104000,"length":80},"values":{"__id__":179}},{"__type__":"cc.animation.ExoticVec3TrackValues","_values":{"__type__":"TypedArrayRef","ctor":"Float32Array","offset":104320,"length":240},"_isQuantized":null},{"__type__":"cc.animation.ExoticTrack","times":{"__type__":"TypedArrayRef","ctor":"Float32Array","offset":105280,"length":80},"values":{"__id__":181}},{"__type__":"cc.animation.ExoticQuatTrackValues","_values":{"__type__":"TypedArrayRef","ctor":"Float32Array","offset":105600,"length":320},"_isQuantized":null},{"__type__":"cc.animation.ExoticTrack","times":{"__type__":"TypedArrayRef","ctor":"Float32Array","offset":106880,"length":80},"values":{"__id__":183}},{"__type__":"cc.animation.ExoticVec3TrackValues","_values":{"__type__":"TypedArrayRef","ctor":"Float32Array","offset":107200,"length":240},"_isQuantized":null},{"__type__":"cc.animation.ExoticNodeAnimation","_path":"Bip002/Bip002 Pelvis/Bip002 Spine/Bip002 Spine1/Bip002 Neck/Bip002 R Clavicle/Bip002 R UpperArm/Bip002 R Forearm","_position":{"__id__":185},"_rotation":{"__id__":187},"_scale":{"__id__":189}},{"__type__":"cc.animation.ExoticTrack","times":{"__type__":"TypedArrayRef","ctor":"Float32Array","offset":108160,"length":80},"values":{"__id__":186}},{"__type__":"cc.animation.ExoticVec3TrackValues","_values":{"__type__":"TypedArrayRef","ctor":"Float32Array","offset":108480,"length":240},"_isQuantized":null},{"__type__":"cc.animation.ExoticTrack","times":{"__type__":"TypedArrayRef","ctor":"Float32Array","offset":109440,"length":80},"values":{"__id__":188}},{"__type__":"cc.animation.ExoticQuatTrackValues","_values":{"__type__":"TypedArrayRef","ctor":"Float32Array","offset":109760,"length":320},"_isQuantized":null},{"__type__":"cc.animation.ExoticTrack","times":{"__type__":"TypedArrayRef","ctor":"Float32Array","offset":111040,"length":80},"values":{"__id__":190}},{"__type__":"cc.animation.ExoticVec3TrackValues","_values":{"__type__":"TypedArrayRef","ctor":"Float32Array","offset":111360,"length":240},"_isQuantized":null},{"__type__":"cc.animation.ExoticNodeAnimation","_path":"Bip002/Bip002 Pelvis/Bip002 Spine/Bip002 Spine1/Bip002 Neck/Bip002 R Clavicle/Bip002 R UpperArm/Bip002 R Forearm/Bip002 R Hand","_position":{"__id__":192},"_rotation":{"__id__":194},"_scale":{"__id__":196}},{"__type__":"cc.animation.ExoticTrack","times":{"__type__":"TypedArrayRef","ctor":"Float32Array","offset":112320,"length":80},"values":{"__id__":193}},{"__type__":"cc.animation.ExoticVec3TrackValues","_values":{"__type__":"TypedArrayRef","ctor":"Float32Array","offset":112640,"length":240},"_isQuantized":null},{"__type__":"cc.animation.ExoticTrack","times":{"__type__":"TypedArrayRef","ctor":"Float32Array","offset":113600,"length":80},"values":{"__id__":195}},{"__type__":"cc.animation.ExoticQuatTrackValues","_values":{"__type__":"TypedArrayRef","ctor":"Float32Array","offset":113920,"length":320},"_isQuantized":null},{"__type__":"cc.animation.ExoticTrack","times":{"__type__":"TypedArrayRef","ctor":"Float32Array","offset":115200,"length":80},"values":{"__id__":197}},{"__type__":"cc.animation.ExoticVec3TrackValues","_values":{"__type__":"TypedArrayRef","ctor":"Float32Array","offset":115520,"length":240},"_isQuantized":null},{"__type__":"cc.animation.ExoticNodeAnimation","_path":"Bip002/Bip002 Pelvis/Bip002 Spine/Bip002 Spine1/Bip002 Neck/Bip002 R Clavicle/Bip002 R UpperArm/Bip002 R Forearm/Bip002 R Hand/Bip002 R Finger0","_position":{"__id__":199},"_rotation":{"__id__":201},"_scale":{"__id__":203}},{"__type__":"cc.animation.ExoticTrack","times":{"__type__":"TypedArrayRef","ctor":"Float32Array","offset":116480,"length":80},"values":{"__id__":200}},{"__type__":"cc.animation.ExoticVec3TrackValues","_values":{"__type__":"TypedArrayRef","ctor":"Float32Array","offset":116800,"length":240},"_isQuantized":null},{"__type__":"cc.animation.ExoticTrack","times":{"__type__":"TypedArrayRef","ctor":"Float32Array","offset":117760,"length":80},"values":{"__id__":202}},{"__type__":"cc.animation.ExoticQuatTrackValues","_values":{"__type__":"TypedArrayRef","ctor":"Float32Array","offset":118080,"length":320},"_isQuantized":null},{"__type__":"cc.animation.ExoticTrack","times":{"__type__":"TypedArrayRef","ctor":"Float32Array","offset":119360,"length":80},"values":{"__id__":204}},{"__type__":"cc.animation.ExoticVec3TrackValues","_values":{"__type__":"TypedArrayRef","ctor":"Float32Array","offset":119680,"length":240},"_isQuantized":null},{"__type__":"cc.animation.ExoticNodeAnimation","_path":"Bip002/Bip002 Pelvis/Bip002 Spine/Bip002 Spine1/Bip002 Neck/Bip002 R Clavicle/Bip002 R UpperArm/Bip002 R Forearm/Bip002 R Hand/Bip002 R Finger0/Bip002 R Finger01","_position":{"__id__":206},"_rotation":{"__id__":208},"_scale":{"__id__":210}},{"__type__":"cc.animation.ExoticTrack","times":{"__type__":"TypedArrayRef","ctor":"Float32Array","offset":120640,"length":80},"values":{"__id__":207}},{"__type__":"cc.animation.ExoticVec3TrackValues","_values":{"__type__":"TypedArrayRef","ctor":"Float32Array","offset":120960,"length":240},"_isQuantized":null},{"__type__":"cc.animation.ExoticTrack","times":{"__type__":"TypedArrayRef","ctor":"Float32Array","offset":121920,"length":80},"values":{"__id__":209}},{"__type__":"cc.animation.ExoticQuatTrackValues","_values":{"__type__":"TypedArrayRef","ctor":"Float32Array","offset":122240,"length":320},"_isQuantized":null},{"__type__":"cc.animation.ExoticTrack","times":{"__type__":"TypedArrayRef","ctor":"Float32Array","offset":123520,"length":80},"values":{"__id__":211}},{"__type__":"cc.animation.ExoticVec3TrackValues","_values":{"__type__":"TypedArrayRef","ctor":"Float32Array","offset":123840,"length":240},"_isQuantized":null},{"__type__":"cc.animation.ExoticNodeAnimation","_path":"Bip002/Bip002 Pelvis/Bip002 Spine/Bip002 Spine1/Bip002 Neck/Bip002 R Clavicle/Bip002 R UpperArm/Bip002 R Forearm/Bip002 R Hand/Bip002 R Finger0/Bip002 R Finger01/Bip002 R Finger02","_position":{"__id__":213},"_rotation":{"__id__":215},"_scale":{"__id__":217}},{"__type__":"cc.animation.ExoticTrack","times":{"__type__":"TypedArrayRef","ctor":"Float32Array","offset":124800,"length":80},"values":{"__id__":214}},{"__type__":"cc.animation.ExoticVec3TrackValues","_values":{"__type__":"TypedArrayRef","ctor":"Float32Array","offset":125120,"length":240},"_isQuantized":null},{"__type__":"cc.animation.ExoticTrack","times":{"__type__":"TypedArrayRef","ctor":"Float32Array","offset":126080,"length":80},"values":{"__id__":216}},{"__type__":"cc.animation.ExoticQuatTrackValues","_values":{"__type__":"TypedArrayRef","ctor":"Float32Array","offset":126400,"length":320},"_isQuantized":null},{"__type__":"cc.animation.ExoticTrack","times":{"__type__":"TypedArrayRef","ctor":"Float32Array","offset":127680,"length":80},"values":{"__id__":218}},{"__type__":"cc.animation.ExoticVec3TrackValues","_values":{"__type__":"TypedArrayRef","ctor":"Float32Array","offset":128000,"length":240},"_isQuantized":null},{"__type__":"cc.animation.ExoticNodeAnimation","_path":"Bip002/Bip002 Pelvis/Bip002 Spine/Bip002 Spine1/Bip002 Neck/Bip002 R Clavicle/Bip002 R UpperArm/Bip002 R Forearm/Bip002 R Hand/Bip002 R Finger1","_position":{"__id__":220},"_rotation":{"__id__":222},"_scale":{"__id__":224}},{"__type__":"cc.animation.ExoticTrack","times":{"__type__":"TypedArrayRef","ctor":"Float32Array","offset":128960,"length":80},"values":{"__id__":221}},{"__type__":"cc.animation.ExoticVec3TrackValues","_values":{"__type__":"TypedArrayRef","ctor":"Float32Array","offset":129280,"length":240},"_isQuantized":null},{"__type__":"cc.animation.ExoticTrack","times":{"__type__":"TypedArrayRef","ctor":"Float32Array","offset":130240,"length":80},"values":{"__id__":223}},{"__type__":"cc.animation.ExoticQuatTrackValues","_values":{"__type__":"TypedArrayRef","ctor":"Float32Array","offset":130560,"length":320},"_isQuantized":null},{"__type__":"cc.animation.ExoticTrack","times":{"__type__":"TypedArrayRef","ctor":"Float32Array","offset":131840,"length":80},"values":{"__id__":225}},{"__type__":"cc.animation.ExoticVec3TrackValues","_values":{"__type__":"TypedArrayRef","ctor":"Float32Array","offset":132160,"length":240},"_isQuantized":null},{"__type__":"cc.animation.ExoticNodeAnimation","_path":"Bip002/Bip002 Pelvis/Bip002 Spine/Bip002 Spine1/Bip002 Neck/Bip002 R Clavicle/Bip002 R UpperArm/Bip002 R Forearm/Bip002 R Hand/Bip002 R Finger1/Bip002 R Finger11","_position":{"__id__":227},"_rotation":{"__id__":229},"_scale":{"__id__":231}},{"__type__":"cc.animation.ExoticTrack","times":{"__type__":"TypedArrayRef","ctor":"Float32Array","offset":133120,"length":80},"values":{"__id__":228}},{"__type__":"cc.animation.ExoticVec3TrackValues","_values":{"__type__":"TypedArrayRef","ctor":"Float32Array","offset":133440,"length":240},"_isQuantized":null},{"__type__":"cc.animation.ExoticTrack","times":{"__type__":"TypedArrayRef","ctor":"Float32Array","offset":134400,"length":80},"values":{"__id__":230}},{"__type__":"cc.animation.ExoticQuatTrackValues","_values":{"__type__":"TypedArrayRef","ctor":"Float32Array","offset":134720,"length":320},"_isQuantized":null},{"__type__":"cc.animation.ExoticTrack","times":{"__type__":"TypedArrayRef","ctor":"Float32Array","offset":136000,"length":80},"values":{"__id__":232}},{"__type__":"cc.animation.ExoticVec3TrackValues","_values":{"__type__":"TypedArrayRef","ctor":"Float32Array","offset":136320,"length":240},"_isQuantized":null},{"__type__":"cc.animation.ExoticNodeAnimation","_path":"Bip002/Bip002 Pelvis/Bip002 Spine/Bip002 Spine1/Bip002 Neck/Bip002 R Clavicle/Bip002 R UpperArm/Bip002 R Forearm/Bip002 R Hand/Bip002 R Finger1/Bip002 R Finger11/Bip002 R Finger12","_position":{"__id__":234},"_rotation":{"__id__":236},"_scale":{"__id__":238}},{"__type__":"cc.animation.ExoticTrack","times":{"__type__":"TypedArrayRef","ctor":"Float32Array","offset":137280,"length":80},"values":{"__id__":235}},{"__type__":"cc.animation.ExoticVec3TrackValues","_values":{"__type__":"TypedArrayRef","ctor":"Float32Array","offset":137600,"length":240},"_isQuantized":null},{"__type__":"cc.animation.ExoticTrack","times":{"__type__":"TypedArrayRef","ctor":"Float32Array","offset":138560,"length":80},"values":{"__id__":237}},{"__type__":"cc.animation.ExoticQuatTrackValues","_values":{"__type__":"TypedArrayRef","ctor":"Float32Array","offset":138880,"length":320},"_isQuantized":null},{"__type__":"cc.animation.ExoticTrack","times":{"__type__":"TypedArrayRef","ctor":"Float32Array","offset":140160,"length":80},"values":{"__id__":239}},{"__type__":"cc.animation.ExoticVec3TrackValues","_values":{"__type__":"TypedArrayRef","ctor":"Float32Array","offset":140480,"length":240},"_isQuantized":null},{"__type__":"cc.animation.ExoticNodeAnimation","_path":"Bip002/Bip002 Pelvis/Bip002 Spine/Bip002 Spine1/Bip002 Neck/Bip002 R Clavicle/Bip002 R UpperArm/Bip002 R Forearm/Bip002 R Hand/Bip002 R Finger2","_position":{"__id__":241},"_rotation":{"__id__":243},"_scale":{"__id__":245}},{"__type__":"cc.animation.ExoticTrack","times":{"__type__":"TypedArrayRef","ctor":"Float32Array","offset":141440,"length":80},"values":{"__id__":242}},{"__type__":"cc.animation.ExoticVec3TrackValues","_values":{"__type__":"TypedArrayRef","ctor":"Float32Array","offset":141760,"length":240},"_isQuantized":null},{"__type__":"cc.animation.ExoticTrack","times":{"__type__":"TypedArrayRef","ctor":"Float32Array","offset":142720,"length":80},"values":{"__id__":244}},{"__type__":"cc.animation.ExoticQuatTrackValues","_values":{"__type__":"TypedArrayRef","ctor":"Float32Array","offset":143040,"length":320},"_isQuantized":null},{"__type__":"cc.animation.ExoticTrack","times":{"__type__":"TypedArrayRef","ctor":"Float32Array","offset":144320,"length":80},"values":{"__id__":246}},{"__type__":"cc.animation.ExoticVec3TrackValues","_values":{"__type__":"TypedArrayRef","ctor":"Float32Array","offset":144640,"length":240},"_isQuantized":null},{"__type__":"cc.animation.ExoticNodeAnimation","_path":"Bip002/Bip002 Pelvis/Bip002 Spine/Bip002 Spine1/Bip002 Neck/Bip002 R Clavicle/Bip002 R UpperArm/Bip002 R Forearm/Bip002 R Hand/Bip002 R Finger2/Bip002 R Finger21","_position":{"__id__":248},"_rotation":{"__id__":250},"_scale":{"__id__":252}},{"__type__":"cc.animation.ExoticTrack","times":{"__type__":"TypedArrayRef","ctor":"Float32Array","offset":145600,"length":80},"values":{"__id__":249}},{"__type__":"cc.animation.ExoticVec3TrackValues","_values":{"__type__":"TypedArrayRef","ctor":"Float32Array","offset":145920,"length":240},"_isQuantized":null},{"__type__":"cc.animation.ExoticTrack","times":{"__type__":"TypedArrayRef","ctor":"Float32Array","offset":146880,"length":80},"values":{"__id__":251}},{"__type__":"cc.animation.ExoticQuatTrackValues","_values":{"__type__":"TypedArrayRef","ctor":"Float32Array","offset":147200,"length":320},"_isQuantized":null},{"__type__":"cc.animation.ExoticTrack","times":{"__type__":"TypedArrayRef","ctor":"Float32Array","offset":148480,"length":80},"values":{"__id__":253}},{"__type__":"cc.animation.ExoticVec3TrackValues","_values":{"__type__":"TypedArrayRef","ctor":"Float32Array","offset":148800,"length":240},"_isQuantized":null},{"__type__":"cc.animation.ExoticNodeAnimation","_path":"Bip002/Bip002 Pelvis/Bip002 Spine/Bip002 Spine1/Bip002 Neck/Bip002 R Clavicle/Bip002 R UpperArm/Bip002 R Forearm/Bip002 R Hand/Bip002 R Finger2/Bip002 R Finger21/Bip002 R Finger22","_position":{"__id__":255},"_rotation":{"__id__":257},"_scale":{"__id__":259}},{"__type__":"cc.animation.ExoticTrack","times":{"__type__":"TypedArrayRef","ctor":"Float32Array","offset":149760,"length":80},"values":{"__id__":256}},{"__type__":"cc.animation.ExoticVec3TrackValues","_values":{"__type__":"TypedArrayRef","ctor":"Float32Array","offset":150080,"length":240},"_isQuantized":null},{"__type__":"cc.animation.ExoticTrack","times":{"__type__":"TypedArrayRef","ctor":"Float32Array","offset":151040,"length":80},"values":{"__id__":258}},{"__type__":"cc.animation.ExoticQuatTrackValues","_values":{"__type__":"TypedArrayRef","ctor":"Float32Array","offset":151360,"length":320},"_isQuantized":null},{"__type__":"cc.animation.ExoticTrack","times":{"__type__":"TypedArrayRef","ctor":"Float32Array","offset":152640,"length":80},"values":{"__id__":260}},{"__type__":"cc.animation.ExoticVec3TrackValues","_values":{"__type__":"TypedArrayRef","ctor":"Float32Array","offset":152960,"length":240},"_isQuantized":null},{"__type__":"cc.animation.ExoticNodeAnimation","_path":"Bip002/Bip002 Pelvis/Bip002 Spine/Bip002 Spine1/Bip002 Neck/Bip002 R Clavicle/Bip002 R UpperArm/Bip002 R Forearm/Bip002 R Hand/Bip002 R Finger3","_position":{"__id__":262},"_rotation":{"__id__":264},"_scale":{"__id__":266}},{"__type__":"cc.animation.ExoticTrack","times":{"__type__":"TypedArrayRef","ctor":"Float32Array","offset":153920,"length":80},"values":{"__id__":263}},{"__type__":"cc.animation.ExoticVec3TrackValues","_values":{"__type__":"TypedArrayRef","ctor":"Float32Array","offset":154240,"length":240},"_isQuantized":null},{"__type__":"cc.animation.ExoticTrack","times":{"__type__":"TypedArrayRef","ctor":"Float32Array","offset":155200,"length":80},"values":{"__id__":265}},{"__type__":"cc.animation.ExoticQuatTrackValues","_values":{"__type__":"TypedArrayRef","ctor":"Float32Array","offset":155520,"length":320},"_isQuantized":null},{"__type__":"cc.animation.ExoticTrack","times":{"__type__":"TypedArrayRef","ctor":"Float32Array","offset":156800,"length":80},"values":{"__id__":267}},{"__type__":"cc.animation.ExoticVec3TrackValues","_values":{"__type__":"TypedArrayRef","ctor":"Float32Array","offset":157120,"length":240},"_isQuantized":null},{"__type__":"cc.animation.ExoticNodeAnimation","_path":"Bip002/Bip002 Pelvis/Bip002 Spine/Bip002 Spine1/Bip002 Neck/Bip002 R Clavicle/Bip002 R UpperArm/Bip002 R Forearm/Bip002 R Hand/Bip002 R Finger3/Bip002 R Finger31","_position":{"__id__":269},"_rotation":{"__id__":271},"_scale":{"__id__":273}},{"__type__":"cc.animation.ExoticTrack","times":{"__type__":"TypedArrayRef","ctor":"Float32Array","offset":158080,"length":80},"values":{"__id__":270}},{"__type__":"cc.animation.ExoticVec3TrackValues","_values":{"__type__":"TypedArrayRef","ctor":"Float32Array","offset":158400,"length":240},"_isQuantized":null},{"__type__":"cc.animation.ExoticTrack","times":{"__type__":"TypedArrayRef","ctor":"Float32Array","offset":159360,"length":80},"values":{"__id__":272}},{"__type__":"cc.animation.ExoticQuatTrackValues","_values":{"__type__":"TypedArrayRef","ctor":"Float32Array","offset":159680,"length":320},"_isQuantized":null},{"__type__":"cc.animation.ExoticTrack","times":{"__type__":"TypedArrayRef","ctor":"Float32Array","offset":160960,"length":80},"values":{"__id__":274}},{"__type__":"cc.animation.ExoticVec3TrackValues","_values":{"__type__":"TypedArrayRef","ctor":"Float32Array","offset":161280,"length":240},"_isQuantized":null},{"__type__":"cc.animation.ExoticNodeAnimation","_path":"Bip002/Bip002 Pelvis/Bip002 Spine/Bip002 Spine1/Bip002 Neck/Bip002 R Clavicle/Bip002 R UpperArm/Bip002 R Forearm/Bip002 R Hand/Bip002 R Finger3/Bip002 R Finger31/Bip002 R Finger32","_position":{"__id__":276},"_rotation":{"__id__":278},"_scale":{"__id__":280}},{"__type__":"cc.animation.ExoticTrack","times":{"__type__":"TypedArrayRef","ctor":"Float32Array","offset":162240,"length":80},"values":{"__id__":277}},{"__type__":"cc.animation.ExoticVec3TrackValues","_values":{"__type__":"TypedArrayRef","ctor":"Float32Array","offset":162560,"length":240},"_isQuantized":null},{"__type__":"cc.animation.ExoticTrack","times":{"__type__":"TypedArrayRef","ctor":"Float32Array","offset":163520,"length":80},"values":{"__id__":279}},{"__type__":"cc.animation.ExoticQuatTrackValues","_values":{"__type__":"TypedArrayRef","ctor":"Float32Array","offset":163840,"length":320},"_isQuantized":null},{"__type__":"cc.animation.ExoticTrack","times":{"__type__":"TypedArrayRef","ctor":"Float32Array","offset":165120,"length":80},"values":{"__id__":281}},{"__type__":"cc.animation.ExoticVec3TrackValues","_values":{"__type__":"TypedArrayRef","ctor":"Float32Array","offset":165440,"length":240},"_isQuantized":null},{"__type__":"cc.animation.ExoticNodeAnimation","_path":"Bip002/Bip002 Pelvis/Bip002 Spine/Bip002 Spine1/Bip002 Neck/Bip002 R Clavicle/Bip002 R UpperArm/Bip002 R Forearm/Bip002 R Hand/Bip002 R Finger4","_position":{"__id__":283},"_rotation":{"__id__":285},"_scale":{"__id__":287}},{"__type__":"cc.animation.ExoticTrack","times":{"__type__":"TypedArrayRef","ctor":"Float32Array","offset":166400,"length":80},"values":{"__id__":284}},{"__type__":"cc.animation.ExoticVec3TrackValues","_values":{"__type__":"TypedArrayRef","ctor":"Float32Array","offset":166720,"length":240},"_isQuantized":null},{"__type__":"cc.animation.ExoticTrack","times":{"__type__":"TypedArrayRef","ctor":"Float32Array","offset":167680,"length":80},"values":{"__id__":286}},{"__type__":"cc.animation.ExoticQuatTrackValues","_values":{"__type__":"TypedArrayRef","ctor":"Float32Array","offset":168000,"length":320},"_isQuantized":null},{"__type__":"cc.animation.ExoticTrack","times":{"__type__":"TypedArrayRef","ctor":"Float32Array","offset":169280,"length":80},"values":{"__id__":288}},{"__type__":"cc.animation.ExoticVec3TrackValues","_values":{"__type__":"TypedArrayRef","ctor":"Float32Array","offset":169600,"length":240},"_isQuantized":null},{"__type__":"cc.animation.ExoticNodeAnimation","_path":"Bip002/Bip002 Pelvis/Bip002 Spine/Bip002 Spine1/Bip002 Neck/Bip002 R Clavicle/Bip002 R UpperArm/Bip002 R Forearm/Bip002 R Hand/Bip002 R Finger4/Bip002 R Finger41","_position":{"__id__":290},"_rotation":{"__id__":292},"_scale":{"__id__":294}},{"__type__":"cc.animation.ExoticTrack","times":{"__type__":"TypedArrayRef","ctor":"Float32Array","offset":170560,"length":80},"values":{"__id__":291}},{"__type__":"cc.animation.ExoticVec3TrackValues","_values":{"__type__":"TypedArrayRef","ctor":"Float32Array","offset":170880,"length":240},"_isQuantized":null},{"__type__":"cc.animation.ExoticTrack","times":{"__type__":"TypedArrayRef","ctor":"Float32Array","offset":171840,"length":80},"values":{"__id__":293}},{"__type__":"cc.animation.ExoticQuatTrackValues","_values":{"__type__":"TypedArrayRef","ctor":"Float32Array","offset":172160,"length":320},"_isQuantized":null},{"__type__":"cc.animation.ExoticTrack","times":{"__type__":"TypedArrayRef","ctor":"Float32Array","offset":173440,"length":80},"values":{"__id__":295}},{"__type__":"cc.animation.ExoticVec3TrackValues","_values":{"__type__":"TypedArrayRef","ctor":"Float32Array","offset":173760,"length":240},"_isQuantized":null},{"__type__":"cc.animation.ExoticNodeAnimation","_path":"Bip002/Bip002 Pelvis/Bip002 Spine/Bip002 Spine1/Bip002 Neck/Bip002 R Clavicle/Bip002 R UpperArm/Bip002 R Forearm/Bip002 R Hand/Bip002 R Finger4/Bip002 R Finger41/Bip002 R Finger42","_position":{"__id__":297},"_rotation":{"__id__":299},"_scale":{"__id__":301}},{"__type__":"cc.animation.ExoticTrack","times":{"__type__":"TypedArrayRef","ctor":"Float32Array","offset":174720,"length":80},"values":{"__id__":298}},{"__type__":"cc.animation.ExoticVec3TrackValues","_values":{"__type__":"TypedArrayRef","ctor":"Float32Array","offset":175040,"length":240},"_isQuantized":null},{"__type__":"cc.animation.ExoticTrack","times":{"__type__":"TypedArrayRef","ctor":"Float32Array","offset":176000,"length":80},"values":{"__id__":300}},{"__type__":"cc.animation.ExoticQuatTrackValues","_values":{"__type__":"TypedArrayRef","ctor":"Float32Array","offset":176320,"length":320},"_isQuantized":null},{"__type__":"cc.animation.ExoticTrack","times":{"__type__":"TypedArrayRef","ctor":"Float32Array","offset":177600,"length":80},"values":{"__id__":302}},{"__type__":"cc.animation.ExoticVec3TrackValues","_values":{"__type__":"TypedArrayRef","ctor":"Float32Array","offset":177920,"length":240},"_isQuantized":null},{"__type__":"cc.animation.ExoticNodeAnimation","_path":"Bip002/Bip002 Pelvis/Bip002 Spine/Bip002 Spine1/Bip002 Neck/Bip002 Head","_position":{"__id__":304},"_rotation":{"__id__":306},"_scale":{"__id__":308}},{"__type__":"cc.animation.ExoticTrack","times":{"__type__":"TypedArrayRef","ctor":"Float32Array","offset":178880,"length":80},"values":{"__id__":305}},{"__type__":"cc.animation.ExoticVec3TrackValues","_values":{"__type__":"TypedArrayRef","ctor":"Float32Array","offset":179200,"length":240},"_isQuantized":null},{"__type__":"cc.animation.ExoticTrack","times":{"__type__":"TypedArrayRef","ctor":"Float32Array","offset":180160,"length":80},"values":{"__id__":307}},{"__type__":"cc.animation.ExoticQuatTrackValues","_values":{"__type__":"TypedArrayRef","ctor":"Float32Array","offset":180480,"length":320},"_isQuantized":null},{"__type__":"cc.animation.ExoticTrack","times":{"__type__":"TypedArrayRef","ctor":"Float32Array","offset":181760,"length":80},"values":{"__id__":309}},{"__type__":"cc.animation.ExoticVec3TrackValues","_values":{"__type__":"TypedArrayRef","ctor":"Float32Array","offset":182080,"length":240},"_isQuantized":null},{"__type__":"cc.animation.ExoticNodeAnimation","_path":"Bip002/Bip002 Pelvis/Bip002 Spine/Bip002 L Thigh","_position":{"__id__":311},"_rotation":{"__id__":313},"_scale":{"__id__":315}},{"__type__":"cc.animation.ExoticTrack","times":{"__type__":"TypedArrayRef","ctor":"Float32Array","offset":183040,"length":80},"values":{"__id__":312}},{"__type__":"cc.animation.ExoticVec3TrackValues","_values":{"__type__":"TypedArrayRef","ctor":"Float32Array","offset":183360,"length":240},"_isQuantized":null},{"__type__":"cc.animation.ExoticTrack","times":{"__type__":"TypedArrayRef","ctor":"Float32Array","offset":184320,"length":80},"values":{"__id__":314}},{"__type__":"cc.animation.ExoticQuatTrackValues","_values":{"__type__":"TypedArrayRef","ctor":"Float32Array","offset":184640,"length":320},"_isQuantized":null},{"__type__":"cc.animation.ExoticTrack","times":{"__type__":"TypedArrayRef","ctor":"Float32Array","offset":185920,"length":80},"values":{"__id__":316}},{"__type__":"cc.animation.ExoticVec3TrackValues","_values":{"__type__":"TypedArrayRef","ctor":"Float32Array","offset":186240,"length":240},"_isQuantized":null},{"__type__":"cc.animation.ExoticNodeAnimation","_path":"Bip002/Bip002 Pelvis/Bip002 Spine/Bip002 L Thigh/Bip002 L Calf","_position":{"__id__":318},"_rotation":{"__id__":320},"_scale":{"__id__":322}},{"__type__":"cc.animation.ExoticTrack","times":{"__type__":"TypedArrayRef","ctor":"Float32Array","offset":187200,"length":80},"values":{"__id__":319}},{"__type__":"cc.animation.ExoticVec3TrackValues","_values":{"__type__":"TypedArrayRef","ctor":"Float32Array","offset":187520,"length":240},"_isQuantized":null},{"__type__":"cc.animation.ExoticTrack","times":{"__type__":"TypedArrayRef","ctor":"Float32Array","offset":188480,"length":80},"values":{"__id__":321}},{"__type__":"cc.animation.ExoticQuatTrackValues","_values":{"__type__":"TypedArrayRef","ctor":"Float32Array","offset":188800,"length":320},"_isQuantized":null},{"__type__":"cc.animation.ExoticTrack","times":{"__type__":"TypedArrayRef","ctor":"Float32Array","offset":190080,"length":80},"values":{"__id__":323}},{"__type__":"cc.animation.ExoticVec3TrackValues","_values":{"__type__":"TypedArrayRef","ctor":"Float32Array","offset":190400,"length":240},"_isQuantized":null},{"__type__":"cc.animation.ExoticNodeAnimation","_path":"Bip002/Bip002 Pelvis/Bip002 Spine/Bip002 L Thigh/Bip002 L Calf/Bip002 L Foot","_position":{"__id__":325},"_rotation":{"__id__":327},"_scale":{"__id__":329}},{"__type__":"cc.animation.ExoticTrack","times":{"__type__":"TypedArrayRef","ctor":"Float32Array","offset":191360,"length":80},"values":{"__id__":326}},{"__type__":"cc.animation.ExoticVec3TrackValues","_values":{"__type__":"TypedArrayRef","ctor":"Float32Array","offset":191680,"length":240},"_isQuantized":null},{"__type__":"cc.animation.ExoticTrack","times":{"__type__":"TypedArrayRef","ctor":"Float32Array","offset":192640,"length":80},"values":{"__id__":328}},{"__type__":"cc.animation.ExoticQuatTrackValues","_values":{"__type__":"TypedArrayRef","ctor":"Float32Array","offset":192960,"length":320},"_isQuantized":null},{"__type__":"cc.animation.ExoticTrack","times":{"__type__":"TypedArrayRef","ctor":"Float32Array","offset":194240,"length":80},"values":{"__id__":330}},{"__type__":"cc.animation.ExoticVec3TrackValues","_values":{"__type__":"TypedArrayRef","ctor":"Float32Array","offset":194560,"length":240},"_isQuantized":null},{"__type__":"cc.animation.ExoticNodeAnimation","_path":"Bip002/Bip002 Pelvis/Bip002 Spine/Bip002 L Thigh/Bip002 L Calf/Bip002 L Foot/Bip002 L Toe0","_position":{"__id__":332},"_rotation":{"__id__":334},"_scale":{"__id__":336}},{"__type__":"cc.animation.ExoticTrack","times":{"__type__":"TypedArrayRef","ctor":"Float32Array","offset":195520,"length":80},"values":{"__id__":333}},{"__type__":"cc.animation.ExoticVec3TrackValues","_values":{"__type__":"TypedArrayRef","ctor":"Float32Array","offset":195840,"length":240},"_isQuantized":null},{"__type__":"cc.animation.ExoticTrack","times":{"__type__":"TypedArrayRef","ctor":"Float32Array","offset":196800,"length":80},"values":{"__id__":335}},{"__type__":"cc.animation.ExoticQuatTrackValues","_values":{"__type__":"TypedArrayRef","ctor":"Float32Array","offset":197120,"length":320},"_isQuantized":null},{"__type__":"cc.animation.ExoticTrack","times":{"__type__":"TypedArrayRef","ctor":"Float32Array","offset":198400,"length":80},"values":{"__id__":337}},{"__type__":"cc.animation.ExoticVec3TrackValues","_values":{"__type__":"TypedArrayRef","ctor":"Float32Array","offset":198720,"length":240},"_isQuantized":null},{"__type__":"cc.animation.ExoticNodeAnimation","_path":"Bip002/Bip002 Pelvis/Bip002 Spine/Bip002 R Thigh","_position":{"__id__":339},"_rotation":{"__id__":341},"_scale":{"__id__":343}},{"__type__":"cc.animation.ExoticTrack","times":{"__type__":"TypedArrayRef","ctor":"Float32Array","offset":199680,"length":80},"values":{"__id__":340}},{"__type__":"cc.animation.ExoticVec3TrackValues","_values":{"__type__":"TypedArrayRef","ctor":"Float32Array","offset":200000,"length":240},"_isQuantized":null},{"__type__":"cc.animation.ExoticTrack","times":{"__type__":"TypedArrayRef","ctor":"Float32Array","offset":200960,"length":80},"values":{"__id__":342}},{"__type__":"cc.animation.ExoticQuatTrackValues","_values":{"__type__":"TypedArrayRef","ctor":"Float32Array","offset":201280,"length":320},"_isQuantized":null},{"__type__":"cc.animation.ExoticTrack","times":{"__type__":"TypedArrayRef","ctor":"Float32Array","offset":202560,"length":80},"values":{"__id__":344}},{"__type__":"cc.animation.ExoticVec3TrackValues","_values":{"__type__":"TypedArrayRef","ctor":"Float32Array","offset":202880,"length":240},"_isQuantized":null},{"__type__":"cc.animation.ExoticNodeAnimation","_path":"Bip002/Bip002 Pelvis/Bip002 Spine/Bip002 R Thigh/Bip002 R Calf","_position":{"__id__":346},"_rotation":{"__id__":348},"_scale":{"__id__":350}},{"__type__":"cc.animation.ExoticTrack","times":{"__type__":"TypedArrayRef","ctor":"Float32Array","offset":203840,"length":80},"values":{"__id__":347}},{"__type__":"cc.animation.ExoticVec3TrackValues","_values":{"__type__":"TypedArrayRef","ctor":"Float32Array","offset":204160,"length":240},"_isQuantized":null},{"__type__":"cc.animation.ExoticTrack","times":{"__type__":"TypedArrayRef","ctor":"Float32Array","offset":205120,"length":80},"values":{"__id__":349}},{"__type__":"cc.animation.ExoticQuatTrackValues","_values":{"__type__":"TypedArrayRef","ctor":"Float32Array","offset":205440,"length":320},"_isQuantized":null},{"__type__":"cc.animation.ExoticTrack","times":{"__type__":"TypedArrayRef","ctor":"Float32Array","offset":206720,"length":80},"values":{"__id__":351}},{"__type__":"cc.animation.ExoticVec3TrackValues","_values":{"__type__":"TypedArrayRef","ctor":"Float32Array","offset":207040,"length":240},"_isQuantized":null},{"__type__":"cc.animation.ExoticNodeAnimation","_path":"Bip002/Bip002 Pelvis/Bip002 Spine/Bip002 R Thigh/Bip002 R Calf/Bip002 R Foot","_position":{"__id__":353},"_rotation":{"__id__":355},"_scale":{"__id__":357}},{"__type__":"cc.animation.ExoticTrack","times":{"__type__":"TypedArrayRef","ctor":"Float32Array","offset":208000,"length":80},"values":{"__id__":354}},{"__type__":"cc.animation.ExoticVec3TrackValues","_values":{"__type__":"TypedArrayRef","ctor":"Float32Array","offset":208320,"length":240},"_isQuantized":null},{"__type__":"cc.animation.ExoticTrack","times":{"__type__":"TypedArrayRef","ctor":"Float32Array","offset":209280,"length":80},"values":{"__id__":356}},{"__type__":"cc.animation.ExoticQuatTrackValues","_values":{"__type__":"TypedArrayRef","ctor":"Float32Array","offset":209600,"length":320},"_isQuantized":null},{"__type__":"cc.animation.ExoticTrack","times":{"__type__":"TypedArrayRef","ctor":"Float32Array","offset":210880,"length":80},"values":{"__id__":358}},{"__type__":"cc.animation.ExoticVec3TrackValues","_values":{"__type__":"TypedArrayRef","ctor":"Float32Array","offset":211200,"length":240},"_isQuantized":null},{"__type__":"cc.animation.ExoticNodeAnimation","_path":"Bip002/Bip002 Pelvis/Bip002 Spine/Bip002 R Thigh/Bip002 R Calf/Bip002 R Foot/Bip002 R Toe0","_position":{"__id__":360},"_rotation":{"__id__":362},"_scale":{"__id__":364}},{"__type__":"cc.animation.ExoticTrack","times":{"__type__":"TypedArrayRef","ctor":"Float32Array","offset":212160,"length":80},"values":{"__id__":361}},{"__type__":"cc.animation.ExoticVec3TrackValues","_values":{"__type__":"TypedArrayRef","ctor":"Float32Array","offset":212480,"length":240},"_isQuantized":null},{"__type__":"cc.animation.ExoticTrack","times":{"__type__":"TypedArrayRef","ctor":"Float32Array","offset":213440,"length":80},"values":{"__id__":363}},{"__type__":"cc.animation.ExoticQuatTrackValues","_values":{"__type__":"TypedArrayRef","ctor":"Float32Array","offset":213760,"length":320},"_isQuantized":null},{"__type__":"cc.animation.ExoticTrack","times":{"__type__":"TypedArrayRef","ctor":"Float32Array","offset":215040,"length":80},"values":{"__id__":365}},{"__type__":"cc.animation.ExoticVec3TrackValues","_values":{"__type__":"TypedArrayRef","ctor":"Float32Array","offset":215360,"length":240},"_isQuantized":null}],"chunks":[".bin"]}
