{"version":1,"document":[{"__type__":"cc.AnimationClip","_name":"showFlyReward","_objFlags":0,"_native":"","sample":60,"speed":1,"wrapMode":1,"enableTrsBlending":false,"_duration":0.5666666666666667,"_hash":500763545,"_tracks":[{"__id__":1},{"__id__":7}],"_exoticAnimation":null,"_events":[],"_embeddedPlayers":[]},{"__type__":"cc.animation.ObjectTrack","_binding":{"__type__":"cc.animation.TrackBinding","path":{"__id__":2},"proxy":null},"_channel":{"__id__":5}},{"__type__":"cc.animation.TrackPath","_paths":[{"__id__":3},{"__id__":4},"spriteFrame"]},{"__type__":"cc.animation.HierarchyPath","path":"/"},{"__type__":"cc.animation.ComponentPath","component":"cc.Sprite"},{"__type__":"cc.animation.Channel","_curve":{"__id__":6}},{"__type__":"cc.ObjectCurve","_times":[0,0.05,0.1,0.15,0.2,0.25,0.3,0.35,0.4,0.45,0.5,0.55],"_values":[{"__uuid__":"abZ2PNYMBBj5q3itoY+azm@f9941","__expectedType__":"cc.Asset"},{"__uuid__":"2csuvBmetD0YWmCkNAMRn4@f9941","__expectedType__":"cc.Asset"},{"__uuid__":"b3TPwz9QRHvrRCO0Mwi03q@f9941","__expectedType__":"cc.Asset"},{"__uuid__":"83RriQiuFPGLRBuznq8LYB@f9941","__expectedType__":"cc.Asset"},{"__uuid__":"ebd2QcYj1L7YPP9+RSAZj0@f9941","__expectedType__":"cc.Asset"},{"__uuid__":"1fjDkkICtLWqRrkHLOZ8B3@f9941","__expectedType__":"cc.Asset"},{"__uuid__":"05hDPMaetGVIOs2JrTRRD0@f9941","__expectedType__":"cc.Asset"},{"__uuid__":"72wft2V/lKgpjDQrWNzeqP@f9941","__expectedType__":"cc.Asset"},{"__uuid__":"26TolE30JM+a12Vn9JQYUK@f9941","__expectedType__":"cc.Asset"},{"__uuid__":"c1zKdBGo1ALqDeLxLJKyov@f9941","__expectedType__":"cc.Asset"},{"__uuid__":"6ak8WtH2lOUIvE7pyOh3Qa@f9941","__expectedType__":"cc.Asset"},{"__uuid__":"f2WzV9r25LeJ1pQMt7IcoV@f9941","__expectedType__":"cc.Asset"}]},{"__type__":"cc.animation.ColorTrack","_binding":{"__type__":"cc.animation.TrackBinding","path":{"__id__":8},"proxy":null},"_channels":[{"__id__":11},{"__id__":13},{"__id__":15},{"__id__":17}]},{"__type__":"cc.animation.TrackPath","_paths":[{"__id__":9},{"__id__":10},"color"]},{"__type__":"cc.animation.HierarchyPath","path":"/"},{"__type__":"cc.animation.ComponentPath","component":"cc.Sprite"},{"__type__":"cc.animation.Channel","_curve":{"__id__":12}},{"__type__":"cc.RealCurve","bytes":{"__type__":"TypedArrayRef","ctor":"Uint8Array","offset":0,"length":54},"keyframeValueEditorExtras":[null,null,null,null]},{"__type__":"cc.animation.Channel","_curve":{"__id__":14}},{"__type__":"cc.RealCurve","bytes":{"__type__":"TypedArrayRef","ctor":"Uint8Array","offset":54,"length":54},"keyframeValueEditorExtras":[null,null,null,null]},{"__type__":"cc.animation.Channel","_curve":{"__id__":16}},{"__type__":"cc.RealCurve","bytes":{"__type__":"TypedArrayRef","ctor":"Uint8Array","offset":108,"length":54},"keyframeValueEditorExtras":[null,null,null,null]},{"__type__":"cc.animation.Channel","_curve":{"__id__":18}},{"__type__":"cc.RealCurve","bytes":{"__type__":"TypedArrayRef","ctor":"Uint8Array","offset":162,"length":54},"keyframeValueEditorExtras":[null,null,null,null]}],"chunks":[".bin"]}
