[1,["ceabq9EMRCcbdYqhIow11h@6c48a"],["_textureSource"],["cc.SpriteFrame"],0,[{"name":"car113","rect":{"x":1,"y":32,"width":158,"height":105},"offset":{"x":0,"y":-4.5},"originalSize":{"width":160,"height":160},"rotated":false,"capInsets":[0,0,0,0],"vertices":{"rawPosition":[-79,-52.5,0,79,-52.5,0,-79,52.5,0,79,52.5,0],"indexes":[0,1,2,2,1,3],"uv":[1,128,159,128,1,23,159,23],"nuv":[0.00625,0.14375,0.99375,0.14375,0.00625,0.8,0.99375,0.8],"minPos":{"x":-79,"y":-52.5,"z":0},"maxPos":{"x":79,"y":52.5,"z":0}},"packable":true,"pixelsToUnit":100,"pivot":{"x":0.5,"y":0.5},"meshType":0}],[0],0,[0],[0],[0]]
