{"version":1,"document":[{"__type__":"cc.AnimationClip","_name":"TapToStart","_objFlags":0,"__editorExtras__":{"embeddedPlayerGroups":[{"key":"1682898647164","name":"animation-clip","type":"animation-clip"}]},"_native":"","sample":60,"speed":0.8,"wrapMode":22,"enableTrsBlending":false,"_duration":0.5,"_hash":500763545,"_tracks":[{"__id__":1}],"_exoticAnimation":null,"_events":[],"_embeddedPlayers":[{"__id__":11}]},{"__type__":"cc.animation.VectorTrack","_binding":{"__type__":"cc.animation.TrackBinding","path":{"__id__":2},"proxy":null},"_channels":[{"__id__":3},{"__id__":5},{"__id__":7},{"__id__":9}],"_nComponents":3},{"__type__":"cc.animation.TrackPath","_paths":["scale"]},{"__type__":"cc.animation.Channel","_curve":{"__id__":4}},{"__type__":"cc.RealCurve","bytes":{"__type__":"TypedArrayRef","ctor":"Uint8Array","offset":0,"length":46},"keyframeValueEditorExtras":[{"tangentMode":0},{"tangentMode":0}]},{"__type__":"cc.animation.Channel","_curve":{"__id__":6}},{"__type__":"cc.RealCurve","bytes":{"__type__":"TypedArrayRef","ctor":"Uint8Array","offset":46,"length":46},"keyframeValueEditorExtras":[{"tangentMode":0},{"tangentMode":0}]},{"__type__":"cc.animation.Channel","_curve":{"__id__":8}},{"__type__":"cc.RealCurve","bytes":{"__type__":"TypedArrayRef","ctor":"Uint8Array","offset":92,"length":46},"keyframeValueEditorExtras":[{"tangentMode":0},{"tangentMode":0}]},{"__type__":"cc.animation.Channel","_curve":{"__id__":10}},{"__type__":"cc.RealCurve","bytes":{"__type__":"TypedArrayRef","ctor":"Uint8Array","offset":138,"length":6}},{"__type__":"cc.animation.EmbeddedPlayer","__editorExtras__":{"group":"1682898647164"},"begin":0,"end":0.08333333333333333,"reconciledSpeed":false,"playable":{"__id__":12}},{"__type__":"cc.animation.EmbeddedAnimationClipPlayable","path":"","clip":null}],"chunks":[".bin"]}
