{"importBase":"import","nativeBase":"native","name":"resources","deps":["internal"],"uuids":["00OomjH/hNlIxeC1Ab3FOD","00OomjH/hNlIxeC1Ab3FOD@6c48a","00OomjH/hNlIxeC1Ab3FOD@f9941","00XoO0H6ZFkaSVFwc70RTX","00XoO0H6ZFkaSVFwc70RTX@6c48a","00XoO0H6ZFkaSVFwc70RTX@f9941","00z+8ny2JIioPDPnxosfOq","00z+8ny2JIioPDPnxosfOq@6c48a","00z+8ny2JIioPDPnxosfOq@f9941","01FgTfTixMJ7gXKjDtPfki@14b6a","01FgTfTixMJ7gXKjDtPfki@4166c","01FgTfTixMJ7gXKjDtPfki@6726b","01FgTfTixMJ7gXKjDtPfki@801a3","01FgTfTixMJ7gXKjDtPfki@8c383","01FgTfTixMJ7gXKjDtPfki@f14ee","01HP2NcERGq6Zb0Hg9sQ6/@3bd65","01HP2NcERGq6Zb0Hg9sQ6/@44034","01HP2NcERGq6Zb0Hg9sQ6/@4b8d7","01HP2NcERGq6Zb0Hg9sQ6/@8dbc3","0135107d8","0153e0180","018911d73","018939105","020a81cb5","022dd4cac","022e5c0bc","02QK8+ZrhGGL8qOKChqwCk","02QK8+ZrhGGL8qOKChqwCk@6c48a","02QK8+ZrhGGL8qOKChqwCk@f9941","0241d1bf4","025509b82","025cdc4a1","03054c8fe","0308116b8","03HvSIYd9P850lkmQKHJf/","033611f93","039daaf16","03e5108d6","03ef93780","041c5d865","0442a7a70","04VXbotX1NQbUU9QiXiwrA","04VXbotX1NQbUU9QiXiwrA@6c48a","048a7e480","048eaad69","0499764f7","04ntbBVGtHVb4fuxlDYhb2","04b373c6c","05803a058","05hDPMaetGVIOs2JrTRRD0","05hDPMaetGVIOs2JrTRRD0@6c48a","05hDPMaetGVIOs2JrTRRD0@f9941","05c175d2c","05d00a8aa","05d5a5ae8","06068c12c","0637edfa5","0696b8a9c","06a428a60","06ce3b6ef","06de636db","070377e84","07338d921","075c47e50","075e6ede9","07dcda724","07/eygSVpOOr9qQ6BXRTVu","07/eygSVpOOr9qQ6BXRTVu@6c48a","07/eygSVpOOr9qQ6BXRTVu@f9941","08418f4cc","0878a2ac3","08c8aa3c7","08e15d3b8","08fefbb50","0922e1f86","09JfptWl1IjZeP0R0IY5sA","09JfptWl1IjZeP0R0IY5sA@6c48a","09JfptWl1IjZeP0R0IY5sA@f9941","092833c2e","092b2015a","098c07466","09b7cfc5e","09ccf3430","09f8d726b","0a19652b0","0a3d34e36","0aZHaKtc1IdZ3lSrm6l0BG","0adb79c0c","0ade22100","0ae213158","0a9dFcG55D2IwHBFgsPold","0a9dFcG55D2IwHBFgsPold@6c48a","0a9dFcG55D2IwHBFgsPold@f9941","0b1c1fd86","0b3d1511d","0b4961376","0b5aa5a34","0b617f805","0bySH1rTBP1oJ+T+kdmcFZ","0bySH1rTBP1oJ+T+kdmcFZ@6c48a","0bySH1rTBP1oJ+T+kdmcFZ@f9941","0c6000617","0cc1965d4","0c0bSTdAhDTYxurm9WianV","0ceead8de","0dNbEOxflIvrcigQURQvaU","0dNbEOxflIvrcigQURQvaU@6c48a","0dNbEOxflIvrcigQURQvaU@f9941","0d7ba45c6","0d804bab9","0d8abe983","0dac12b48","0dc1d2564","0d2InR34NNArrxgWd07YUp","0d5lrdJZZKz6QhQW4u3YWk","0d5lrdJZZKz6QhQW4u3YWk@6c48a","0d5lrdJZZKz6QhQW4u3YWk@f9941","0e5f5507c","0e5f7159a","0e640e1f0","0e757afc3","10YMHYAD9ATJ5TJWsU2l9x","0ek85pMOBJZYsT2evvgUeM","0ec00261f","0f3f148bc","0f7de51f3","0f87fc5da","0fq8mNHaJAFpKCyrmx5z4n","0fq8mNHaJAFpKCyrmx5z4n@6c48a","15mfIbeAZKmp5vvB6Dv/uC","15mfIbeAZKmp5vvB6Dv/uC@6c48a","168o/6iWdPnIwJlFfP+V38","1c/DISEIlPOIRBiTVqOJMI","1dFSm1odlK5IPC6hIHLHLS","1d+yVdRkpHtbdgvE/Rylya","1fVlkPOMdP76ZFw+N5vJup","21+mEvbYZPlYShckeEBapa","22hdpkvMVO9ZjcWSJBeclP","23LNhrVo5NHZzy3+gHUNbQ","25gJkRZNBD15/nj+Pxq4xw","27b/Jz/kVExbCBwiESaiup","270IJ7M+ZJJritPcpq4lyY","29GQGJuthLVbXb91zOreH9","29IZ2aGAhLrb3h78wnTxox","29IZ2aGAhLrb3h78wnTxox@6c48a","2c/ctDed1LG6r8UR/lOjlK","2c/ctDed1LG6r8UR/lOjlK@6c48a","2e8a0GvcdJnpHYqOBmECtO","38RzIIUXxBm4uWZi2uYGB+","38RzIIUXxBm4uWZi2uYGB+@6c48a","3afXwPIdpJLrc+HTN2Afx2","3bAq/ylFNLgbA7+0c5Netm","3bAq/ylFNLgbA7+0c5Netm@6c48a","3bX+N9X/FCJag7C9GlQCy8","3cf84JwVJNE7ukGGWwY5YK","3ckg9TMoBCyb2QWbZ+qN0Q","3ckg9TMoBCyb2QWbZ+qN0Q@6c48a","3dIP31VZ1EFLe5eRN8gNvG","3dIP31VZ1EFLe5eRN8gNvG@6c48a","3dJ0ZpUKNHLaUethhB0Ra/","3dJ0ZpUKNHLaUethhB0Ra/@6c48a","43nNvCIcVNq4ZczyG5JvCx","43nNvCIcVNq4ZczyG5JvCx@6c48a","43okCDG6pBa4OWMM8FS7fI","43okCDG6pBa4OWMM8FS7fI@6c48a","48WREWRLVPbrDc2iaH+Tvt","4a+AbzM+BHI7uNr5jXVvqY","5058hChKhIspKU/oUt2u+H","5058hChKhIspKU/oUt2u+H@6c48a","5058hChKhIspKU/oUt2u+H@f9941","52zCFmMGpGXrxjwIHXTax6","52zCFmMGpGXrxjwIHXTax6@6c48a","53W/6pmxNN3ozwGrNipewW","54JZ0ibfxEDpuITXU9ooJW","54JZ0ibfxEDpuITXU9ooJW@6c48a","553zmKIoJD8rgKU3yOyI7q","553zmKIoJD8rgKU3yOyI7q@6c48a","5684c01NNCxo13G1uxO7qt","58dpRfuQdIN5tQpJ0b5wO/","580jRF159HB6FQPhzGf/U+","580jRF159HB6FQPhzGf/U+@6c48a","5ccCWnhxxAE46ANq8LJI55","5ccCWnhxxAE46ANq8LJI55@6c48a","5dQeVVlq5Hc7P//ozsD/31","5dRoAWNtFAMpNZ7ZSqNLC5","63rO9GL8tB5KtkcuqBsEf+","66G/0zxv1EHpcXCtatTNtZ","66G/0zxv1EHpcXCtatTNtZ@6c48a","672s2iLltLxpONydkgcpAF","6byvtWy4FN7I2zfC2TrBsq","6b2F0jl7dNbZD4vewtez/O","70YjvQDABF3ZGCx/Nn3taz","73s+nkRHdIxY8qBXo5m+s6","7aKmGgm/tKm4iZFlh3rzsM","7aKmGgm/tKm4iZFlh3rzsM@6c48a","7b6qm39Q9CHL8FDaWuFX7O","7d0ziTGl9NNb1/ILuBDEH8","7edKG4FGNDaYrWR739DJu4","7e2P/d51tEpo0OS1wH44tw","7flbRwj8pEX4fCaqMUUZ8K","7flbRwj8pEX4fCaqMUUZ8K@6c48a","86q8hmXqNAWpxbjRH9zgzG","869zFqTwFHVJ4FFHnatBlz","88QBifAHpCf7VoZrivho45","88QBifAHpCf7VoZrivho45@6c48a","88Wah4wLNFGYILbZEPWtm1","88Wah4wLNFGYILbZEPWtm1@6c48a","8abDyODQhKjIq5hyjqIZtr","8avoajj5tHObsPiMH8JneM","8eVXg5uj1LmZM/PPoJQge+","8eVXg5uj1LmZM/PPoJQge+@6c48a","8e7AtW5Y5B8b8PL6E28AqN","91E5HutZxOBZLOnlLUqh3R","92YzbpmG9DdZP9InaHy5Qn","93geVp/VlPRb0jK6+ZMZC5","94/2nAEs5DP5eefu5FuZWO","97ity2kuNCYox2XhLgKYyi","9bhNj9+5pNpK2aJntoDrED","9cFMmiew9LeKY3BYxAQgjL","9dQjwPfv1ADobmtmkcFlz2","a1bOTDNCxJkavBGpOOPtbC","a4WYACuPNGNpavNtcjb1WE","a8OHrGaWZAcI5QMPW0ekLD","aaWOTP0ZJDjbJzLCkEduh0","aattcN7aRAGIkEZC/T0yVx","ac5qNItv9Fr6WkVgiLeEwR","aeCPnfqUpPuaYVLT6ZQCu4","aeOPdrK/5NXKiiPdBVRqvQ","b2KGgPRvZFbZBbJrvcCXRs","b6BjDmakJCHpyo0b5TrOIw","b6efwdstBF7LsFk7nIWBWA","b7XcpmSqZD6LOVgy7fUu2K","bcoCr54DNEDaiG7LscGaLt","c10ncWLqVOpIngbvw3KqwT","c5gnrJNJFJm5SCPMEXcZnr","c6Lkbqs2tBErM4MEfcRrew","c7VU3fhzBJHaQ+xJhEqzd9","c7iMP/U9xMwYz6cawbeOyw","c7iMP/U9xMwYz6cawbeOyw@6c48a","c77QyZv4RAkKAbQhWJABo0","c9W0o5mSxH5qemNwbT8+2b","ccJXR3ON1Pvrhc9WiNZDiY","cdjduf6m9NTIrzB9fSaVNN","cdjduf6m9NTIrzB9fSaVNN@6c48a","ceabq9EMRCcbdYqhIow11h","ceabq9EMRCcbdYqhIow11h@6c48a","d0l4CPQEJP2bfqKwobriC8","d2stADz7VLaYZmla8wy2+b","d7Rv+LWEVJdZMTA6q8x0fO","dapa/yT09Nmqz6uNhFuSru","dapa/yT09Nmqz6uNhFuSru@6c48a","dezDcy3otCz6bCQDgaa6J6","e2t4ORcdBHWK67BNupeDxH","e3GOkIahdMtbcZ4ikwm0Cb","e7TU2Ktf9DHb9rolsFl+lg","e7TU2Ktf9DHb9rolsFl+lg@6c48a","e7TU2Ktf9DHb9rolsFl+lg@f9941","e9L7RSgU1GmKr7DYQMcZ31","e9L7RSgU1GmKr7DYQMcZ31@6c48a","eeLQTS/MhIKpKmkVC9cXKw","f1cKMuETJOlahupykny1+L","f1cKMuETJOlahupykny1+L@6c48a","f3T61uKCpNYLph6qzlxXUS","f3T61uKCpNYLph6qzlxXUS@6c48a","f49whNvwlEZawtd2oZFTyY","f5+D1zVl9JSYfbjrkvyg71","fcJIG5kNtKGYp1euLzW6I/","fet6wZVyRMQI2RD55xHcCD","0dxhbifGpN66cON7d4FIAo","0fq8mNHaJAFpKCyrmx5z4n@f9941","11Mx/ilXtKGrtgCVEgJ3Q/","12Y9dMgWdJKJGmTiZyQR9H@2e76e","14vEQ5f4JPM50VyVatXNzT","14vEQ5f4JPM50VyVatXNzT@6c48a","14vEQ5f4JPM50VyVatXNzT@f9941","14wIyvk3BHlroYT49bYRMf@274e2","14wIyvk3BHlroYT49bYRMf@438fe","14wIyvk3BHlroYT49bYRMf@59f96","14wIyvk3BHlroYT49bYRMf@fe5ee","15mfIbeAZKmp5vvB6Dv/uC@f9941","16xNs2PO9PorpHE4UxJOOT@2912a","16xNs2PO9PorpHE4UxJOOT@46540","16xNs2PO9PorpHE4UxJOOT@9d093","16xNs2PO9PorpHE4UxJOOT@a96a6","19AoXXUxRI1oP/c/oqzMDn","19ZckRDgxCuoazx5E2aT7S","1bGN2tnrFD9phO/Nty6YAc","1bqfRacnlAdo3U7vAXJjLX","1brw/JvvpFnIvdrxpFCgMZ","1br9i5dT9C3Y5Sr6AqhdxR","1dZip8bzNOb5NJ+sjNcMM+","1fjDkkICtLWqRrkHLOZ8B3","1fjDkkICtLWqRrkHLOZ8B3@6c48a","1fjDkkICtLWqRrkHLOZ8B3@f9941","20MANaCXpCUqE0+hP6yIVJ","20g1ukYUVPvKWKBRznAKo+","20g1ukYUVPvKWKBRznAKo+@6c48a","20g1ukYUVPvKWKBRznAKo+@f9941","213FAbTc5HV4kfCSL61NDP","213FAbTc5HV4kfCSL61NDP@6c48a","213FAbTc5HV4kfCSL61NDP@f9941","22BPvO5mZAq7t3x35IklTW","24WZO3gLtKL7kwY1Ap4hIZ","24WZO3gLtKL7kwY1Ap4hIZ@6c48a","24WZO3gLtKL7kwY1Ap4hIZ@f9941","24tLrfqkpMP6B8DFNHoNah","26TolE30JM+a12Vn9JQYUK","26TolE30JM+a12Vn9JQYUK@6c48a","26TolE30JM+a12Vn9JQYUK@f9941","27nu7+CHpD4adTV4MaQO/R","27nu7+CHpD4adTV4MaQO/R@6c48a","27nu7+CHpD4adTV4MaQO/R@f9941","28BqqVxDhCMqOH6tOdKl2X","28OvcvllhHroo/r8V0XSKH","29ISPiBKJNLJ1xVEq04d0u","29IZ2aGAhLrb3h78wnTxox@f9941","29I9xMa5NFzJwuhJHWTIHP","29UALGP4JDmLP9XOQjnp8Q@7c176","29UALGP4JDmLP9XOQjnp8Q@a96a6","29UALGP4JDmLP9XOQjnp8Q@b1faf","299rh13aZPH4LDHsN1dUxz@40572","299rh13aZPH4LDHsN1dUxz@a9ca9","299rh13aZPH4LDHsN1dUxz@c372b","299rh13aZPH4LDHsN1dUxz@eb794","2csuvBmetD0YWmCkNAMRn4","2csuvBmetD0YWmCkNAMRn4@6c48a","2csuvBmetD0YWmCkNAMRn4@f9941","2c/ctDed1LG6r8UR/lOjlK@f9941","2duZcCIq1NPpMbnzKAG0EF","2fFpJi4X5K8Lgc9eIyaANA","31Vmu9zH9Dm6OxCPkCF/Ze","319l+8zwBFUIUJ1C6a/Q6a","319l+8zwBFUIUJ1C6a/Q6a@6c48a","319l+8zwBFUIUJ1C6a/Q6a@f9941","33bgpfONRGnIUYe0PDWGXv@7f3dc","33+mOUN+VNqLGufu5CvZym","33+mOUN+VNqLGufu5CvZym@6c48a","33+mOUN+VNqLGufu5CvZym@f9941","34OZfnkKlAT6XQG5DqU0Ls","35LV0Dq6RON5a+lx+moMIA","37S8s90NBDRa4YueRv4JUN","37S8s90NBDRa4YueRv4JUN@6c48a","37S8s90NBDRa4YueRv4JUN@f9941","38RzIIUXxBm4uWZi2uYGB+@f9941","388xBRHptH4aw00UeXvuf7","388xBRHptH4aw00UeXvuf7@6c48a","388xBRHptH4aw00UeXvuf7@f9941","3bAq/ylFNLgbA7+0c5Netm@f9941","3cP76WzXFCY7eaprKG2Ng4","3ckg9TMoBCyb2QWbZ+qN0Q@f9941","3czHYGF2BEaIkm/d/NuWv6","3c3IvHCItIN4gxnzju64yI@0c9c4","3c3IvHCItIN4gxnzju64yI@442db","3c3IvHCItIN4gxnzju64yI@58fbf","3c3IvHCItIN4gxnzju64yI@604e5","3dIP31VZ1EFLe5eRN8gNvG@f9941","3dJ0ZpUKNHLaUethhB0Ra/@f9941","3f1HVeQ5FJSpbNBYZMrSmB","3f1HVeQ5FJSpbNBYZMrSmB@6c48a","40UPTuwFBO66xSOJRCWo/2","40UPTuwFBO66xSOJRCWo/2@6c48a","407yC45B9GoIUsju3OtleL","42yawxQ4ZE0JQRnWym0lYr","43PgnLPutKC4GfGTc75u7y","43PgnLPutKC4GfGTc75u7y@6c48a","43PgnLPutKC4GfGTc75u7y@f9941","43nNvCIcVNq4ZczyG5JvCx@f9941","43okCDG6pBa4OWMM8FS7fI@f9941","45gWBCYldKy6FatJcMrFUQ","457XvD4bhLSL8adnZDlp+C","48L1EAXB5GVay8JUj9r1a1","48L1EAXB5GVay8JUj9r1a1@6c48a","48L1EAXB5GVay8JUj9r1a1@f9941","48ohBVzb5N0593042KBh9K@0bac0","48ohBVzb5N0593042KBh9K@1b048","48ohBVzb5N0593042KBh9K@207a8","48ohBVzb5N0593042KBh9K@40572","48ohBVzb5N0593042KBh9K@442db","48ohBVzb5N0593042KBh9K@6eeec","48ohBVzb5N0593042KBh9K@a8fa3","48ohBVzb5N0593042KBh9K@a9ca9","48ohBVzb5N0593042KBh9K@c372b","48ohBVzb5N0593042KBh9K@c75d3","48ohBVzb5N0593042KBh9K@eb794","4aDhmcn05AJrC+wlMr0EQt","4aDhmcn05AJrC+wlMr0EQt@6c48a","4aDhmcn05AJrC+wlMr0EQt@f9941","4agzjNwtFEMbXldIW7ApNM","4agzjNwtFEMbXldIW7ApNM@6c48a","4agzjNwtFEMbXldIW7ApNM@f9941","4fL2aIfVZAc4v98pR+hqfs","4fL2aIfVZAc4v98pR+hqfs@6c48a","4fL2aIfVZAc4v98pR+hqfs@f9941","51V2CDE1ZKVbWVMClJTEul","51pp/hAiFA66/2nG77dhNs@050ef","51pp/hAiFA66/2nG77dhNs@14b6a","51pp/hAiFA66/2nG77dhNs@4166c","51pp/hAiFA66/2nG77dhNs@6726b","51pp/hAiFA66/2nG77dhNs@801a3","51pp/hAiFA66/2nG77dhNs@8c383","52zCFmMGpGXrxjwIHXTax6@f9941","54JZ0ibfxEDpuITXU9ooJW@f9941","54TknWPwVPqJqeCR+Y/Czo","54TknWPwVPqJqeCR+Y/Czo@6c48a","54TknWPwVPqJqeCR+Y/Czo@f9941","54ZU+oBkhFLIbY81lGvmDG","553zmKIoJD8rgKU3yOyI7q@f9941","57hzmNTzJPP7n8sxIITW6k","57oO98j2JP2Ke9olebu1QP","580jRF159HB6FQPhzGf/U+@f9941","59j67kw3ZEn5QZQlMy3QZ7","59j67kw3ZEn5QZQlMy3QZ7@6c48a","59j67kw3ZEn5QZQlMy3QZ7@f9941","59ug9oYm9O2Zg03Vf5q4gK@84e8a","59ug9oYm9O2Zg03Vf5q4gK@b8a2d","59ug9oYm9O2Zg03Vf5q4gK@bc797","5bcqz2pBRM8qZHUay5IUXe","5ccCWnhxxAE46ANq8LJI55@f9941","5f3dmGuD5IQ5g3wMqUY1s1","5f3dmGuD5IQ5g3wMqUY1s1@6c48a","60sVGRwINP2bujw0kJnCi7","606v6Exk1H8aHALS+6afsT","606v6Exk1H8aHALS+6afsT@6c48a","606v6Exk1H8aHALS+6afsT@f9941","61iqaMz/JI/Y4jDga42XyX","61iqaMz/JI/Y4jDga42XyX@6c48a","61iqaMz/JI/Y4jDga42XyX@f9941","624NJ7b15Hoq+UFv18U6Kf","624NJ7b15Hoq+UFv18U6Kf@6c48a","624NJ7b15Hoq+UFv18U6Kf@f9941","639MlAHdtFpYbyp2cICELu","639MlAHdtFpYbyp2cICELu@6c48a","65u9xBTepOcqThc96EJ56B","66G/0zxv1EHpcXCtatTNtZ@f9941","66JkczBRhOmKDGj99P1ceu@fb329","66Oa0cxtZGQIwFCWAww3Ta@14b6a","66Oa0cxtZGQIwFCWAww3Ta@4166c","66Oa0cxtZGQIwFCWAww3Ta@6726b","66Oa0cxtZGQIwFCWAww3Ta@801a3","66Oa0cxtZGQIwFCWAww3Ta@8c383","66Oa0cxtZGQIwFCWAww3Ta@8cc00","6af+/++FNKEKWoBkktVKsX","6af+/++FNKEKWoBkktVKsX@6c48a","6af+/++FNKEKWoBkktVKsX@f9941","6ak8WtH2lOUIvE7pyOh3Qa","6ak8WtH2lOUIvE7pyOh3Qa@6c48a","6ak8WtH2lOUIvE7pyOh3Qa@f9941","6cDwUXx2FHRq59JUEwNMaN","6cDwUXx2FHRq59JUEwNMaN@6c48a","6cDwUXx2FHRq59JUEwNMaN@f9941","6cF99NNhFA7KZrrsTZR7w7","6ccdbfzetJ6YHYivIhlleZ","6ccdbfzetJ6YHYivIhlleZ@6c48a","6ccdbfzetJ6YHYivIhlleZ@f9941","6c/HBr90hLZpQ2IziJmkxC","6c/HBr90hLZpQ2IziJmkxC@6c48a","6c/HBr90hLZpQ2IziJmkxC@f9941","6ekIpZwFdEirxVZISCfzqC","6ekIpZwFdEirxVZISCfzqC@6c48a","6ekIpZwFdEirxVZISCfzqC@f9941","6fHYRCchhKeJ7AydHrIYcE","6fHYRCchhKeJ7AydHrIYcE@6c48a","6fHYRCchhKeJ7AydHrIYcE@f9941","71E2zjTV1BCaEqJDpE3FKw","71E2zjTV1BCaEqJDpE3FKw@6c48a","72wft2V/lKgpjDQrWNzeqP","72wft2V/lKgpjDQrWNzeqP@6c48a","72wft2V/lKgpjDQrWNzeqP@f9941","73L4nmqWFHh5+P3bSzkfN+","73L4nmqWFHh5+P3bSzkfN+@6c48a","73L4nmqWFHh5+P3bSzkfN+@f9941","73wV9fgidBPaJdxIRLbE6H@84e8a","73wV9fgidBPaJdxIRLbE6H@b8a2d","73wV9fgidBPaJdxIRLbE6H@bc797","74f4UqdpNPvLLtmDhiRTxe","74f4UqdpNPvLLtmDhiRTxe@6c48a","74f4UqdpNPvLLtmDhiRTxe@f9941","76Mko1gSlLwJI7IatA3aRn","76Mko1gSlLwJI7IatA3aRn@6c48a","76Mko1gSlLwJI7IatA3aRn@f9941","76Vj2se2hPP6iA0b5D5aYB@44034","76Vj2se2hPP6iA0b5D5aYB@530d1","76Vj2se2hPP6iA0b5D5aYB@bc797","76sfpev6JMdI8hsfy5P0bE","761dOOpPhL+qoQsvAdprqe","761dOOpPhL+qoQsvAdprqe@6c48a","761dOOpPhL+qoQsvAdprqe@f9941","77k2nYY/lAs5hRVecHy7iu","78GcJMY1dAe4BtK8q+mgCS","78GcJMY1dAe4BtK8q+mgCS@6c48a","78GcJMY1dAe4BtK8q+mgCS@f9941","79ri8SxQpK+JJIzKg0+X8z","79ri8SxQpK+JJIzKg0+X8z@6c48a","79ri8SxQpK+JJIzKg0+X8z@f9941","7aKmGgm/tKm4iZFlh3rzsM@f9941","7aoejIMYdDhIJMTipu+qcI@0bac0","7aoejIMYdDhIJMTipu+qcI@1b048","7aoejIMYdDhIJMTipu+qcI@3bd65","7aoejIMYdDhIJMTipu+qcI@44034","7aoejIMYdDhIJMTipu+qcI@442db","7aoejIMYdDhIJMTipu+qcI@4b8d7","7aoejIMYdDhIJMTipu+qcI@8dbc3","7b2gUptP9B2Imr/tm5PAxi","7cWiYX9gpCkr3llNO8dGDh","7cWiYX9gpCkr3llNO8dGDh@6c48a","7cWiYX9gpCkr3llNO8dGDh@f9941","7cm+/EKRND3bSWT/2oODT5","7dOWcDE4dBbKa25wc1mgjO","7dOWcDE4dBbKa25wc1mgjO@6c48a","7dOWcDE4dBbKa25wc1mgjO@f9941","7flbRwj8pEX4fCaqMUUZ8K@f9941","7fow2xfi1FcrF6Cs93hHTU","7fow2xfi1FcrF6Cs93hHTU@6c48a","82OKTk1+pDM5EfX93LKT88@4eb3d","82OKTk1+pDM5EfX93LKT88@bfae8","82OKTk1+pDM5EfX93LKT88@e114c","822QtbDkhOibE84I0W2O22","83RriQiuFPGLRBuznq8LYB","83RriQiuFPGLRBuznq8LYB@6c48a","83RriQiuFPGLRBuznq8LYB@f9941","86pRpIjxVOfbznccRdgGk/","86pRpIjxVOfbznccRdgGk/@6c48a","86pRpIjxVOfbznccRdgGk/@f9941","87RwjDEU5MuJS+ZJyGS82F","87RwjDEU5MuJS+ZJyGS82F@6c48a","87RwjDEU5MuJS+ZJyGS82F@f9941","88QBifAHpCf7VoZrivho45@f9941","88Wah4wLNFGYILbZEPWtm1@f9941","890rfm7y1GMows7izoyvdM","890rfm7y1GMows7izoyvdM@6c48a","890rfm7y1GMows7izoyvdM@f9941","893tPrOZFIpIBFjj9E59u1","893tPrOZFIpIBFjj9E59u1@6c48a","893tPrOZFIpIBFjj9E59u1@f9941","8aZdoM6txHGbPjFCTJonhS","8an+e0gk9M+bmk6zTtN/4q","8an+e0gk9M+bmk6zTtN/4q@6c48a","8ba4ywIwpPVrpX0p5P/2OW","8cF2tXPC9AF5ok0YJMwLXd","8cF2tXPC9AF5ok0YJMwLXd@6c48a","8eUXC4Ue9PZZlRsTrl3jAg","8eVXg5uj1LmZM/PPoJQge+@f9941","8eclw6XbZNSYWBuG0TFgo4","8e43AuYY5KDI+IPvxQvmQw","8e43AuYY5KDI+IPvxQvmQw@6c48a","8e43AuYY5KDI+IPvxQvmQw@f9941","8fKkJQ8r9PNpM50eidxrHb","8fKkJQ8r9PNpM50eidxrHb@6c48a","8fcMS5SFRHnpZHymjN0Rmz","8fcMS5SFRHnpZHymjN0Rmz@6c48a","8fcMS5SFRHnpZHymjN0Rmz@f9941","90CbT4OSVCpZyd0QwzVJK4","90CbT4OSVCpZyd0QwzVJK4@6c48a","90ZRaO87NIyIuH9OcokT1B","93OmUxJZVAhZGjMH66cGHs@5d0b5","93Q6M3UV9KNpxKdvZomFZl","93Y+8sgNtB5oJ2WgDlZxJC","93Y+8sgNtB5oJ2WgDlZxJC@6c48a","93Y+8sgNtB5oJ2WgDlZxJC@f9941","93vEpaydZApZAzxf7ibVwz","95EkngnxZFbYuFpsqVTaFr","95EkngnxZFbYuFpsqVTaFr@6c48a","95EkngnxZFbYuFpsqVTaFr@f9941","96Zo+u5WtLiKL8O2PfKs51@84e8a","96Zo+u5WtLiKL8O2PfKs51@b8a2d","96Zo+u5WtLiKL8O2PfKs51@bc797","96kyBUx2JH4Jh4NCd1FVhA","96kyBUx2JH4Jh4NCd1FVhA@6c48a","96kyBUx2JH4Jh4NCd1FVhA@f9941","96nvva+rJIDrbcF/xrSyWQ","960vG8Cp1FmIQOUbH5vEo2","97JD5bF7xG9JdkjQFb/xl1","97JD5bF7xG9JdkjQFb/xl1@6c48a","97JD5bF7xG9JdkjQFb/xl1@f9941","97L/4LtgtCKZk/DFBD4YxS","97L/4LtgtCKZk/DFBD4YxS@6c48a","97L/4LtgtCKZk/DFBD4YxS@f9941","97te0/9wdNQYrboVJvG08m@b537b","97te0/9wdNQYrboVJvG08m@b8a2d","97te0/9wdNQYrboVJvG08m@c774a","98zpUF40FMjqq07nl8yMlM","98zpUF40FMjqq07nl8yMlM@6c48a","99TejYuLVK3p4RyejNvShu","9aMIAcPydNRL0I44ZPN5er","9bX9vTAyFBtbBNZiMZ53ff","9cbGjL/OFP3JtM2glItjRZ","9cbGjL/OFP3JtM2glItjRZ@6c48a","9cbGjL/OFP3JtM2glItjRZ@f9941","9foi8/o39OS5aTmIZLmiao@50b92","9foi8/o39OS5aTmIZLmiao@bfae8","9foi8/o39OS5aTmIZLmiao@fe5ee","a1XVBCb5hKb4UsfjdE4nSj","a1XVBCb5hKb4UsfjdE4nSj@6c48a","a1XVBCb5hKb4UsfjdE4nSj@f9941","a2F59ed3pK+rjHV6JlhfMv","a3zQCfCrBCDZJ4uf2rk5u8","a4V18fA7xE/6zt0gNS4VXA","a4vHklfvxLh50vjIASlJPQ","a4vHklfvxLh50vjIASlJPQ@6c48a","a4vHklfvxLh50vjIASlJPQ@f9941","a5TWGQ7ElKiaq7Ryk1BFF2","a5WJcnSsZLraazgmWXm1MA","a5WJcnSsZLraazgmWXm1MA@6c48a","a5WJcnSsZLraazgmWXm1MA@f9941","a6NxjWmbRN753fCG84GlJh","a7eiYzd3lDKIXtqsz0Rg0t","a7/yUSnlZGnIEPdFKal+Qm@0bac0","a7/yUSnlZGnIEPdFKal+Qm@1b048","a7/yUSnlZGnIEPdFKal+Qm@442db","a7/yUSnlZGnIEPdFKal+Qm@92060","aaAh5Kcf9IZa/rjFsRBojd","aazvfKoExL65R9yH4f8Fcx","abZ2PNYMBBj5q3itoY+azm","abZ2PNYMBBj5q3itoY+azm@6c48a","abZ2PNYMBBj5q3itoY+azm@f9941","acEFJGqnhJ8JiHOEcPHD4q","acEFJGqnhJ8JiHOEcPHD4q@6c48a","acdIFi1PpGYrgi03pcIUf7@4eb3d","acdIFi1PpGYrgi03pcIUf7@604e5","acdIFi1PpGYrgi03pcIUf7@bfae8","adQ8bRRpdFdYlKMQMVXPdj","aeejcXUCBDSq+UQS5XvUEr","b1GUJCtA1Fl7UuDBVg2lUO@10c40","b1GUJCtA1Fl7UuDBVg2lUO@4166c","b1GUJCtA1Fl7UuDBVg2lUO@6726b","b1GUJCtA1Fl7UuDBVg2lUO@801a3","b1GUJCtA1Fl7UuDBVg2lUO@8c383","b1GUJCtA1Fl7UuDBVg2lUO@8f799","b1GUJCtA1Fl7UuDBVg2lUO@9b25d","b1GUJCtA1Fl7UuDBVg2lUO@a1ccb","b1GUJCtA1Fl7UuDBVg2lUO@a3120","b1GUJCtA1Fl7UuDBVg2lUO@a96a6","b1GUJCtA1Fl7UuDBVg2lUO@aed59","b1ULa7Al9Pgo11l18iS8aX","b1ULa7Al9Pgo11l18iS8aX@6c48a","b1+X0a715FY5rUTH7R1X0f","b1+X0a715FY5rUTH7R1X0f@6c48a","b1+X0a715FY5rUTH7R1X0f@f9941","b2CHZXgV9LsLRfeKbBGIoj","b2CHZXgV9LsLRfeKbBGIoj@6c48a","b23ywF9UBCaLMLrayOre4c","b3I5NmKRhKS5GXub8xmgfr","b3I5NmKRhKS5GXub8xmgfr@6c48a","b3I5NmKRhKS5GXub8xmgfr@f9941","b3TPwz9QRHvrRCO0Mwi03q","b3TPwz9QRHvrRCO0Mwi03q@6c48a","b3TPwz9QRHvrRCO0Mwi03q@f9941","b3Y1CsFN5LzqK0PKIYPAjm","b3xpQ6CKxMjrlT6vomNwYk","b3+08wfJpLK5NL8BSsN/G8@3a0f4","b3+08wfJpLK5NL8BSsN/G8@3bd65","b3+08wfJpLK5NL8BSsN/G8@4b8d7","b3+08wfJpLK5NL8BSsN/G8@8dbc3","b4MaRg0bVFHZaaCz5g7IBo@14b6a","b4MaRg0bVFHZaaCz5g7IBo@36f89","b4MaRg0bVFHZaaCz5g7IBo@4166c","b4MaRg0bVFHZaaCz5g7IBo@6726b","b4MaRg0bVFHZaaCz5g7IBo@801a3","b4MaRg0bVFHZaaCz5g7IBo@8c383","b4MaRg0bVFHZaaCz5g7IBo@9abf0","b4MaRg0bVFHZaaCz5g7IBo@b01e4","b4MaRg0bVFHZaaCz5g7IBo@c28f0","b4N52FGQtKLqK79LKDw8ql","b5hiEG8ExGkY7G2iATKnvd","b5hiEG8ExGkY7G2iATKnvd@6c48a","b5hiEG8ExGkY7G2iATKnvd@f9941","b6SdSfZQZHCpRU/9QX2K0I","b67AYHtw1AnL8qqZilmEgt","b7ksJ3N1ZDh6N6LL2PwTaY","b7ksJ3N1ZDh6N6LL2PwTaY@6c48a","b7ksJ3N1ZDh6N6LL2PwTaY@f9941","b9hGBrYF5MZKThth6+kNWP","b9hGBrYF5MZKThth6+kNWP@6c48a","b94J6QpiBNTq4K5yubHhf0","b94J6QpiBNTq4K5yubHhf0@6c48a","b94J6QpiBNTq4K5yubHhf0@f9941","bal8BpfwtPx5+3IeyU3rDd","bal8BpfwtPx5+3IeyU3rDd@6c48a","bcaqUX7ZlP7rOKnEW/5FwO","bcaqUX7ZlP7rOKnEW/5FwO@6c48a","c0pat0705JR7axzPQnrKqL","c0xoEL+qlEx4vKelhNlibw","c0xoEL+qlEx4vKelhNlibw@6c48a","c0xoEL+qlEx4vKelhNlibw@f9941","c1KbvET7xIS5eMZxB6kuYq","c1zKdBGo1ALqDeLxLJKyov","c1zKdBGo1ALqDeLxLJKyov@6c48a","c1zKdBGo1ALqDeLxLJKyov@f9941","c2H5zHbmZGjrCAhE0GNNOq","c2H5zHbmZGjrCAhE0GNNOq@6c48a","c27qmYhNhDkrqEhE0yoTun","c27qmYhNhDkrqEhE0yoTun@6c48a","c27qmYhNhDkrqEhE0yoTun@f9941","c3YYnV+QRHFY0oZ9b/qz+K","c4jTHNLZJAXpOh0oxny7NX","c4jTHNLZJAXpOh0oxny7NX@6c48a","c4jTHNLZJAXpOh0oxny7NX@f9941","c4mV+6m0tJaJV8brZvTnPr@4eb3d","c4mV+6m0tJaJV8brZvTnPr@546af","c4mV+6m0tJaJV8brZvTnPr@604e5","c4mV+6m0tJaJV8brZvTnPr@a96a6","c4vg+YLvZLdr1V4Wujn3j9","c5iiESAm5EM6OSul0zfI0J@f620b","c6KyZNOrlFn6MUjhwpyQEO","c6KyZNOrlFn6MUjhwpyQEO@6c48a","c6KyZNOrlFn6MUjhwpyQEO@f9941","c6wsGDD3JCoYUFg4G657kZ@7f3dc","c7As3HwPpNz5SGNtlEYlKU@59171","c7As3HwPpNz5SGNtlEYlKU@9b25d","c7As3HwPpNz5SGNtlEYlKU@bdfac","c7As3HwPpNz5SGNtlEYlKU@e2346","c7As3HwPpNz5SGNtlEYlKU@e5185","c7As3HwPpNz5SGNtlEYlKU@f29e8","c7iMP/U9xMwYz6cawbeOyw@f9941","c8O2blLMJJSpEsZJp7/9pm","cbnI+/SWhFD7bVKISubnA6","cdjduf6m9NTIrzB9fSaVNN@f9941","cduwjcyIpNQrj16E+IXBtb@14b6a","cduwjcyIpNQrj16E+IXBtb@4166c","cduwjcyIpNQrj16E+IXBtb@6726b","cduwjcyIpNQrj16E+IXBtb@801a3","cduwjcyIpNQrj16E+IXBtb@8c383","cduwjcyIpNQrj16E+IXBtb@cdbc4","ceabq9EMRCcbdYqhIow11h@f9941","cefnezG8FJAKBPQFsZUxah","cfrdYCTaNPqKOlK3R4S1CF","cfrdYCTaNPqKOlK3R4S1CF@6c48a","cfrdYCTaNPqKOlK3R4S1CF@f9941","d03hjf4uRLMJ5/KTA3buPM@c6160","d1NGQ2rJZCcbhjH0/erZWw","d1uoT8fgpOWq12LnNoab9z","d1uoT8fgpOWq12LnNoab9z@6c48a","d1uoT8fgpOWq12LnNoab9z@f9941","d5G1uHEWZD3p5l6u7N4Iql","d5cptiEiBFhJGV3Ru6L1Fm","d5zRrGx+VO94d6M1SLaa4J","d6w8kKVtFBnrSgSQg/QioP","d7SddzI/RJj5cP2mD2pGjf","d7zv4j105Ld49Alp3KPRPz","d7/foWIP1ID7/E69QTotAF","d7/foWIP1ID7/E69QTotAF@6c48a","daFy1bQkVEGb8+YQz12xcz","daFy1bQkVEGb8+YQz12xcz@6c48a","daFy1bQkVEGb8+YQz12xcz@f9941","dalIFF8lNLhY3gizW4lGeR","dalIFF8lNLhY3gizW4lGeR@6c48a","dalZGJyN5JupenyqsE7Tce","dalZGJyN5JupenyqsE7Tce@6c48a","dalZGJyN5JupenyqsE7Tce@f9941","dapa/yT09Nmqz6uNhFuSru@f9941","dckfng9pRO6ZWwnA2Qauyg","deR+fbds1JApXfVcmCBI7n","deR+fbds1JApXfVcmCBI7n@6c48a","deR+fbds1JApXfVcmCBI7n@f9941","e1hz2Ce7FFU64KcQ2R6Smd","e10Ytu2v1H2beQ2RspBYUx","e10Ytu2v1H2beQ2RspBYUx@6c48a","e10Ytu2v1H2beQ2RspBYUx@f9941","e3WXWFh01Eab6MPd54dTQH","e3WXWFh01Eab6MPd54dTQH@6c48a","e3WXWFh01Eab6MPd54dTQH@f9941","e398rWqWVC35opVSOSk84M","e4jf7O1y9JWZWqIsqbYmYI","e4jf7O1y9JWZWqIsqbYmYI@6c48a","e4jf7O1y9JWZWqIsqbYmYI@f9941","e9L7RSgU1GmKr7DYQMcZ31@f9941","eagVV2FxRIkoZvO4ccnWbO","eaig+Fa6RFrqmXg/SCQd7n","eaig+Fa6RFrqmXg/SCQd7n@6c48a","ebafafvcxGRYSpwZ5OVpaM","ebd2QcYj1L7YPP9+RSAZj0","ebd2QcYj1L7YPP9+RSAZj0@6c48a","ebd2QcYj1L7YPP9+RSAZj0@f9941","edggrhMFlBo4l+QLGuFn3s","eed4QJi3lFtqtHFzjdbSj3","eemx+pWCtFkrq+FOvJGGEY","eemx+pWCtFkrq+FOvJGGEY@6c48a","eemx+pWCtFkrq+FOvJGGEY@f9941","f1cKMuETJOlahupykny1+L@f9941","f2WzV9r25LeJ1pQMt7IcoV","f2WzV9r25LeJ1pQMt7IcoV@6c48a","f2WzV9r25LeJ1pQMt7IcoV@f9941","f25PxLKkdPGIWd1KhkP77f","f25PxLKkdPGIWd1KhkP77f@6c48a","f25PxLKkdPGIWd1KhkP77f@f9941","f28WMKVipNeZhJhXjAeitO","f28WMKVipNeZhJhXjAeitO@6c48a","f28WMKVipNeZhJhXjAeitO@f9941","f3T61uKCpNYLph6qzlxXUS@f9941","f3UX+LFIJCV6gfoa+3n0mo@3550d","f3UX+LFIJCV6gfoa+3n0mo@42db1","f3UX+LFIJCV6gfoa+3n0mo@66d6e","f3UX+LFIJCV6gfoa+3n0mo@a0021","f3UX+LFIJCV6gfoa+3n0mo@baec1","f3UX+LFIJCV6gfoa+3n0mo@ec2bd","f8bCQfayxKea3sJwQ/Rr8G","f8bCQfayxKea3sJwQ/Rr8G@6c48a","f8bCQfayxKea3sJwQ/Rr8G@f9941","f8bEdjzJpLRqd0jYhTm8nw","f9j5qJcsBPOopsTAgTPzks","f9j5qJcsBPOopsTAgTPzks@6c48a","f9j5qJcsBPOopsTAgTPzks@f9941","faCu7pKrtIxK2l3ZAvo2Q4","faONakMV5FPJ6PVIcOKp3O","faPYTrEk1Jh5zFEKnLSZ+f","faPYTrEk1Jh5zFEKnLSZ+f@6c48a","faPYTrEk1Jh5zFEKnLSZ+f@f9941","fafkn4FSJPDpuWE1FLZu5B","fafkn4FSJPDpuWE1FLZu5B@6c48a","fafkn4FSJPDpuWE1FLZu5B@f9941","faiYWnPaJA8pBN4le9v9kd","faiYWnPaJA8pBN4le9v9kd@6c48a","faiYWnPaJA8pBN4le9v9kd@f9941","feMHifC8VN0I0QOX3PER0s","feMHifC8VN0I0QOX3PER0s@6c48a","feoRfMO4VHnoOr4CxGycQP","feoRfMO4VHnoOr4CxGycQP@6c48a","feoRfMO4VHnoOr4CxGycQP@f9941","ffI0vIjpJM04Cw/QtlIvYL","ffI0vIjpJM04Cw/QtlIvYL@6c48a","ffvSkNzzBK4pzy5ddgRZ6s@3efb2","ffvSkNzzBK4pzy5ddgRZ6s@438fe","ffvSkNzzBK4pzy5ddgRZ6s@5c895","ffvSkNzzBK4pzy5ddgRZ6s@b36d2","ffwCJSQzxFdKTXAVLSuD24"],"paths":{"0":["gamePackage/texture/car/car110Black",5],"1":["gamePackage/texture/car/car110Black/texture",6,1],"2":["gamePackage/texture/car/car110Black/spriteFrame",7,1],"34":["datas/servers",1],"46":["gamePackage/map/config/map104",4],"86":["gamePackage/map/config/map114",4],"103":["gamePackage/map/config/map108",4],"113":["prefab/ui/main/setting",2],"121":["prefab/ui/car/uiCar107",2],"127":["gamePackage/texture/car/car113Black",5],"128":["gamePackage/texture/car/car113Black/texture",6,1],"129":["gamePackage/texture/car/car112",5],"130":["gamePackage/texture/car/car112/texture",6,1],"131":["prefab/car/car102",2],"132":["prefab/effect/coin",2],"133":["prefab/ui/common/flyReward",2],"134":["prefab/ui/car/uiCar104",2],"135":["gamePackage/map/plane/plane01",2],"136":["prefab/car/car108",2],"137":["prefab/effect/gas",2],"138":["prefab/car/car114",2],"139":["prefab/ui/car/uiCar102",2],"140":["prefab/ui/common/tips",2],"141":["prefab/ui/car/uiCar108",2],"142":["prefab/car/car204",2],"143":["gamePackage/texture/car/car115",5],"144":["gamePackage/texture/car/car115/texture",6,1],"145":["gamePackage/texture/car/car107",5],"146":["gamePackage/texture/car/car107/texture",6,1],"147":["prefab/ui/car/uiCar112",2],"148":["gamePackage/texture/car/car102",5],"149":["gamePackage/texture/car/car102/texture",6,1],"150":["gamePackage/map/sign/end",2],"151":["gamePackage/texture/car/car103Black",5],"152":["gamePackage/texture/car/car103Black/texture",6,1],"153":["gamePackage/map/sign/sign01",2],"154":["gamePackage/map/house/house02",2],"155":["gamePackage/texture/head/head2",5],"156":["gamePackage/texture/head/head2/texture",6,1],"157":["gamePackage/texture/car/car107Black",5],"158":["gamePackage/texture/car/car107Black/texture",6,1],"159":["gamePackage/texture/car/car105",5],"160":["gamePackage/texture/car/car105/texture",6,1],"161":["gamePackage/texture/car/car111",5],"162":["gamePackage/texture/car/car111/texture",6,1],"163":["gamePackage/texture/car/car110",5],"164":["gamePackage/texture/car/car110/texture",6,1],"165":["prefab/ui/car/uiCar105",2],"166":["prefab/ui/car/uiCar114",2],"167":["gamePackage/texture/car/car101",5],"168":["gamePackage/texture/car/car101/texture",6,1],"169":["gamePackage/texture/car/car101/spriteFrame",7,1],"170":["gamePackage/texture/car/car103",5],"171":["gamePackage/texture/car/car103/texture",6,1],"172":["gamePackage/map/road/road01",2],"173":["gamePackage/texture/car/car111Black",5],"174":["gamePackage/texture/car/car111Black/texture",6,1],"175":["gamePackage/texture/car/car112Black",5],"176":["gamePackage/texture/car/car112Black/texture",6,1],"177":["gamePackage/map/house/house01",2],"178":["gamePackage/map/customer/customer1",2],"179":["gamePackage/texture/car/car104",5],"180":["gamePackage/texture/car/car104/texture",6,1],"181":["gamePackage/texture/car/car104Black",5],"182":["gamePackage/texture/car/car104Black/texture",6,1],"183":["prefab/car/car103",2],"184":["prefab/ui/car/uiCar115",2],"185":["prefab/car/car109",2],"186":["gamePackage/texture/car/car102Black",5],"187":["gamePackage/texture/car/car102Black/texture",6,1],"188":["prefab/car/car203",2],"189":["gamePackage/map/road/road02",2],"190":["prefab/ui/main/mainUI",2],"191":["prefab/car/car101",2],"192":["prefab/car/car112",2],"193":["gamePackage/texture/car/car115Black",5],"194":["gamePackage/texture/car/car115Black/texture",6,1],"195":["prefab/car/car115",2],"196":["prefab/car/car107",2],"197":["prefab/car/car113",2],"198":["prefab/ui/main/invincible",2],"199":["gamePackage/texture/head/head1",5],"200":["gamePackage/texture/head/head1/texture",6,1],"202":["prefab/ui/lottery/lotteryItem",2],"203":["gamePackage/texture/car/car109",5],"204":["gamePackage/texture/car/car109/texture",6,1],"205":["gamePackage/texture/car/car106Black",5],"206":["gamePackage/texture/car/car106Black/texture",6,1],"207":["prefab/ui/car/uiCar113",2],"208":["prefab/ui/car/uiCar106",2],"209":["gamePackage/texture/car/car114Black",5],"210":["gamePackage/texture/car/car114Black/texture",6,1],"211":["prefab/ui/main/trial",2],"212":["gamePackage/map/road/road07",2],"213":["gamePackage/map/road/road04",2],"214":["prefab/ui/fight/revive",2],"216":["prefab/ui/fight/fightUI",2],"217":["gamePackage/map/road/road06",2],"218":["prefab/car/car104",2],"219":["gamePackage/map/tree/stone02",2],"220":["prefab/car/car110",2],"221":["prefab/ui/car/uiCar110",2],"222":["prefab/car/car202",2],"223":["prefab/ui/shop/shopItem",2],"224":["prefab/car/car105",2],"225":["prefab/ui/shop/shopPage",2],"226":["prefab/car/car111",2],"227":["prefab/ui/car/uiCar109",2],"228":["gamePackage/map/sign/sign02",2],"229":["gamePackage/map/sign/start",2],"230":["prefab/ui/signIn/signIn",2],"231":["prefab/ui/shop/shop",2],"232":["gamePackage/map/customer/customer2",2],"233":["prefab/car/car106",2],"234":["prefab/ui/rank/rank",2],"235":["prefab/ui/common/showReward",2],"236":["prefab/ui/car/uiCar111",2],"237":["gamePackage/texture/car/car108Black",5],"238":["gamePackage/texture/car/car108Black/texture",6,1],"239":["prefab/ui/fight/balance",2],"240":["gamePackage/map/road/road03",2],"241":["gamePackage/map/tree/tree02",2],"242":["gamePackage/texture/car/car105Black",5],"243":["gamePackage/texture/car/car105Black/texture",6,1],"244":["gamePackage/texture/car/car113",5],"245":["gamePackage/texture/car/car113/texture",6,1],"246":["gamePackage/map/tree/tree01",2],"247":["prefab/ui/signIn/signInItem",2],"248":["gamePackage/map/road/road05",2],"249":["gamePackage/texture/car/car108",5],"250":["gamePackage/texture/car/car108/texture",6,1],"251":["prefab/effect/shield",2],"252":["gamePackage/map/tree/stone01",2],"253":["prefab/car/car201",2],"254":["gamePackage/texture/car/car101Black",5],"255":["gamePackage/texture/car/car101Black/texture",6,1],"256":["gamePackage/texture/car/car101Black/spriteFrame",7,1],"257":["gamePackage/texture/car/car114",5],"258":["gamePackage/texture/car/car114/texture",6,1],"259":["prefab/ui/car/uiCar101",2],"260":["gamePackage/texture/car/car109Black",5],"261":["gamePackage/texture/car/car109Black/texture",6,1],"262":["gamePackage/texture/car/car106",5],"263":["gamePackage/texture/car/car106/texture",6,1],"264":["prefab/ui/car/uiCar103",2],"265":["prefab/ui/lottery/lottery",2],"266":["prefab/ui/common/loading",2],"267":["prefab/ui/fight/clickBox",2],"268":["gamePackage/map/config/map101",4],"269":["gamePackage/texture/car/car113Black/spriteFrame",7,1],"279":["gamePackage/texture/car/car112/spriteFrame",7,1],"294":["gamePackage/map/config/map112",4],"301":["gamePackage/audio/music/background",3],"314":["gamePackage/audio/sound/tooting1",3],"315":["gamePackage/texture/car/car115/spriteFrame",7,1],"316":["gamePackage/map/config/map103",4],"327":["gamePackage/texture/car/car107/spriteFrame",7,1],"328":["gamePackage/map/config/map106",4],"330":["gamePackage/map/sign/sign03",2],"343":["gamePackage/texture/car/car102/spriteFrame",7,1],"347":["gamePackage/texture/car/car103Black/spriteFrame",7,1],"348":["gamePackage/audio/sound/crash",3],"349":["gamePackage/texture/head/head2/spriteFrame",7,1],"355":["gamePackage/texture/car/car107Black/spriteFrame",7,1],"356":["gamePackage/texture/car/car105/spriteFrame",7,1],"361":["datas/car",0],"366":["gamePackage/texture/car/car111/spriteFrame",7,1],"367":["gamePackage/texture/car/car110/spriteFrame",7,1],"393":["datas/talk",0],"400":["gamePackage/texture/car/car103/spriteFrame",7,1],"401":["gamePackage/texture/car/car111Black/spriteFrame",7,1],"406":["gamePackage/texture/car/car112Black/spriteFrame",7,1],"409":["gamePackage/texture/car/car104/spriteFrame",7,1],"417":["gamePackage/texture/car/car104Black/spriteFrame",7,1],"432":["gamePackage/map/config/map105",4],"433":["gamePackage/texture/car/car102Black/spriteFrame",7,1],"450":["gamePackage/audio/sound/win",3],"487":["prefab/ui/main/onlineDouble",2],"494":["gamePackage/texture/car/car115Black/spriteFrame",7,1],"510":["gamePackage/texture/head/head1/spriteFrame",7,1],"526":["gamePackage/texture/car/car109/spriteFrame",7,1],"527":["gamePackage/texture/car/car106Black/spriteFrame",7,1],"534":["datas/signIn",0],"537":["gamePackage/map/config/map109",4],"541":["gamePackage/texture/car/car114Black/spriteFrame",7,1],"553":["gamePackage/map/config/map117",4],"555":["gamePackage/map/config/map120",4],"582":["gamePackage/map/config/map116",4],"584":["gamePackage/audio/sound/start",3],"594":["gamePackage/map/config/map102",4],"600":["gamePackage/map/config/map110",4],"604":["gamePackage/map/config/map107",4],"605":["gamePackage/map/config/map115",4],"620":["gamePackage/audio/sound/stop",3],"621":["gamePackage/audio/sound/tooting2",3],"684":["gamePackage/map/config/map113",4],"713":["gamePackage/texture/car/car108Black/spriteFrame",7,1],"715":["gamePackage/map/config/map119",4],"716":["gamePackage/texture/car/car105Black/spriteFrame",7,1],"723":["gamePackage/texture/car/car113/spriteFrame",7,1],"724":["gamePackage/audio/sound/inCar",3],"736":["gamePackage/map/config/map118",4],"749":["gamePackage/texture/car/car108/spriteFrame",7,1],"750":["gamePackage/audio/sound/newOrder",3],"765":["gamePackage/texture/car/car114/spriteFrame",7,1],"769":["gamePackage/audio/sound/click",3],"774":["gamePackage/audio/sound/getMoney",3],"778":["gamePackage/texture/car/car109Black/spriteFrame",7,1],"788":["gamePackage/texture/car/car106/spriteFrame",7,1],"798":["gamePackage/map/config/map111",4],"803":["prefab/car/light",2]},"scenes":{},"packs":{"0135107d8":["51","92","133","293","308","326","446","467","519","614","646","687","772","781"],"0153e0180":["121","287"],"018911d73":["281","282","253"],"018939105":["113","423","505","525","593","748"],"020a81cb5":["271","313","394","395","396","397","398","399","191","733"],"022dd4cac":["196","773"],"022e5c0bc":["150","471","472"],"0241d1bf4":["131","693","717","718","719","720","721","722"],"025509b82":["513","515","246"],"025cdc4a1":["142","611"],"03054c8fe":["577","578","229"],"0308116b8":["100","545","211"],"033611f93":["137","714"],"039daaf16":["226","622","737"],"03e5108d6":["392","412","573","235","760","784","806"],"03ef93780":["147","506"],"041c5d865":["305","435","436","437","438","439","440","233"],"0442a7a70":["372","479","599","223","225","231","764","256","777"],"048a7e480":["285","197"],"048eaad69":["275","276","278","178"],"0499764f7":["68","490","643","230","247","743"],"04b373c6c":["289","132","728"],"05803a058":["320","322","189"],"05c175d2c":["563","564","228"],"05d00a8aa":["188","569"],"05d5a5ae8":["339","434","251"],"06068c12c":["116","274","337","342","365","368","266"],"0637edfa5":["136","540","707","708","709","710","711","712"],"0696b8a9c":["353","354","177"],"06a428a60":["408","207"],"06ce3b6ef":["610","224"],"06de636db":["221","648"],"070377e84":["141","542"],"07338d921":["554","222","701"],"075c47e50":["134","666"],"075e6ede9":["140","449"],"07dcda724":["208","802"],"08418f4cc":["312","236"],"0878a2ac3":["90","98","6","105","114","127","290","291","324","145","0","151","155","351","157","159","357","384","387","390","181","3","418","441","444","447","451","454","457","460","193","496","497","502","503","507","199","511","66","535","538","209","543","546","548","585","15","272","280","298","321","331","335","344","362","163","374","380","167","170","175","179","421","427","430","465","484","491","520","528","531","559","570","580","26","306","309","340","363","161","370","402","410","424","186","468","474","75","574","129","359","488","517","205","551","556","295","143","41","173","49","463","477","571","302","523","560","407","203","148","566","597","607","591","601","612","615","635","650","667","673","644","633","659","668","671","627","629","638","641","663","676","678","681","685","690","688","694","703","237","698","242","244","725","730","739","741","744","746","249","751","755","762","254","257","754","758","767","770","775","782","785","779","262","795","799","260","804","807","810","813","815","818","824"],"08c8aa3c7":["154","697","699"],"08e15d3b8":["617","618","241"],"08fefbb50":["77","346","214"],"0922e1f86":["227","734"],"092833c2e":["683","234","801"],"092b2015a":["5","311","169","202","757","265","797","812"],"098c07466":["373","375","376","378","379","381","382","240"],"09b7cfc5e":["297","386","404","443","456","462","470","476","533","558","562","692","239","809"],"09ccf3430":["416","184"],"09f8d726b":["232","821","822","823"],"0a19652b0":["369","264"],"0a3d34e36":["172","606","609"],"0adb79c0c":["91","99","7","106","115","128","292","325","146","1","152","156","352","158","160","358","385","388","391","182","4","419","442","445","448","452","455","458","461","194","500","499","504","508","200","512","67","536","539","210","544","547","549","586","589","17","273","277","283","299","323","332","336","345","164","377","383","168","171","176","180","415","422","428","431","466","473","485","492","521","529","532","579","581","27","307","310","341","364","162","371","403","411","425","187","469","475","76","575","130","360","489","514","518","206","552","557","296","144","42","174","50","464","478","482","565","572","303","318","524","561","204","149","567","598","608","592","602","613","616","619","636","651","674","645","634","654","669","672","631","632","639","642","664","677","679","682","686","691","689","695","704","238","700","243","245","726","731","740","742","745","747","250","752","756","763","255","258","759","768","771","776","783","786","780","263","796","800","261","805","808","811","814","816","819","820"],"0ade22100":["317","319","219"],"0ae213158":["185","483"],"0b1c1fd86":["153","413","414"],"0b3d1511d":["212","649","652"],"0b4961376":["333","198","530","576","603"],"0b5aa5a34":["192","653","655","656","657","658","660","661","761"],"0b617f805":["183","596"],"0c6000617":["662","259"],"0cc1965d4":["420","195"],"0ceead8de":["588","590","252"],"0d7ba45c6":["122","139"],"0d804bab9":["16","18","213"],"0d8abe983":["8","107","300","304","426","190","453","486","509","587","637","670","675","727","732","787","817"],"0dac12b48":["28","389","429","493","522","550","568","216","753"],"0dc1d2564":["480","481","248"],"0e5f5507c":["135","516","702"],"0e5f7159a":["165","735"],"0e640e1f0":["459","665","696","705","267"],"0e757afc3":["495","498","501","217"],"0ec00261f":["166","647"],"0f3f148bc":["270","583","220","623","624","625","626","628","630"],"0f7de51f3":["9","10","11","12","13","14","338","218"],"0f87fc5da":["138","766","789","790","791","792","793","794"]},"versions":{"import":[],"native":[]},"redirect":[288,"0",595,"0",729,"0"],"debug":false,"extensionMap":{".ccon":["201","201","215","215","284","286","329","334","350","405","640","680","706","738"]},"hasPreloadScript":true,"types":["cc.TextAsset","cc.JsonAsset","cc.Prefab","cc.AudioClip","cc.Asset","cc.ImageAsset","cc.Texture2D","cc.SpriteFrame"]}