{"version":1,"document":[{"__type__":"cc.AnimationClip","_name":"Take 001","_objFlags":0,"_native":"","sample":30,"speed":1,"wrapMode":2,"enableTrsBlending":true,"_duration":3.3333332538604736,"_hash":2276973709,"_tracks":[],"_exoticAnimation":{"__id__":1},"_events":[],"_embeddedPlayers":[]},{"__type__":"cc.animation.ExoticAnimation","_nodeAnimations":[{"__id__":2}]},{"__type__":"cc.animation.ExoticNodeAnimation","_path":"bomb","_position":{"__id__":3},"_rotation":{"__id__":5},"_scale":{"__id__":7}},{"__type__":"cc.animation.ExoticTrack","times":{"__type__":"TypedArrayRef","ctor":"Float32Array","offset":0,"length":1},"values":{"__id__":4}},{"__type__":"cc.animation.ExoticVec3TrackValues","_values":{"__type__":"TypedArrayRef","ctor":"Float32Array","offset":4,"length":3},"_isQuantized":null},{"__type__":"cc.animation.ExoticTrack","times":{"__type__":"TypedArrayRef","ctor":"Float32Array","offset":16,"length":2},"values":{"__id__":6}},{"__type__":"cc.animation.ExoticQuatTrackValues","_values":{"__type__":"TypedArrayRef","ctor":"Float32Array","offset":24,"length":8},"_isQuantized":null},{"__type__":"cc.animation.ExoticTrack","times":{"__type__":"TypedArrayRef","ctor":"Float32Array","offset":56,"length":1},"values":{"__id__":8}},{"__type__":"cc.animation.ExoticVec3TrackValues","_values":{"__type__":"TypedArrayRef","ctor":"Float32Array","offset":60,"length":3},"_isQuantized":null}],"chunks":[".bin"]}
