[1,["96Zo+u5WtLiKL8O2PfKs51@bc797","1brw/JvvpFnIvdrxpFCgMZ","96Zo+u5WtLiKL8O2PfKs51@84e8a","96Zo+u5WtLiKL8O2PfKs51@b8a2d"],["mainTexture","_effectAsset","root","node","data","_mesh"],[["cc.Node",["_name","_prefab","_lpos","_children","_parent","_components","_lrot","_lscale","_euler"],2,4,5,2,1,9,5,5,5],["cc.Material",["_name","_states","_defines","_props"],0,12],["cc.Mesh",["_native","_hash","_struct"],1,11],["cc.Prefab",["_name"],2],["cc.PrefabInfo",["fileId","instance","targetOverrides","nestedPrefabInstanceRoots","root","asset"],-1,1,1],["cc.MeshRenderer",["node","__prefab","_materials","bakeSettings","_mesh"],3,1,4,3,4,6],["cc.CompPrefabInfo",["fileId"],2],["cc.ModelBakeSettings",[],3]],[[4,0,1,2,3,4,5,5],[1,0,1,2,3,4],[2,0,1,2,3],[3,0,2],[0,0,3,1,2,2],[0,0,4,3,1,2,2],[0,0,4,5,1,2,6,7,8,2],[5,0,1,2,3,4,1],[6,0,2],[7,1]],[[[[1,"Material #91",[{"rasterizerState":{},"blendState":{"targets":[{}]},"depthStencilState":{}}],[{"USE_ALBEDO_MAP":true}],[[[{"metallic":0.400000005960464,"roughness":0.70710676908493},"albedoScale",8,[1,1,1,1],"mainTexture",6,0]],11]]],0,0,[0,0],[0,1],[0,1]],[[[2,".bin",4046450930,[{"primitives":[{"primitiveMode":7,"vertexBundelIndices":[0],"indexView":{"offset":2880,"length":336,"count":168,"stride":2}}],"vertexBundles":[{"view":{"offset":0,"length":2880,"count":90,"stride":32},"attributes":[{"name":"a_position","format":32,"isNormalized":false},{"name":"a_normal","format":32,"isNormalized":false},{"name":"a_texCoord","format":21,"isNormalized":false}]}]},"minPosition",8,[1,0.011239852756261826,-0.3344094753265381,-0.005252141039818525],"maxPosition",8,[1,1.4670883417129517,1.423267126083374,0.005252140108495951]]],-1],0,0,[],[],[]],[[[3,"sign02"],[4,"sign02",[-2],[0,"Node.480",null,null,null,-1,0],[1,0,0,-46]],[5,"RootNode",1,[-3],[0,"Node.481",null,null,null,1,0],[1,0,0.01,0]],[6,"Plane001",2,[[7,-4,[8,"f6r15UDMxN4ZTIFdmROnvK"],[0],[9],1]],[0,"Node.482",null,null,null,1,0],[1,0,0,-1],[3,-0.7071067811865476,0,0,0.7071067811865476],[1,1.2539803981781,1.2539803981781,1.2539803981781],[1,-90.00000000000003,0,0]]],0,[0,2,1,0,-1,2,0,-1,3,0,3,3,0,4,1,4],[0,0],[-1,5],[2,3]]]]
