[1,["96nvva+rJIDrbcF/xrSyWQ","93OmUxJZVAhZGjMH66cGHs@5d0b5","8an+e0gk9M+bmk6zTtN/4q@6c48a","1brw/JvvpFnIvdrxpFCgMZ"],["node","root","data","_mesh","mainTexture","_effectAsset"],[["cc.Node",["_name","_prefab","_children","_components","_parent","_lpos","_lrot","_lscale","_euler"],2,4,2,9,1,5,5,5,5],["cc.Prefab",["_name"],2],["e6d4fVD3pxJ7Y1Khf8fRUoa",["_name","maxSpeed","minSpeed","node","__prefab"],0,1,4],["cc.CompPrefabInfo",["fileId"],2],["cc.BoxCollider",["node","__prefab","_center","_size"],3,1,4,5,5],["cc.RigidBody",["_mass","_linearDamping","_angularDamping","_useGravity","node","__prefab"],-1,1,4],["cc.PrefabInfo",["fileId","instance","targetOverrides","nestedPrefabInstanceRoots","root","asset"],-1,1,1],["cc.MeshRenderer",["node","__prefab","_materials","bakeSettings","_mesh"],3,1,4,3,4,6],["cc.ModelBakeSettings",[],3],["cc.Material",["_name","_states","_defines","_props"],0,12]],[[3,0,2],[6,0,1,2,3,4,5,5],[0,0,4,2,1,2],[1,0,2],[0,0,2,3,1,5,2],[0,0,4,3,1,6,7,8,2],[2,0,1,2,3,4,4],[4,0,1,2,3,1],[5,0,1,2,3,4,5,5],[7,0,1,2,3,4,1],[8,1],[9,0,1,2,3,4]],[[[[3,"car203"],[4,"car203",[-5],[[6,"car<car>",0.3,0.02,-2,[0,"99UEBHxVlAOIfv4ZueKO0I"]],[7,-3,[0,"17rtX0DzpAO4dR1RS34RrP"],[1,0,0.4,0],[1,0.7,0.7,1.3]],[8,10,0,0,false,-4,[0,"c1wpZSH6ZHyYGpjFRKOVpb"]]],[1,"33Uhs1dolM3a6GcJG6G6wf",null,null,null,-1,0],[1,-1,0,45]],[2,"truck02",1,[-6],[1,"Node.833",null,null,null,1,0]],[2,"RootNode",2,[-7],[1,"Node.834",null,null,null,1,0]],[5,"car_005_0",3,[[9,-8,[0,"2bX/16DWJIL4Y2lIihP2S4"],[0],[10],1]],[1,"Node.835",null,null,null,1,0],[3,-5.338508038181781e-8,0.7071067811865455,0.7071067811865455,5.338508038181781e-8],[1,74.0360412597656,74.0360412597656,74.0360412597656],[1,-89.99999999999999,179.9999913485774,0]]],0,[0,1,1,0,0,1,0,0,1,0,0,1,0,-1,2,0,-1,3,0,-1,4,0,0,4,0,2,1,8],[0,0],[-1,3],[0,1]],[[[11,"pink",[{"blendState":{"targets":[{}]},"depthStencilState":{},"rasterizerState":{}},{"blendState":{"targets":[{}]},"depthStencilState":{},"rasterizerState":{}}],[{"USE_ALBEDO_MAP":true,"OCCLUSION_CHANNEL":"b","ROUGHNESS_CHANNEL":"r","METALLIC_CHANNEL":"g"},{}],[[[{"occlusion":0,"roughness":0.8,"metallic":0.6},"mainTexture",6,0],{}],11,0]]],0,0,[0,0],[4,5],[2,3]]]]
