[1,["b1ULa7Al9Pgo11l18iS8aX@6c48a","1brw/JvvpFnIvdrxpFCgMZ","35LV0Dq6RON5a+lx+moMIA","66JkczBRhOmKDGj99P1ceu@fb329"],["mainTexture","_effectAsset","root","node","data","_mesh"],[["cc.Node",["_name","_prefab","_children","_parent","_components","_lrot","_lscale","_euler"],2,4,2,1,9,5,5,5],["cc.Material",["_name","_techIdx","_states","_defines","_props"],-1,12],["cc.Mesh",["_native","_hash","_struct"],1,11],["cc.Prefab",["_name"],2],["cc.PrefabInfo",["fileId","instance","targetOverrides","nestedPrefabInstanceRoots","root","asset"],-1,1,1],["cc.MeshRenderer",["node","__prefab","_materials","bakeSettings","_mesh"],3,1,4,3,4,6],["cc.CompPrefabInfo",["fileId"],2],["cc.ModelBakeSettings",[],3]],[[4,0,1,2,3,4,5,5],[1,0,1,2,3,4,5],[2,0,1,2,3],[3,0,2],[0,0,2,1,2],[0,0,3,2,1,2],[0,0,3,4,1,5,6,7,2],[5,0,1,2,3,4,1],[6,0,2],[7,1]],[[[[1,"Sphere01","1",[{"blendState":{"targets":[{}]},"depthStencilState":{},"rasterizerState":{}}],[{"USE_ALBEDO_MAP":true,"ROUGHNESS_CHANNEL":"g","METALLIC_CHANNEL":"b","OCCLUSION_CHANNEL":"r"}],[[[{"occlusion":0,"roughness":0.70710676908493,"metallic":0.400000005960464,"alphaThreshold":1,"normalStrenth":1,"normalStrength":1},"albedoScale",8,[1,1,1,1],"pbrScale",8,[2,1,0.70710676908493,0.400000005960464,1],"mainTexture",6,0]],11]]],0,0,[0,0],[0,1],[0,1]],[[[2,".bin",854065309,[{"primitives":[{"primitiveMode":7,"vertexBundelIndices":[0],"indexView":{"offset":11136,"length":2160,"count":1080,"stride":2}}],"vertexBundles":[{"view":{"offset":0,"length":11136,"count":232,"stride":48},"attributes":[{"name":"a_position","format":32,"isNormalized":false},{"name":"a_normal","format":32,"isNormalized":false},{"name":"a_texCoord","format":21,"isNormalized":false},{"name":"a_tangent","format":44,"isNormalized":false}]}]},"minPosition",8,[1,-0.75,-0.75,-0.75],"maxPosition",8,[1,0.75,0.75,0.75]]],-1],0,0,[],[],[]],[[[3,"shield"],[4,"shield",[-2],[0,"Node.450",null,null,null,-1,0]],[5,"RootNode",1,[-3],[0,"Node.451",null,null,null,1,0]],[6,"Sphere01",2,[[7,-4,[8,"cff/RfDWBJd4QGUp3+Ml9+"],[0],[9],1]],[0,"Node.452",null,null,null,1,0],[3,0,-0.7071067811865475,0,0.7071067811865476],[1,1,1,0.840022385120392],[1,0,-90,0]]],0,[0,2,1,0,-1,2,0,-1,3,0,3,3,0,4,1,4],[0,0],[-1,5],[2,3]]]]
