{"importBase":"import","nativeBase":"native","name":"main","deps":["internal"],"uuids":["040ee407e","09750f7fa","50Mgz8HhxDP4DGtIfu9hfv","baIUdvKGZPgZxNbjWTFuRI","0bf3L9fvVP66aQ+X4M/vHI","0bf3L9fvVP66aQ+X4M/vHI@6c48a","0bf3L9fvVP66aQ+X4M/vHI@f9941","0e4ab3ba7","15evQM7udGmbfnL5Y4OZsM","20MyXsHz9BOphLuHPS3Vrx","20MyXsHz9BOphLuHPS3Vrx@6c48a","20MyXsHz9BOphLuHPS3Vrx@f9941","2b3HFrDfhABLuRnsCe25Gr","2b3HFrDfhABLuRnsCe25Gr@6c48a","2b3HFrDfhABLuRnsCe25Gr@f9941","2eouqJu2pKOJ6uZyeUNNRG","2eouqJu2pKOJ6uZyeUNNRG@6c48a","2eouqJu2pKOJ6uZyeUNNRG@f9941","54RIrv089OXYnrc8MUNMv6","54RIrv089OXYnrc8MUNMv6@6c48a","54RIrv089OXYnrc8MUNMv6@f9941","56DEdWqWlGcayGDuj19QBV","91EJfbCRlIb6jXvfne1r1o","bdG8q6vX1KcbFDmXyII4Pk","bdG8q6vX1KcbFDmXyII4Pk@6c48a","bdG8q6vX1KcbFDmXyII4Pk@f9941","c9C5wPH0dM8aKPPH0Fb5tL","c9C5wPH0dM8aKPPH0Fb5tL@6c48a","c9C5wPH0dM8aKPPH0Fb5tL@f9941","deoScUGw5IXI4nE/c03ZYm","deoScUGw5IXI4nE/c03ZYm@6c48a","deoScUGw5IXI4nE/c03ZYm@f9941","fdjsU2o1RKF5x0TziDw3jI"],"paths":{"3":["db:/internal/physics/default-physics-material",1],"32":["db:/internal/default_renderpipeline/builtin-forward",0]},"scenes":{"db://assets/MainScene.scene":2},"packs":{"040ee407e":["5","13","16","19","10","24","27","30"],"09750f7fa":["6","11","14","17","2","20","21","25","28","31"],"0e4ab3ba7":["4","12","15","18","9","23","26","29"]},"versions":{"import":[],"native":[]},"redirect":[3,"0"],"debug":false,"extensionMap":{".ccon":["22","8"]},"hasPreloadScript":true,"types":["cc.RenderPipeline","cc.PhysicsMaterial"]}