[1,["a2pUoqoLNFX6QBfvEdNTiN@6c48a","a3zQCfCrBCDZJ4uf2rk5u8","12fz43d3pLUqZb/9O8rPNr","12Y9dMgWdJKJGmTiZyQR9H@2e76e","d0MqyYBeFAkIi762QNy1/B@b47c0","6fAc9/gb9Kfr1dCvwZaWSA@b47c0"],["node","_parent","mainTexture","_effectAsset","scene","_mesh","_envmapHDR","_envmapLDR"],["cc.ImageAsset",["cc.Node",["_name","_id","_components","_parent","_children","_lpos","_lrot","_lscale","_euler"],1,9,1,12,5,5,5,5],"cc.TextureCube",["cc.Mesh",["_native","_hash","_struct"],1,11],["cc.Material",["_name","_states","_defines","_props"],0,12],["cc.SceneAsset",["_name"],2],["770750V8Y5NfK0cfvjFLMWB",["node"],3,1],["cc.Scene",["_name","_children","_prefab","_globals"],2,2,4,4],["cc.PrefabInfo",["root","asset","fileId","instance","targetOverrides","nestedPrefabInstanceRoots"],-3],["cc.SceneGlobals",["ambient","shadows","_skybox","fog","octree","lightProbeInfo"],3,4,4,4,4,4,4],["cc.AmbientInfo",["_skyIllumLDR","_skyColorHDR","_skyColorLDR","_groundAlbedoLDR"],2,5,5,5],["cc.ShadowsInfo",["_shadowColor"],3,5],["cc.SkyboxInfo",["_enabled","_envmapHDR","_envmapLDR"],2,6,6],["cc.FogInfo",[],3],["cc.OctreeInfo",[],3],["cc.LightProbeInfo",[],3],["cc.Camera",["_clearFlags","_visibility","node"],1,1],["cc.MeshRenderer",["_name","node","_materials","bakeSettings","_mesh"],2,1,3,4,6],["cc.ModelBakeSettings",[],3]],[[3,0,1,2,3],[4,0,1,2,3,4],[5,0,2],[1,0,1,4,2,3],[1,0,3,2],[1,0,3,2,2],[1,0,3,2,5,6,7,8,2],[6,0,1],[7,0,1,2,3,2],[8,0,1,2,3,4,5,7],[9,0,1,2,3,4,5,1],[10,0,1,2,3,2],[11,0,1],[12,0,1,2,2],[13,1],[14,1],[15,1],[16,0,1,2,3],[17,0,1,2,3,4,2],[18,1]],[[[[0,".bin",2489017538,[{"primitives":[{"primitiveMode":7,"vertexBundelIndices":[0],"indexView":{"offset":6776,"length":1200,"count":600,"stride":2}}],"vertexBundles":[{"view":{"offset":0,"length":6776,"count":121,"stride":56},"attributes":[{"name":"a_position","format":32,"isNormalized":false},{"name":"a_normal","format":32,"isNormalized":false},{"name":"a_texCoord","format":21,"isNormalized":false},{"name":"a_tangent","format":44,"isNormalized":false},{"name":"a_texCoord1","format":21,"isNormalized":false}]}]},"minPosition",8,[1,-5,0,-5],"maxPosition",8,[1,5,0,5]]],-1],0,0,[],[],[]],[[[1,"normalMat",[{"rasterizerState":{},"depthStencilState":{},"blendState":{"targets":[{}]}}],[{"USE_TEXTURE":true}],[[[{},"mainTexture",6,0]],11]]],0,0,[0,0],[2,3],[0,1]],[[[2,"Game"],[3,"FightScene","cfd1Nl3JlBI5PASu/bNoWy",[[-2,-3,[4,"fruitRoot",-4]],1,1,4],[[7,-1]]],[8,"Game",[1],[9,null,null,"1aec1c71-0976-44fa-9f78-65a7315f9d93",null,null,null],[10,[11,0.8,[2,0.2,0.5,0.8,0.520833125],[2,0.452588,0.607642,0.755699,0],[2,0.618555,0.577848,0.544564,0]],[12,[4,4283190348]],[13,true,2,3],[14],[15],[16]]],[5,"Main Camera",1,[[17,14,1822425087,-5]]],[6,"BackGround",1,[[18,"Plane<ModelComponent>",-6,[0],[19],1]],[1,0.145,0,-80],[3,0.7071067811865475,0,0,0.7071067811865476],[1,16,1,7.2],[1,90,0,0]]],0,[0,0,1,0,-1,3,0,-2,4,0,1,1,0,0,3,0,0,4,0,4,2,1,1,2,6],[0,0,0,0],[-1,5,6,7],[2,3,4,5]],[[{"base":"2,2,0,0,2,0","rgbe":false,"mipmaps":[{"front":"6fAc9/gb9Kfr1dCvwZaWSA@b47c0@e9a6d","back":"6fAc9/gb9Kfr1dCvwZaWSA@b47c0@40c10","left":"6fAc9/gb9Kfr1dCvwZaWSA@b47c0@8fd34","right":"6fAc9/gb9Kfr1dCvwZaWSA@b47c0@74afd","top":"6fAc9/gb9Kfr1dCvwZaWSA@b47c0@bb97f","bottom":"6fAc9/gb9Kfr1dCvwZaWSA@b47c0@7d38f"}]}],[2],0,[],[],[]],[[{"fmt":"0","w":0,"h":0},-1],[0],0,[],[],[]],[[{"fmt":"0","w":0,"h":0},-1],[0],0,[],[],[]],[[{"fmt":"0","w":0,"h":0},-1],[0],0,[],[],[]],[[{"fmt":"0","w":0,"h":0},-1],[0],0,[],[],[]],[[{"fmt":"0","w":0,"h":0},-1],[0],0,[],[],[]],[[{"fmt":"0","w":0,"h":0},-1],[0],0,[],[],[]],[[{"base":"2,2,0,0,2,0","rgbe":true,"mipmaps":[{"front":"d0MqyYBeFAkIi762QNy1/B@b47c0@e9a6d","back":"d0MqyYBeFAkIi762QNy1/B@b47c0@40c10","left":"d0MqyYBeFAkIi762QNy1/B@b47c0@8fd34","right":"d0MqyYBeFAkIi762QNy1/B@b47c0@74afd","top":"d0MqyYBeFAkIi762QNy1/B@b47c0@bb97f","bottom":"d0MqyYBeFAkIi762QNy1/B@b47c0@7d38f"}]}],[2],0,[],[],[]],[[{"fmt":"0","w":0,"h":0},-1],[0],0,[],[],[]],[[{"fmt":"0","w":0,"h":0},-1],[0],0,[],[],[]],[[{"fmt":"0","w":0,"h":0},-1],[0],0,[],[],[]],[[{"fmt":"0","w":0,"h":0},-1],[0],0,[],[],[]],[[{"fmt":"0","w":0,"h":0},-1],[0],0,[],[],[]],[[{"fmt":"0","w":0,"h":0},-1],[0],0,[],[],[]]]]
