[1,["25EElIlnpLBrwYEhA8n95a","7dj5uJT9FMn6OrOOx83tfK@6c48a","7dj5uJT9FMn6OrOOx83tfK@f9941"],["node","_textureSource","root","scoreLabel","target","data","_spriteFrame","_defaultClip"],[["cc.Node",["_name","_layer","_components","_prefab","_parent","_children","_lpos"],1,9,4,1,2,5],["cc.Label",["_string","_actualFontSize","_fontSize","_lineHeight","_isBold","node","__prefab","_color"],-2,1,4,5],"cc.SpriteFrame",["cc.Prefab",["_name"],2],["cc.Node",["_name","_layer","_parent","_components","_prefab"],1,1,12,4],["cc.UITransform",["node","__prefab","_contentSize"],3,1,4,5],["cc.CompPrefabInfo",["fileId"],2],["cc.BlockInputEvents",["node","__prefab"],3,1,4],["cc.Widget",["_alignFlags","_originalWidth","_originalHeight","node","__prefab"],0,1,4],["085fdFQQo5EY4Nqe/eiZzfr",["node","__prefab","scoreLabel"],3,1,4,1],["cc.Button",["node","__prefab","clickEvents"],3,1,4,9],["cc.ClickEvent",["_componentId","handler","target"],1,1],["cc.PrefabInfo",["fileId","instance","targetOverrides","nestedPrefabInstanceRoots","root","asset"],-1,1,1],["cc.UIOpacity",["node","__prefab"],3,1,4],["cc.Animation",["playOnLoad","node","__prefab","_clips","_defaultClip"],2,1,4,3,6],["cc.Sprite",["_type","_sizeMode","node","__prefab","_color","_spriteFrame"],1,1,4,5,6]],[[6,0,2],[5,0,1,2,1],[12,0,1,2,3,4,5,5],[0,0,1,4,2,3,6,3],[8,0,1,2,3,4,4],[1,0,1,2,3,4,5,6,6],[3,0,2],[0,0,1,5,2,3,3],[0,0,1,4,2,3,3],[4,0,1,2,3,4,3],[7,0,1,1],[9,0,1,2,1],[10,0,1,2,1],[11,0,1,2,3],[1,0,1,2,3,4,5,6,7,6],[13,0,1,1],[14,0,1,2,3,4,2],[15,0,1,2,3,4,5,3]],[[[{"name":"default_sprite_splash","rect":{"x":0,"y":0,"width":2,"height":2},"offset":{"x":0,"y":0},"originalSize":{"width":2,"height":2},"rotated":false,"capInsets":[0,0,0,0],"vertices":{"rawPosition":[-1,-1,0,1,-1,0,-1,1,0,1,1,0],"indexes":[0,1,2,2,1,3],"uv":[0,2,2,2,0,0,2,0],"nuv":[0,0,1,0,0,1,1,1],"minPos":{"x":-1,"y":-1,"z":0},"maxPos":{"x":1,"y":1,"z":0}},"packable":true,"pixelsToUnit":100,"pivot":{"x":0.5,"y":0.5},"meshType":0}],[2],0,[0],[1],[1]],[[[6,"LoseUI"],[7,"LoseUI",33554432,[-9,-10,-11,-12],[[1,-2,[0,"49hnsOxIJFl7/b4OT58e7w"],[5,750,1334]],[10,-3,[0,"94ftxCN6lC1KKf/r2J8uU4"]],[4,5,750,1334,-4,[0,"32A7QPRmtBX65JvnzqaXG7"]],[11,-6,[0,"64vGU83cRACK/HBy/Djzsh"],-5],[12,-8,[0,"81Tr+zVjZAxbj1Ob/hZrsz"],[[13,"085fdFQQo5EY4Nqe/eiZzfr","clickToClose",-7]]]],[2,"abv0EOTGtMnboZoQnT3Yed",null,null,null,-1,0]],[3,"close-label",33554432,1,[[1,-13,[0,"9cj3M1v+FPpalDHgLLu+SE"],[5,296.31,100.8]],[14,"Tap to Close",50,50,80,true,-14,[0,"5f14TxtflFK5kXEtvCF+14"],[4,4286085240]],[15,-15,[0,"fdsgpW8MdMDLCqVxwVjONe"]],[16,true,-16,[0,"3dfu2wbgNHdryM7Hcnsvi7"],[1],2]],[2,"c6QS3H/rJLOoo7cV7Yrt5W",null,null,null,1,0],[1,0,-392,0]],[8,"SpriteSplash",33554432,1,[[1,-17,[0,"15L9VIrM9PSboLR/GocGA2"],[5,750,1334]],[17,1,0,-18,[0,"e4xnMVs3tPipd4nFzCWnmG"],[4,3355443200],0],[4,45,750,1334,-19,[0,"ecTK30rONLsYkClnTYRs6E"]]],[2,"23jOfLquJPCrHot8TfHuJz",null,null,null,1,0]],[3,"lose-label",33554432,1,[[1,-20,[0,"b6KbgHk45H0J3cO2Yy7/F2"],[5,320,100.8]],[5,"游戏结束",80,80,80,true,-21,[0,"3fovEdaW9FP6bUu90M0AYa"]]],[2,"a8AMqB4udBAoJMkou1ZgmV",null,null,null,1,0],[1,0,256,0]],[9,"score-label",33554432,1,[[[1,-22,[0,"d86oXgTZlCfrKipIAVbTth"],[5,213.37,100.8]],-23],4,1],[2,"a1oC3oR0lCraucFYtF+KCR",null,null,null,1,0]],[5,"分数：0",60,60,80,true,5,[0,"66RVLUpABBf4onHK237Bh6"]]],0,[0,2,1,0,0,1,0,0,1,0,0,1,0,3,6,0,0,1,0,4,1,0,0,1,0,-1,3,0,-2,4,0,-3,5,0,-4,2,0,0,2,0,0,2,0,0,2,0,0,2,0,0,3,0,0,3,0,0,3,0,0,4,0,0,4,0,0,5,0,-2,6,0,5,1,23],[0,0,0],[6,-1,7],[2,0,0]]]]
