[1,["24tLrfqkpMP6B8DFNHoNah","40UPTuwFBO66xSOJRCWo/2@6c48a","1brw/JvvpFnIvdrxpFCgMZ","66Oa0cxtZGQIwFCWAww3Ta@8cc00","66Oa0cxtZGQIwFCWAww3Ta@14b6a","66Oa0cxtZGQIwFCWAww3Ta@4166c","66Oa0cxtZGQIwFCWAww3Ta@8c383","66Oa0cxtZGQIwFCWAww3Ta@6726b","66Oa0cxtZGQIwFCWAww3Ta@801a3","28OvcvllhHroo/r8V0XSKH","12Y9dMgWdJKJGmTiZyQR9H@2e76e"],["node","_mesh","mainTexture","_effectAsset","root","nodeGas","data"],[["cc.Node",["_name","_prefab","_parent","_components","_lpos","_lrot","_lscale","_euler","_children"],2,4,1,9,5,5,5,5,2],["cc.MeshRenderer",["_shadowCastingMode","_name","node","__prefab","_materials","bakeSettings","_mesh"],1,1,4,3,4,6],["cc.Material",["_name","_states","_defines","_props"],0,12],["cc.Mesh",["_native","_hash","_struct"],1,11],["cc.Prefab",["_name"],2],["e6d4fVD3pxJ7Y1Khf8fRUoa",["_name","maxSpeed","minSpeed","node","__prefab","nodeGas"],0,1,4,1],["cc.CompPrefabInfo",["fileId"],2],["cc.BoxCollider",["node","__prefab","_center","_size"],3,1,4,5,5],["cc.RigidBody",["_mass","_linearDamping","_angularDamping","_useGravity","node","__prefab"],-1,1,4],["cc.PrefabInfo",["fileId","instance","targetOverrides","nestedPrefabInstanceRoots","root","asset"],-1,1,1],["cc.ModelBakeSettings",[],3]],[[6,0,2],[9,0,1,2,3,4,5,5],[10,1],[3,0,1,2,3],[1,0,2,3,4,5,6,2],[0,0,2,3,1,4,6,2],[2,0,1,2,3,4],[4,0,2],[0,0,8,3,1,4,2],[0,0,2,8,1,2],[0,0,2,3,1,5,6,7,2],[0,0,2,3,1,4,5,6,7,2],[0,0,2,1,4,5,7,2],[5,0,1,2,3,4,5,4],[7,0,1,2,3,1],[8,0,1,2,3,4,5,5],[1,1,2,3,4,5,6,2]],[[[[6,"carRed",[{"rasterizerState":{},"depthStencilState":{},"blendState":{"targets":[{}]}},{},{}],[{"USE_ALBEDO_MAP":true},{},{}],[[[{"alphaThreshold":1,"roughness":0.70710676908493,"metallic":0.400000005960464},"albedoScale",8,[1,1,1,1],"mainTexture",6,0],{},{}],11,0,0]]],0,0,[0,0],[2,3],[1,2]],[[[3,".bin",1600493324,[{"primitives":[{"primitiveMode":7,"vertexBundelIndices":[0],"indexView":{"offset":768,"length":72,"count":36,"stride":2}}],"vertexBundles":[{"view":{"offset":0,"length":768,"count":16,"stride":48},"attributes":[{"name":"a_position","format":32,"isNormalized":false},{"name":"a_normal","format":32,"isNormalized":false},{"name":"a_texCoord","format":21,"isNormalized":false},{"name":"a_tangent","format":44,"isNormalized":false}]}]},"minPosition",8,[1,-0.07092145085334778,-0.03857601061463356,-0.35019391775131226],"maxPosition",8,[1,0.07092153280973434,0.03857593610882759,0.34600043296813965]]],-1],0,0,[],[],[]],[[[3,".bin",3556558088,[{"primitives":[{"primitiveMode":7,"vertexBundelIndices":[0],"indexView":{"offset":6336,"length":264,"count":132,"stride":2}}],"vertexBundles":[{"view":{"offset":0,"length":6336,"count":132,"stride":48},"attributes":[{"name":"a_position","format":32,"isNormalized":false},{"name":"a_normal","format":32,"isNormalized":false},{"name":"a_texCoord","format":21,"isNormalized":false},{"name":"a_tangent","format":44,"isNormalized":false}]}]},"minPosition",8,[1,-0.07281967252492905,-0.12111646682024002,-0.1213175356388092],"maxPosition",8,[1,0.07282020151615143,0.12111639976501465,0.12131742388010025]]],-1],0,0,[],[],[]],[[[3,".bin",459696375,[{"primitives":[{"primitiveMode":7,"vertexBundelIndices":[0],"indexView":{"offset":6240,"length":264,"count":132,"stride":2}}],"vertexBundles":[{"view":{"offset":0,"length":6240,"count":130,"stride":48},"attributes":[{"name":"a_position","format":32,"isNormalized":false},{"name":"a_normal","format":32,"isNormalized":false},{"name":"a_texCoord","format":21,"isNormalized":false},{"name":"a_tangent","format":44,"isNormalized":false}]}]},"minPosition",8,[1,-0.05479855090379715,-0.12112706154584885,-0.12111631035804749],"maxPosition",8,[1,0.05479834973812103,0.12112656980752945,0.1211165115237236]]],-1],0,0,[],[],[]],[[[3,".bin",2562089357,[{"primitives":[{"primitiveMode":7,"vertexBundelIndices":[0],"indexView":{"offset":6000,"length":264,"count":132,"stride":2}}],"vertexBundles":[{"view":{"offset":0,"length":6000,"count":125,"stride":48},"attributes":[{"name":"a_position","format":32,"isNormalized":false},{"name":"a_normal","format":32,"isNormalized":false},{"name":"a_texCoord","format":21,"isNormalized":false},{"name":"a_tangent","format":44,"isNormalized":false}]}]},"minPosition",8,[1,-0.05479833483695984,-0.12111660838127136,-0.12112662941217422],"maxPosition",8,[1,0.05479826405644417,0.1211162731051445,0.1211271658539772]]],-1],0,0,[],[],[]],[[[3,".bin",949886295,[{"primitives":[{"primitiveMode":7,"vertexBundelIndices":[0],"indexView":{"offset":6336,"length":264,"count":132,"stride":2}}],"vertexBundles":[{"view":{"offset":0,"length":6336,"count":132,"stride":48},"attributes":[{"name":"a_position","format":32,"isNormalized":false},{"name":"a_normal","format":32,"isNormalized":false},{"name":"a_texCoord","format":21,"isNormalized":false},{"name":"a_tangent","format":44,"isNormalized":false}]}]},"minPosition",8,[1,-0.07282016426324844,-0.12131738662719727,-0.12111657112836838],"maxPosition",8,[1,0.0728197768330574,0.12131738662719727,0.12111648917198181]]],-1],0,0,[],[],[]],[[[3,".bin",1266974964,[{"primitives":[{"primitiveMode":7,"vertexBundelIndices":[0],"indexView":{"offset":47712,"length":2868,"count":1434,"stride":2}}],"vertexBundles":[{"view":{"offset":0,"length":47712,"count":994,"stride":48},"attributes":[{"name":"a_position","format":32,"isNormalized":false},{"name":"a_normal","format":32,"isNormalized":false},{"name":"a_texCoord","format":21,"isNormalized":false},{"name":"a_tangent","format":44,"isNormalized":false}]}]},"minPosition",8,[1,-0.40377822518348694,-0.7821467518806458,0.056064870208501816],"maxPosition",8,[1,0.403929740190506,0.7728094458580017,0.5658469796180725]]],-1],0,0,[],[],[]],[[[7,"car106"],[8,"car106",[-6,-7,-8],[[13,"car<car>",0.2,0.02,-3,[0,"4cAYSLaxxA+Ye7BZ5zBN2J"],-2],[14,-4,[0,"02mYLOyMlFSo+7dyn2DU7+"],[1,0,0.3,0],[1,1,0.5,1]],[15,10,0,0,false,-5,[0,"87LX2f+ctFlKNC/oWqz3dP"]]],[1,"33Uhs1dolM3a6GcJG6G6wf",null,null,null,-1,0],[1,-1,0,45]],[9,"RootNode",1,[-9,-10,-11,-12,-13,-14],[1,"Node.1040",null,null,null,1,0]],[10,"taxi04",2,[[4,1,-15,[0,"72aNjFukhJSLi4/2rzL0h7"],[0],[2],1]],[1,"Node.1041",null,null,null,1,0],[3,0.7071068109888485,1.685873869381443e-7,-1.6858740114899796e-7,0.707106751384205],[1,-0.868488788604736,-0.868488788604736,-0.868488788604736],[1,90.00000482967299,0.00002732075668005048,6.218087288856706e-20]],[11,"light1",2,[[4,1,-16,[0,"4d4P9Tzj1O2IZZ1jMXWXqp"],[2],[2],3]],[1,"Node.1042",null,null,null,1,0],[1,-0.00360772549174726,0.276687800884247,0.589032649993896],[3,1.5454316550417615e-8,-0.7071065129656017,1.5454304115920024e-8,0.7071070494073912],[1,0.868488788604736,0.868488788604736,0.868488788604736],[1,0.000002504478194623507,-89.99995653294337,-5.754555194597917e-14]],[5,"tyre2",2,[[4,1,-17,[0,"39lpulwyhAwYVcVQcAs4gi"],[4],[2],5]],[1,"Node.1043",null,null,null,1,0],[1,0.280642569065094,0.122228115797043,0.343792945146561],[1,0.868488788604736,0.868488788604736,0.868488788604736]],[5,"tyre1",2,[[4,1,-18,[0,"d1kCk/InpP/4wMas4K4LHO"],[6],[2],7]],[1,"Node.1044",null,null,null,1,0],[1,-0.28011429309845,0.122228063642979,0.342626333236694],[1,0.868490159511566,0.868488788604736,0.868487417697906]],[5,"tyre3",2,[[4,1,-19,[0,"b2R2RKxCJD2pHAofmeFXbj"],[8],[2],9]],[1,"Node.1045",null,null,null,1,0],[1,-0.268678665161133,0.122228048741817,-0.363040685653687],[1,0.868488788604736,0.868488788604736,0.868488788604736]],[5,"tyre4",2,[[4,1,-20,[0,"6cpEXpe5lKVKCha57+vvfz"],[10],[2],11]],[1,"Node.1046",null,null,null,1,0],[1,0.264878839254379,0.122228115797043,-0.361930459737778],[1,0.868488788604736,0.868488788604736,0.868488788604736]],[5,"light",1,[[16,"Plane<MeshRenderer>",-21,[0,"74wqgKKDtOT6Mjo8q6hm/i"],[12],[2],13]],[1,"f9OPgNkqNCcr3KKdnUZSj2",null,null,null,1,0],[1,0,0.1,-1.1499999999999986],[1,0.08,0.1,0.1]],[12,"gas",1,[1,"21uxfv+dNIKrj/NloG0GlU",null,null,null,1,0],[1,0,0.1,0.7],[3,1,0,0,6.123233995736766e-17],[1,180,0,0]]],0,[0,4,1,0,5,10,0,0,1,0,0,1,0,0,1,0,-1,2,0,-2,9,0,-3,10,0,-1,3,0,-2,4,0,-3,5,0,-4,6,0,-5,7,0,-6,8,0,0,3,0,0,4,0,0,5,0,0,6,0,0,7,0,0,8,0,0,9,0,6,1,21],[0,0,0,0,0,0,0,0,0,0,0,0,0,0],[-1,1,-1,1,-1,1,-1,1,-1,1,-1,1,-1,1],[0,3,0,4,0,5,0,6,0,7,0,8,9,10]]]]
