[1,["93Y+8sgNtB5oJ2WgDlZxJC@f9941","97JD5bF7xG9JdkjQFb/xl1@f9941","94/2nAEs5DP5eefu5FuZWO","74f4UqdpNPvLLtmDhiRTxe@f9941","6ekIpZwFdEirxVZISCfzqC@f9941","20g1ukYUVPvKWKBRznAKo+@f9941","54TknWPwVPqJqeCR+Y/Czo@f9941","95EkngnxZFbYuFpsqVTaFr@f9941","e4jf7O1y9JWZWqIsqbYmYI@f9941","48L1EAXB5GVay8JUj9r1a1@6c48a","76Mko1gSlLwJI7IatA3aRn@6c48a","a4vHklfvxLh50vjIASlJPQ@6c48a","76Mko1gSlLwJI7IatA3aRn@f9941","eemx+pWCtFkrq+FOvJGGEY@f9941","a4vHklfvxLh50vjIASlJPQ@f9941","b1+X0a715FY5rUTH7R1X0f@f9941","5058hChKhIspKU/oUt2u+H@f9941","aaWOTP0ZJDjbJzLCkEduh0","b7ksJ3N1ZDh6N6LL2PwTaY@f9941","faPYTrEk1Jh5zFEKnLSZ+f@f9941","dalZGJyN5JupenyqsE7Tce@f9941","6c/HBr90hLZpQ2IziJmkxC@f9941","48L1EAXB5GVay8JUj9r1a1@f9941","a5WJcnSsZLraazgmWXm1MA@f9941","ac5qNItv9Fr6WkVgiLeEwR","e7TU2Ktf9DHb9rolsFl+lg@f9941","e4jf7O1y9JWZWqIsqbYmYI@6c48a","e7TU2Ktf9DHb9rolsFl+lg@6c48a","eemx+pWCtFkrq+FOvJGGEY@6c48a"],["node","_spriteFrame","_target","_textureSource","root","data","_normalSprite","_parent","_hoverSprite","_pressedSprite","_disabledSprite","spCarIcon","nodeRedDot","nodeUsed","nodeSelect","target","pfShopItem","lbPage","spCarBlack","nodePages","nodeCarParent","lbGo","lbPrice","lbDesc","nodeGo","nodeBuy","nodeGold","nodeGet","lbGold","_defaultClip","pfPage"],[["cc.Node",["_name","_layer","_active","_components","_prefab","_parent","_lpos","_children","_lscale","_lrot","_euler"],0,9,4,1,5,2,5,5,5],["cc.Sprite",["_sizeMode","_isTrimmedMode","_type","_name","node","__prefab","_spriteFrame","_color"],-1,1,4,6,5],["cc.Widget",["_alignFlags","_alignMode","_left","_top","_originalWidth","_originalHeight","_name","_bottom","_right","node","__prefab","_target"],-6,1,4,1],"cc.SpriteFrame",["cc.Label",["_string","_actualFontSize","_fontSize","_name","_enableWrapText","_horizontalAlign","_overflow","_lineHeight","node","__prefab","_color"],-5,1,4,5],["cc.UITransform",["_name","node","__prefab","_contentSize","_anchorPoint"],2,1,4,5,5],["cc.Button",["_transition","_zoomScale","_name","node","__prefab","_normalColor","_target","clickEvents","_normalSprite","_hoverSprite","_pressedSprite","_disabledSprite"],0,1,4,5,1,9,6,6,6,6],["cc.Node",["_name","_layer","_active","_parent","_components","_prefab","_lpos"],0,1,12,4,5],["cc.Layout",["_resizeMode","_layoutType","_spacingX","_spacingY","node","__prefab"],-1,1,4],["f130br9GwZGkJEkRGonhXxR",["_name","node","__prefab"],2,1,4],["cc.Prefab",["_name"],2],["cc.CompPrefabInfo",["fileId"],2],["2b1f3615PZNnqYSDTVo5tI8",["node","__prefab","nodeSelect","nodeUsed","nodeRedDot","spCarIcon"],3,1,4,1,1,1,1],["cc.ClickEvent",["_componentId","handler","target"],1,1],["cc.PrefabInfo",["fileId","instance","targetOverrides","nestedPrefabInstanceRoots","root","asset"],-1,1,1],["35980PVGZdO6o5scEE8kciy",["node","__prefab","pfShopItem"],3,1,4,6],["15effXNtKpGeLctODlTRqhl",["node","__prefab","lbGold","nodeGet","nodeGold","nodeBuy","nodeGo","lbDesc","lbPrice","lbGo","nodeCarParent","nodePages","spCarBlack","lbPage","pfPage"],3,1,4,1,1,1,1,1,1,1,1,1,1,1,1,6],["c4c1axXN+NL4oYQEr2M4qn2",["_dataID","node","__prefab"],2,1,4],["cc.Animation",["node","__prefab","_clips","_defaultClip"],3,1,4,3,6]],[[11,0,2],[14,0,1,2,3,4,5,5],[5,1,2,3,1],[0,0,1,5,7,3,4,6,3],[0,0,1,5,3,4,6,3],[5,0,1,2,3,2],[1,0,1,4,5,6,3],[0,0,1,5,3,4,3],[13,0,1,2,3],[7,0,1,3,4,5,6,3],[10,0,2],[9,1,2,1],[9,0,1,2,2],[0,0,1,7,3,4,6,3],[0,0,2,1,5,3,4,6,4],[6,2,0,1,3,4,7,5,6,8,9,10,11,4],[6,0,1,3,4,7,5,6,3],[1,0,1,4,5,3],[1,2,0,4,5,6,3],[1,3,2,0,1,4,5,6,5],[1,0,4,5,6,2],[2,6,0,1,9,10,11,4],[2,0,4,5,1,9,10,11,5],[4,0,1,2,6,4,8,9,10,6],[0,0,1,3,4,6,3],[0,0,1,7,3,4,3],[0,0,2,1,7,3,4,6,4],[0,0,2,1,5,7,3,4,4],[0,0,1,5,7,3,4,3],[0,0,1,5,3,4,6,9,8,10,3],[0,0,1,5,3,4,8,3],[7,0,1,3,4,5,3],[7,0,2,1,3,4,5,6,4],[5,1,2,3,4,1],[5,0,1,2,2],[5,1,2,1],[12,0,1,2,3,4,5,1],[6,3,4,7,5,6,1],[6,2,0,1,3,4,7,5,6,4],[6,3,4,5,6,8,1],[1,3,2,0,4,5,6,4],[1,2,0,1,4,5,6,4],[1,0,1,4,5,7,6,3],[1,3,0,4,5,6,3],[1,4,5,6,1],[8,0,1,2,3,4,5,5],[8,0,1,2,4,5,4],[8,0,1,4,5,3],[15,0,1,2,1],[2,0,2,3,1,9,10,5],[2,0,4,5,1,9,10,5],[2,0,7,1,9,10,11,4],[2,6,0,2,7,1,9,10,11,6],[2,0,2,3,1,9,10,11,5],[2,0,2,8,3,4,1,9,10,11,7],[2,0,2,1,9,10,11,4],[16,0,1,2,3,4,5,6,7,8,9,10,11,12,13,14,1],[4,3,0,5,1,2,8,9,10,6],[4,0,1,2,8,9,10,4],[4,3,0,1,2,8,9,10,5],[4,0,1,2,7,4,8,9,10,6],[4,0,1,2,8,9,4],[17,0,1,2,2],[18,0,1,2,3,1]],[[[{"name":"rankBoxNumber","rect":{"x":0,"y":0,"width":203,"height":53},"offset":{"x":0,"y":0},"originalSize":{"width":203,"height":53},"rotated":false,"capInsets":[0,0,0,0],"vertices":{"rawPosition":[-101.5,-26.5,0,101.5,-26.5,0,-101.5,26.5,0,101.5,26.5,0],"indexes":[0,1,2,2,1,3],"uv":[0,53,203,53,0,0,203,0],"nuv":[0,0,1,0,0,1,1,1],"minPos":{"x":-101.5,"y":-26.5,"z":0},"maxPos":{"x":101.5,"y":26.5,"z":0}},"packable":true,"pixelsToUnit":100,"pivot":{"x":0.5,"y":0.5},"meshType":0}],[3],0,[0],[3],[9]],[[{"name":"dailyImg01","rect":{"x":0,"y":0,"width":120,"height":110},"offset":{"x":0,"y":0},"originalSize":{"width":120,"height":110},"rotated":false,"capInsets":[40,46,45,44],"vertices":{"rawPosition":[-60,-55,0,60,-55,0,-60,55,0,60,55,0],"indexes":[0,1,2,2,1,3],"uv":[0,110,120,110,0,0,120,0],"nuv":[0,0,1,0,0,1,1,1],"minPos":{"x":-60,"y":-55,"z":0},"maxPos":{"x":60,"y":55,"z":0}},"packable":true,"pixelsToUnit":100,"pivot":{"x":0.5,"y":0.5},"meshType":0}],[3],0,[0],[3],[10]],[[{"name":"shopIconGet","rect":{"x":0,"y":0,"width":57,"height":57},"offset":{"x":0,"y":0},"originalSize":{"width":57,"height":57},"rotated":false,"capInsets":[0,0,0,0],"vertices":{"rawPosition":[-28.5,-28.5,0,28.5,-28.5,0,-28.5,28.5,0,28.5,28.5,0],"indexes":[0,1,2,2,1,3],"uv":[0,57,57,57,0,0,57,0],"nuv":[0,0,1,0,0,1,1,1],"minPos":{"x":-28.5,"y":-28.5,"z":0},"maxPos":{"x":28.5,"y":28.5,"z":0}},"packable":true,"pixelsToUnit":100,"pivot":{"x":0.5,"y":0.5},"meshType":0}],[3],0,[0],[3],[11]],[[[10,"shopItem"],[13,"shopItem",33554432,[-12,-13,-14,-15,-16],[[2,-2,[0,"27hMHFMQBNLpNLuxQlDY8g"],[5,160,165]],[36,-7,[0,"81J4iHrjRNppK2Oha/eTMM"],-6,-5,-4,-3],[37,-10,[0,"b9Ua3ZIttD1JyGGzMcgvY3"],[[8,"2b1f3615PZNnqYSDTVo5tI8","onItemClick",-9]],[4,4292269782],-8],[11,-11,[0,"03QDvvKZ9O6rXgkyW186Fx"]]],[1,"5bMzuryQpImLUyrafYdSFd",null,null,null,-1,0],[1,-224.2355,80.866,0]],[7,"select",33554432,1,[[5,"select<UITransform>",-17,[0,"27S1NuzbNFf6g3Qs3LzSub"],[5,160,165]],[40,"select<Sprite>",1,0,-18,[0,"49qSviEsVAZrPYZbrEBVrq"],1]],[1,"31Tsz5qU5J+6GIIbsj2ySA",null,null,null,1,0]],[4,"used",33554432,1,[[2,-19,[0,"bfVjGqb8FNa5ngMfQtSJKD"],[5,57,57]],[6,2,false,-20,[0,"0cfzMVrqpNhaZ/cCNxbpEi"],2]],[1,"35tN2fuNNBUa+s8hEO0NWf",null,null,null,1,0],[1,-57.45,65.32,0]],[14,"redDot",false,33554432,1,[[2,-21,[0,"90/CuWallDVajuR6rhVvv0"],[5,22,25]],[6,2,false,-22,[0,"1b2dXzOkFInZTJDHGy7xp8"],3]],[1,"afl3oHTOtNV4pkvKDfjhSR",null,null,null,1,0],[1,62.963,67.069,0]],[7,"bg",33554432,1,[[2,-23,[0,"81PYxHFK9NM6h59/Sw5uMG"],[5,160,165]],[41,1,0,false,-24,[0,"23fbJHMUlICLu+1Kv7cJb1"],0]],[1,"59SF08fWNPEr2/nHtshzbx",null,null,null,1,0]],[31,"car",33554432,1,[[[2,-25,[0,"1cx6jJw49F3IJctqjYxjnp"],[5,150,150]],-26],4,1],[1,"13tpaSTpNGaaN+4h4//Ayd",null,null,null,1,0]],[17,0,false,6,[0,"26NIq8ObdOlLWOrP6zeQd9"]]],0,[0,4,1,0,0,1,0,11,7,0,12,4,0,13,3,0,14,2,0,0,1,0,2,1,0,15,1,0,0,1,0,0,1,0,-1,5,0,-2,2,0,-3,3,0,-4,6,0,-5,4,0,0,2,0,0,2,0,0,3,0,0,3,0,0,4,0,0,4,0,0,5,0,0,5,0,0,6,0,-2,7,0,5,1,26],[0,0,0,0,7],[1,1,1,1,1],[12,13,14,15,16]],[[[10,"shopPage"],[24,"shopPage",33554432,[[33,-2,[0,"besA16y2FPzI77LVQ9rSMu"],[5,620,165],[0,0,1]],[45,1,3,65,20,-3,[0,"dbQYYlNwlMwoYoN76BDE0a"]],[48,-4,[0,"21MV+IN19MLaGy7ds638KM"],0],[49,9,7,16,1,-5,[0,"20Jc1RZSBAj57MdEPD1J/U"]]],[1,"f0Hifkf21J0IZcKAxUE3nJ",null,null,null,-1,0],[1,7,1264,0]]],0,[0,4,1,0,0,1,0,0,1,0,0,1,0,0,1,0,5,1,5],[0],[16],[17]],[[[10,"shop"],[13,"shop",33554432,[-17,-18,-19,-20],[[2,-2,[0,"1e40Elh5xKf6HhYGhKwjuQ"],[5,720,1280]],[50,45,100,100,1,-3,[0,"7aNHSK9h1LqYj/qxNFsuP3"]],[56,-16,[0,"0fLIu0zURORq9o0s1LYj85"],-15,-14,-13,-12,-11,-10,-9,-8,-7,-6,-5,-4,25]],[1,"7fwXe6yflG1ZPW0yxGWWRN",null,null,null,-1,0],[1,0,0,-2]],[3,"frame",33554432,1,[-23,-24,-25,-26,-27],[[2,-21,[0,"ba+ip2OOFGq4vNwbVjoD7t"],[5,666,800]],[18,1,0,-22,[0,"27JRMzYMlJgoX0Zp4/K5rS"],24]],[1,"3beUCls7JD46lqI/vdpGq1",null,null,null,1,0],[1,0,-10,0]],[25,"btnGet",33554432,[-35,-36],[[5,"btnGet<UITransform>",-28,[0,"e4BDI0AABAJbUgq7N7WtHt"],[5,200,88]],[19,"btnGet<Sprite>",1,0,false,-29,[0,"d39vKkfJhCk7209BIkBwfB"],9],[15,"btnGet<Button>",3,0.85,-31,[0,"2051qeqEBGY7xGoQjiF13W"],[[8,"15effXNtKpGeLctODlTRqhl","onBtnGetClick",1]],[4,4292269782],-30,10,11,12,13],[21,"btnGet<Widget>",4,1,-33,[0,"47USBbvipJ4rDxsyBX1gKo"],-32],[12,"btnGet<btnAdapter>",-34,[0,"88HpQOlVhGBInPcy+zJwAv"]]],[1,"8d9UfQt4VIZblI6x9RksMW",null,null,null,1,0]],[26,"btnGold",false,33554432,[-44,-45],[[5,"btnGet<UITransform>",-37,[0,"9fJQznNlJFYLLUKkikTs+P"],[5,200,88]],[19,"btnGet<Sprite>",1,0,false,-38,[0,"79dglaCQlKXLWAtL46YwNP"],16],[15,"btnGet<Button>",3,0.85,-40,[0,"40YaheenZLbaWvVkpcs6tP"],[[8,"15effXNtKpGeLctODlTRqhl","onBtnGoldClick",1]],[4,4292269782],-39,17,18,19,20],[21,"btnGet<Widget>",4,1,-42,[0,"9bE/Owzr9HIqHnMy9kLu+Y"],-41],[12,"btnGet<btnAdapter>",-43,[0,"c6ZAz0zTZCza4Uo+IY8lxE"]]],[1,"83sWmV55hNeZMEMntuyLPS",null,null,null,1,0],[1,125,0,0]],[3,"layout",33554432,2,[3,4],[[2,-46,[0,"963nrcadxF3q7DcjZteFjV"],[5,200,88]],[46,1,1,50,-47,[0,"64otLCQrhHprfWZC1RHzRl"]],[51,4,6.454999999999984,1,-48,[0,"72JPao/r9LBK3xN/AQ5HFW"],2]],[1,"6f9FXaDE5F54Wrzb4wSUMU",null,null,null,1,0],[1,0,-349.545,0]],[4,"btnClose",33554432,2,[[5,"btnNormal<UITransform>",-49,[0,"c1Pj/qWY5Ia5DV+0BZ8HXk"],[5,60,50.4]],[57,"btnNormal<Label>","关闭",0,30,30,-50,[0,"68b7L3lABIToyQGPmvdbRs"],[4,4289374632]],[38,"btnNormal<Button>",3,0.85,-52,[0,"adqthG5TJImbF+Qi5t6rTX"],[[8,"15effXNtKpGeLctODlTRqhl","onBtnCloseClick",1]],[4,4292269782],-51],[52,"btnNormal<Widget>",4,300,-70,1,-53,[0,"4002pNV9dEgLS3jAkuo23Z"],2],[12,"btnClose<btnAdapter>",-54,[0,"0a2q7EzUlBn6qbPGc4+2RO"]],[62,"shop.btnClose",-55,[0,"e81qwOT3VKwKh/VYC2tilK"]]],[1,"0fsx2OCatCKZhojmVhilGj",null,null,null,1,0],[1,0,-444.8,2]],[3,"gold",33554432,1,[-59,-60],[[2,-56,[0,"c24oOW3HpK+pvhulOzVTcp"],[5,175,42]],[20,2,-57,[0,"e5eR55aC5FWpPtknDlzg1n"],3],[53,9,50,50,1,-58,[0,"eadnlsTM9PNYSfpi1olT0o"],1]],[1,"fbHHXKlSZA8pd7Zc9Xk+vo",null,null,null,1,0],[1,-222.5,569,0]],[3,"carShow",33554432,1,[-63,-64,-65,-66],[[2,-61,[0,"fe/rD4MkhLCbPh/4LgDooW"],[5,320,320]],[63,-62,[0,"8bmxUOuAhDtqM7d3tjx+ry"],[5],6]],[1,"33RgwVPsVByL7IrmKvB7GW",null,null,null,1,0],[1,0,466.903,0]],[7,"bg",33554432,1,[[2,-67,[0,"9aLnjT44hFe6Jq9FyBiojn"],[5,720,1280]],[42,0,false,-68,[0,"54NarVXSJCgIcMMIDqmMfi"],[4,3372220415],0],[22,45,100,100,1,-69,[0,"7cskQxGiRC06sHYPSmr46t"],1],[39,-71,[0,"36Ni6Sr5xBy4ZzegX7CgFQ"],[4,4292269782],-70,1]],[1,"d1gBIo95BJc7sykAp/KItl",null,null,null,1,0]],[3,"contain",33554432,2,[-75],[[2,-72,[0,"7fvzvFP9JG3rzasJLR8dqZ"],[5,634,560]],[18,1,0,-73,[0,"a4oXhJImVIfJ5xJ3mYUcbe"],7],[54,41,16,16,12,100,1,-74,[0,"18vGWTNu5M3a5tooyz3fbT"],2]],[1,"8eHVpUIhpK/5MweFqFwJan",null,null,null,1,0],[1,0,108,0]],[3,"pages",33554432,2,[-78,-79,-80],[[2,-76,[0,"81rKazMqNB2p7Svi3nNby8"],[5,383,100]],[47,1,1,-77,[0,"89iebzPExC0oEOdMIm+/qB"]]],[1,"b4EzRuI0FCb5WfS3HTCEZr",null,null,null,1,0],[1,0,-219.164,0]],[3,"btnLeft",33554432,11,[-85],[[2,-81,[0,"f9H5pWPRpBuaA9WLOa5rqn"],[5,90,90]],[16,3,0.85,-83,[0,"18kV/exxZGrqHq3I9CRyPT"],[[8,"15effXNtKpGeLctODlTRqhl","onBtnLeftClick",1]],[4,4292269782],-82],[11,-84,[0,"4e/eqtDyxENqrmarbx1wZI"]]],[1,"55dXYFCONExbyPgfhEQuQn",null,null,null,1,0],[1,-146.5,0,0]],[3,"btnRight",33554432,11,[-90],[[2,-86,[0,"50nYKvvx1P9qK6WRtdarWW"],[5,90,90]],[16,3,0.85,-88,[0,"25Lr3mJylFp5beAK4GAVnc"],[[8,"15effXNtKpGeLctODlTRqhl","onBtnRightClick",1]],[4,4292269782],-87],[11,-89,[0,"bdAPdwg8JJzrqPWzi+gvIQ"]]],[1,"e1wzcvlEtJFoJFkzHRhowJ",null,null,null,1,0],[1,146.5,0,0]],[27,"buy",false,33554432,3,[-92,-93],[[5,"buy<UITransform>",-91,[0,"35tvc1hrlHAKulEh+ocdEG"],[5,200,100]]],[1,"47ozLRT2xHl7Mc0jl0vXkV",null,null,null,1,0]],[4,"icon",33554432,7,[[2,-94,[0,"5fZCJuNCZOKKCGMY32F0z/"],[5,49,52]],[20,2,-95,[0,"be69CodjtBCo0joDs4ka8u"],2],[55,8,-10,1,-96,[0,"6fEqzLESBDnaM7uPp8vF7N"],7]],[1,"c1H1m/jlZDQLPcs/biKQQz",null,null,null,1,0],[1,-73,0,0]],[7,"pages",33554432,10,[[2,-97,[0,"f0XyyJu5tIhosdKA0Gi/16"],[5,634,560]],[22,45,100,100,1,-98,[0,"1co1tK4qBNyYBIAeqfP4gn"],10]],[1,"e6maMcx5FC7bLceYj58wv7",null,null,null,1,0]],[9,"go",33554432,3,[[[2,-99,[0,"d56WziFexPerypCu2njYUS"],[5,68,75.6]],-100],4,1],[1,"6daGP9NlhNhpHMGswPZ/dX",null,null,null,1,0],[1,0,4,0]],[3,"buy",33554432,4,[-102,-103],[[34,"buy<UITransform>",-101,[0,"0e555dCohPopQJ8LHgsCSg"]]],[1,"0el1ORhThBybqEjBNxsmRR",null,null,null,1,0],[1,33.154,0,0]],[28,"pageCnt",33554432,11,[-106],[[2,-104,[0,"3e5eRXvGVIlb4PgkJql51F"],[5,203,53]],[6,2,false,-105,[0,"2bIX5UivBFw5CmPAclf8pR"],22]],[1,"994ff2t+lKMZKDvo2ER3J2",null,null,null,1,0]],[9,"txt",33554432,7,[[[2,-107,[0,"fe91P3d+RF3pqp0EtFNnbv"],[5,80.09,50.4]],-108],4,1],[1,"c2lahHTwlJYIhDAdkm9WfQ",null,null,null,1,0],[1,8.005,0,0]],[7,"light",33554432,8,[[5,"light<UITransform>",-109,[0,"37xSEKB4JL4pcEtLGFn7r8"],[5,320,320]],[43,"light<Sprite>",2,-110,[0,"65iscXKOBAFYT/d7PKsVP/"],4]],[1,"4bCNida55FdYQ5fKlpRoQs",null,null,null,1,0]],[29,"car",33554432,8,[[2,-111,[0,"04KHMiJsBO/IN1ZUOixcG7"],[5,320,320]]],[1,"66RvPYr6JPPptPZ4agaEyt",null,null,null,1,0],[1,0,-33,40],[3,0.022441021635427605,0.9525423816496932,0.14982690691616027,0.2640289940007063],[1,2,2,2],[1,-16,150,7]],[32,"carIcon",false,33554432,8,[[[2,-112,[0,"627W3+9UtJv5K3Zdt3lkwq"],[5,160,160]],-113],4,1],[1,"c5Ev8c7mBDMJ+1mDEt30wp",null,null,null,1,0],[1,0,3,0]],[9,"txt",33554432,2,[[[5,"txt<UITransform>",-114,[0,"dbXDSih9dAwqDvWAPgdiKg"],[5,0,50.4]],-115],4,1],[1,"efwSdjyrFBoafuXCYJAaaX",null,null,null,1,0],[1,0,-282.15,0]],[4,"icon",33554432,14,[[2,-116,[0,"17BqXT7r1Jl6Gt0vuUZcZo"],[5,49,52]],[6,2,false,-117,[0,"28DSBXb71Pv4hEtE5W30e5"],8]],[1,"88ok0oe65Gq6k9swfjkY+Q",null,null,null,1,0],[1,-55,2,0]],[9,"gold",33554432,14,[[[2,-118,[0,"8dLdRZIh9IAJLAlOlp2+Qf"],[5,110,40]],-119],4,1],[1,"c1VRMv93hMmqu1RtpI/Jyb",null,null,null,1,0],[1,34,0,0]],[4,"video",33554432,4,[[2,-120,[0,"f2PTKAPPZLhaUjY2wLfXji"],[5,58,40]],[44,-121,[0,"d8oLmC9kxGibfjvZXv4FMj"],14]],[1,"c5h9tfp+RN34ZpvsWQDQ8p",null,null,null,1,0],[1,-56.775,4,0]],[4,"icon",33554432,18,[[2,-122,[0,"c2WSpHXa5I87uoexwqAetJ"],[5,49,52]],[6,2,false,-123,[0,"a0xnAHI1xNGLX7aaWXZh/u"],15]],[1,"e6IbmVRsRDv4h7lydG1I/G",null,null,null,1,0],[1,-28,2,0]],[4,"gold",33554432,18,[[2,-124,[0,"1e+j2+lbhP1ri5IMK0cpWf"],[5,110,40]],[23,"500",32,32,1,false,-125,[0,"42K/d2lZdGQb+Xg9xQNo6o"],[4,4278650243]]],[1,"01GWTbH7BIu7taLbihRhW/",null,null,null,1,0],[1,28,0,0]],[30,"New Sprite",33554432,12,[[2,-126,[0,"8cwJtzDoZA24XhYEng/UEq"],[5,82.8,89.1]],[6,0,false,-127,[0,"65YwLJxy5GA57jt4uke7m7"],21]],[1,"79f//a2cxA0bI7L1cHclzA",null,null,null,1,0],[1,-1,1,1]],[9,"lbPage",33554432,19,[[[2,-128,[0,"d1/s2ZcGtOWLGWd5mcQ/Sf"],[5,44.48,50.4]],-129],4,1],[1,"6bgL0xV+FMLo6uv1phTxC5",null,null,null,1,0],[1,0,-2.525,0]],[7,"New Sprite",33554432,13,[[2,-130,[0,"6e9MhUO5BChI71cGg1y8yE"],[5,82.8,89.1]],[6,0,false,-131,[0,"96BcQYGvFCipPoyAgTPldJ"],23]],[1,"b7qRNy3r5IUYfBu26tDnP6",null,null,null,1,0]],[58,"999999",24,24,20,[0,"cc24ej9O5FOa13/fspk6uv"],[4,4281677120]],[17,2,false,23,[0,"52bvk/bQtA6LUNOyFBsAmd"]],[14,"star",false,33554432,8,[[35,-132,[0,"f2H5ZLSxRPmaZQXBhnCj52"]]],[1,"25ydx6e3BLMaoPGrVSd3bV",null,null,null,1,0],[1,-360,-1106.903,1]],[59,"txt<Label>","",28,28,24,[0,"fb/NRkh1FHz52Wy2oc3Gct"],[4,4280766866]],[23,"999999",32,32,1,false,26,[0,"f2YWPdjfBBIIDaZjmwyhwc"],[4,4278650243]],[60,"前往",34,34,60,false,17,[0,"e5W6/XQBxAjJvh6z7Wk0rZ"],[4,4278650243]],[61,"1/1",32,32,31,[0,"8cfZ36PMxFBIKNo51ZQwoE"]]],0,[0,4,1,0,0,1,0,0,1,0,17,39,0,18,34,0,19,16,0,20,22,0,21,38,0,22,37,0,23,36,0,24,17,0,25,14,0,26,4,0,27,3,0,28,33,0,0,1,0,-1,9,0,-2,7,0,-3,8,0,-4,2,0,0,2,0,0,2,0,-1,24,0,-2,10,0,-3,5,0,-4,11,0,-5,6,0,0,3,0,0,3,0,2,3,0,0,3,0,2,5,0,0,3,0,0,3,0,-1,14,0,-2,17,0,0,4,0,0,4,0,2,4,0,0,4,0,2,5,0,0,4,0,0,4,0,-1,27,0,-2,18,0,0,5,0,0,5,0,0,5,0,0,6,0,0,6,0,2,6,0,0,6,0,0,6,0,0,6,0,0,6,0,0,7,0,0,7,0,0,7,0,-1,15,0,-2,20,0,0,8,0,0,8,0,-1,21,0,-2,22,0,-3,23,0,-4,35,0,0,9,0,0,9,0,0,9,0,2,9,0,0,9,0,0,10,0,0,10,0,0,10,0,-1,16,0,0,11,0,0,11,0,-1,12,0,-2,19,0,-3,13,0,0,12,0,2,12,0,0,12,0,0,12,0,-1,30,0,0,13,0,2,13,0,0,13,0,0,13,0,-1,32,0,0,14,0,-1,25,0,-2,26,0,0,15,0,0,15,0,0,15,0,0,16,0,0,16,0,0,17,0,-2,38,0,0,18,0,-1,28,0,-2,29,0,0,19,0,0,19,0,-1,31,0,0,20,0,-2,33,0,0,21,0,0,21,0,0,22,0,0,23,0,-2,34,0,0,24,0,-2,36,0,0,25,0,0,25,0,0,26,0,-2,37,0,0,27,0,0,27,0,0,28,0,0,28,0,0,29,0,0,29,0,0,30,0,0,30,0,0,31,0,-2,39,0,0,32,0,0,32,0,0,35,0,5,1,3,7,5,4,7,5,132],[0,0,0,0,0,0,0,0,0,0,0,0,0,0,0,0,0,0,0,0,0,0,0,0,0,0,34],[1,6,1,1,1,-1,29,1,1,1,6,8,9,10,1,1,1,6,8,9,10,1,1,1,1,30,1],[1,1,0,18,19,2,2,20,0,3,4,5,6,7,21,0,3,4,5,6,7,8,22,8,23,24,25]],[[{"name":"rankIconArrow","rect":{"x":0,"y":0,"width":92,"height":99},"offset":{"x":0,"y":0},"originalSize":{"width":92,"height":99},"rotated":false,"capInsets":[0,0,0,0],"vertices":{"rawPosition":[-46,-49.5,0,46,-49.5,0,-46,49.5,0,46,49.5,0],"indexes":[0,1,2,2,1,3],"uv":[0,99,92,99,0,0,92,0],"nuv":[0,0,1,0,0,1,1,1],"minPos":{"x":-46,"y":-49.5,"z":0},"maxPos":{"x":46,"y":49.5,"z":0}},"packable":true,"pixelsToUnit":100,"pivot":{"x":0.5,"y":0.5},"meshType":0}],[3],0,[0],[3],[26]],[[{"name":"car101Black","rect":{"x":7,"y":32,"width":145,"height":95},"offset":{"x":-0.5,"y":0.5},"originalSize":{"width":160,"height":160},"rotated":false,"capInsets":[0,0,0,0],"vertices":{"rawPosition":[-72.5,-47.5,0,72.5,-47.5,0,-72.5,47.5,0,72.5,47.5,0],"indexes":[0,1,2,2,1,3],"uv":[7,128,152,128,7,33,152,33],"nuv":[0.04375,0.20625,0.95,0.20625,0.04375,0.8,0.95,0.8],"minPos":{"x":-72.5,"y":-47.5,"z":0},"maxPos":{"x":72.5,"y":47.5,"z":0}},"packable":true,"pixelsToUnit":100,"pivot":{"x":0.5,"y":0.5},"meshType":0}],[3],0,[0],[3],[27]],[[{"name":"shopBoxChoose","rect":{"x":0,"y":0,"width":160,"height":160},"offset":{"x":0,"y":0},"originalSize":{"width":160,"height":160},"rotated":false,"capInsets":[0,0,0,0],"vertices":{"rawPosition":[-80,-80,0,80,-80,0,-80,80,0,80,80,0],"indexes":[0,1,2,2,1,3],"uv":[0,160,160,160,0,0,160,0],"nuv":[0,0,1,0,0,1,1,1],"minPos":{"x":-80,"y":-80,"z":0},"maxPos":{"x":80,"y":80,"z":0}},"packable":true,"pixelsToUnit":100,"pivot":{"x":0.5,"y":0.5},"meshType":0}],[3],0,[0],[3],[28]]]]
