[1,["b3I5NmKRhKS5GXub8xmgfr@f9941","6ekIpZwFdEirxVZISCfzqC@f9941","6c/HBr90hLZpQ2IziJmkxC@f9941","e3WXWFh01Eab6MPd54dTQH@f9941","07/eygSVpOOr9qQ6BXRTVu@f9941","dalZGJyN5JupenyqsE7Tce@f9941","f8bCQfayxKea3sJwQ/Rr8G@f9941","86q8hmXqNAWpxbjRH9zgzG","76Mko1gSlLwJI7IatA3aRn@f9941","07/eygSVpOOr9qQ6BXRTVu@6c48a","78GcJMY1dAe4BtK8q+mgCS@6c48a","b3I5NmKRhKS5GXub8xmgfr@6c48a","97JD5bF7xG9JdkjQFb/xl1@f9941","a5WJcnSsZLraazgmWXm1MA@f9941","319l+8zwBFUIUJ1C6a/Q6a@f9941","00XoO0H6ZFkaSVFwc70RTX@f9941","59j67kw3ZEn5QZQlMy3QZ7@f9941","d2stADz7VLaYZmla8wy2+b","faPYTrEk1Jh5zFEKnLSZ+f@f9941","daFy1bQkVEGb8+YQz12xcz@f9941","78GcJMY1dAe4BtK8q+mgCS@f9941","daFy1bQkVEGb8+YQz12xcz@6c48a"],["node","_spriteFrame","_target","_normalSprite","_textureSource","_parent","root","data","spDoubleBtnIcon","ndBtnClose","ndBtnReceive","ndBtnDouble","ndBtnNormal","sfBlue","sfGray","sfVideo","sfShare","pbSignInItem","lbValue","nodeLight","lbDayIndex","nodeBtnAfterFillSign","nodeBtnFillSign","nodeTick","spReward","_defaultClip","sfBgBlue","sfYellow","sfGold"],[["cc.Widget",["_alignFlags","_alignMode","_bottom","_name","_originalWidth","_originalHeight","_left","_isAbsBottom","_right","_top","_isAbsLeft","_isAbsTop","_isAbsRight","node","__prefab"],-10,1,4],["cc.Sprite",["_sizeMode","_name","_type","_isTrimmedMode","_enabled","node","__prefab","_spriteFrame","_color"],-2,1,4,6,5],["cc.Node",["_name","_layer","_active","_components","_prefab","_parent","_lpos","_children","_lrot","_euler"],0,9,4,1,5,2,5,5],["cc.Label",["_string","_actualFontSize","_horizontalAlign","_fontSize","_name","_isBold","_verticalAlign","_lineHeight","node","__prefab","_color"],-5,1,4,5],["cc.Button",["_transition","_name","_zoomScale","node","__prefab","_normalColor","clickEvents","_target","_normalSprite"],0,1,4,5,9,1,6],"cc.SpriteFrame",["cc.Node",["_name","_layer","_active","_parent","_components","_prefab","_lpos"],0,1,12,4,5],["cc.UITransform",["_name","node","__prefab","_contentSize","_anchorPoint"],2,1,4,5,5],["cc.Layout",["_resizeMode","_layoutType","_spacingX","_isAlign","_name","_paddingLeft","_paddingRight","_spacingY","node","__prefab"],-5,1,4],["f130br9GwZGkJEkRGonhXxR",["_name","node","__prefab"],2,1,4],["c4c1axXN+NL4oYQEr2M4qn2",["_dataID","_name","node","__prefab"],1,1,4],["cc.Prefab",["_name"],2],["cc.CompPrefabInfo",["fileId"],2],["9d016bBiB5J1prtR6VcBPd4",["node","__prefab","ndBtnNormal","ndBtnDouble","ndBtnReceive","ndBtnClose","spDoubleBtnIcon","arrNodeDay","sfBlue","sfGray","sfVideo","sfShare","pbSignInItem"],3,1,4,1,1,1,1,1,2,6,6,6,6,6],["cc.PrefabInfo",["fileId","instance","targetOverrides","nestedPrefabInstanceRoots","root","asset"],-1,1,1],["cc.ClickEvent",["_componentId","handler","target"],1,1],["8a6efh8jF9Js7ZZXyAL57KG",["_name","node","__prefab","spReward","nodeTick","nodeBtnFillSign","nodeBtnAfterFillSign","lbDayIndex","nodeLight","lbValue","sfBgBlue","sfYellow","sfGold"],2,1,4,1,1,1,1,1,1,1,6,6,6],["cc.Animation",["_name","node","__prefab","_clips","_defaultClip"],2,1,4,3,6],["cc.LabelOutline",["_name","node","__prefab","_color"],2,1,4,5]],[[12,0,2],[14,0,1,2,3,4,5,5],[7,1,2,3,1],[7,0,1,2,3,2],[2,0,1,5,3,4,6,3],[15,0,1,2,3],[2,0,1,5,3,4,3],[1,0,5,6,7,2],[2,0,1,5,7,3,4,6,3],[9,1,2,1],[2,0,1,7,3,4,6,3],[0,0,6,8,9,2,10,12,11,7,4,5,13,14,12],[4,1,0,2,3,4,6,5,7,8,4],[10,1,0,2,3,3],[2,0,2,1,5,7,3,4,6,4],[2,0,1,5,3,4,6,8,9,3],[0,3,0,4,5,1,13,14,6],[0,3,0,2,1,13,14,5],[1,1,2,0,5,6,7,4],[1,1,0,5,6,7,3],[10,0,2,3,2],[11,0,2],[2,0,2,1,5,3,4,6,4],[6,0,1,3,4,5,6,3],[0,3,0,6,2,7,1,13,14,7],[0,0,6,8,9,10,12,11,7,4,5,13,14,11],[0,3,0,1,13,14,4],[4,1,0,2,3,4,6,5,7,4],[1,1,4,2,0,5,6,7,5],[1,1,0,5,6,3],[8,0,1,2,3,8,9,5],[8,0,1,8,9,3],[3,4,0,2,1,3,8,9,10,6],[3,0,1,3,5,8,9,10,5],[3,0,2,1,3,8,9,5],[2,0,1,5,7,3,4,3],[2,0,1,7,3,4,3],[2,0,1,5,3,4,8,9,3],[6,0,2,1,3,4,5,6,4],[6,0,1,3,4,5,3],[7,0,1,2,3,4,2],[0,3,0,2,7,1,13,14,6],[0,3,0,7,4,5,1,13,14,7],[0,3,0,6,8,9,2,4,5,1,13,14,10],[0,13,14,1],[0,3,0,6,9,2,10,1,13,14,8],[0,3,0,6,8,9,2,10,12,11,4,5,1,13,14,13],[0,3,0,6,8,9,2,11,4,5,1,13,14,11],[0,3,0,6,8,9,2,10,12,11,7,4,5,1,13,14,14],[0,0,8,2,10,12,11,7,4,5,13,14,10],[0,0,6,9,2,10,12,11,7,4,5,13,14,11],[0,0,6,8,2,10,12,11,7,4,5,13,14,11],[0,0,2,1,13,14,4],[0,3,0,8,2,1,13,14,6],[0,3,0,6,9,1,13,14,6],[13,0,1,2,3,4,5,6,7,8,9,10,11,12,1],[4,3,4,5,1],[4,0,3,4,6,5,2],[4,1,0,3,4,6,5,7,8,3],[1,1,2,0,3,5,6,7,5],[1,1,0,3,5,6,7,4],[1,5,6,7,1],[1,1,4,0,5,6,7,4],[1,1,0,5,6,8,7,3],[1,2,0,5,6,7,3],[8,4,0,1,5,6,2,7,3,8,9,9],[9,0,1,2,2],[3,0,2,6,1,7,8,9,6],[3,4,0,1,3,8,9,5],[3,4,0,2,1,8,9,5],[16,0,1,2,3,4,5,6,7,8,9,10,11,12,2],[17,0,1,2,3,4,2],[18,0,1,2,3,2]],[[[{"name":"dailyBtn01","rect":{"x":0,"y":0,"width":164,"height":54},"offset":{"x":0,"y":0},"originalSize":{"width":164,"height":54},"rotated":false,"capInsets":[66,21,69,25],"vertices":{"rawPosition":[-82,-27,0,82,-27,0,-82,27,0,82,27,0],"indexes":[0,1,2,2,1,3],"uv":[0,54,164,54,0,0,164,0],"nuv":[0,0,1,0,0,1,1,1],"minPos":{"x":-82,"y":-27,"z":0},"maxPos":{"x":82,"y":27,"z":0}},"packable":true,"pixelsToUnit":100,"pivot":{"x":0.5,"y":0.5},"meshType":0}],[5],0,[0],[4],[9]],[[{"name":"dailyImg02","rect":{"x":0,"y":0,"width":590,"height":154},"offset":{"x":0,"y":0},"originalSize":{"width":590,"height":154},"rotated":false,"capInsets":[0,0,0,0],"vertices":{"rawPosition":[-295,-77,0,295,-77,0,-295,77,0,295,77,0],"indexes":[0,1,2,2,1,3],"uv":[0,154,590,154,0,0,590,0],"nuv":[0,0,1,0,0,1,1,1],"minPos":{"x":-295,"y":-77,"z":0},"maxPos":{"x":295,"y":77,"z":0}},"packable":true,"pixelsToUnit":100,"pivot":{"x":0.5,"y":0.5},"meshType":0}],[5],0,[0],[4],[10]],[[{"name":"dailyImg03","rect":{"x":0,"y":0,"width":70,"height":54},"offset":{"x":0,"y":0},"originalSize":{"width":70,"height":54},"rotated":false,"capInsets":[0,0,0,0],"vertices":{"rawPosition":[-35,-27,0,35,-27,0,-35,27,0,35,27,0],"indexes":[0,1,2,2,1,3],"uv":[0,54,70,54,0,0,70,0],"nuv":[0,0,1,0,0,1,1,1],"minPos":{"x":-35,"y":-27,"z":0},"maxPos":{"x":35,"y":27,"z":0}},"packable":true,"pixelsToUnit":100,"pivot":{"x":0.5,"y":0.5},"meshType":0}],[5],0,[0],[4],[11]],[[[21,"signIn"],[10,"signIn",33554432,[-18,-19,-20,-21],[[3,"balance<UITransform>",-2,[0,"59vvPEZfxKrKpZzxj8xMtn"],[5,720,1280]],[16,"balance<Widget>",45,100,100,1,-3,[0,"c8C6onVGpBlLC/miJHAIgB"]],[55,-16,[0,"9833rOEUVG/7R9kM/TmvJT"],-15,-14,-13,-12,-11,[-4,-5,-6,-7,-8,-9,-10],18,19,20,21,22],[56,-17,[0,"d4bPVVIG5LsKLM9zYG6OO7"],[4,4292269782]]],[1,"26BQ70JbxKKrH/BadLuLZB",null,null,null,-1,0],[1,0,0,1]],[10,"btnDouble",33554432,[-29,-30],[[3,"btnDouble<UITransform>",-22,[0,"27EcI/IuhOu6uZkOdmBn3S"],[5,148,88]],[59,"btnDouble<Sprite>",1,0,false,-23,[0,"9bmniEG8pAeocErLKROcah"],9],[65,"btnDouble<Layout>",1,1,10,10,20,5,true,-24,[0,"63WS0m5epNur+3xCopZCyb"]],[12,"btnDouble<Button>",3,0.85,-26,[0,"1bX6nqQ8ZHe4oud3PObVHJ"],[[5,"9d016bBiB5J1prtR6VcBPd4","onBtnDoubleClick",1]],[4,4292269782],-25,10],[41,"btnDouble<Widget>",4,0.0587568359375,false,1,-27,[0,"78Q4WvuStCzpQbWmPvK0+r"]],[66,"btnDouble<btnAdapter>",-28,[0,"3dhE5Cs7lAiot1641JyAAZ"]]],[1,"ca/KcdX2pNG6MpaldbpyZL",null,null,null,1,0],[1,0,-407.83299999999997,0]],[10,"content",33554432,[-34,-35,2,-36,-37,-38],[[3,"mainBg<UITransform>",-31,[0,"65HTESzTJGQITyHzMCaJWi"],[5,650,1024]],[28,"mainBg<Sprite>",false,1,0,-32,[0,"f57ZmiOONEXIOoVxdhSszP"],14],[42,"mainBg<Widget>",45,false,660,890,1,-33,[0,"e0ooNIPP1KbI+7hUikujzw"]]],[1,"94VwCHYVFCfp1zMxNvZZld",null,null,null,1,0],[1,0,0,1]],[14,"lineGroup",false,33554432,3,[-42,-43,-44,-45,-46,-47],[[3,"lineGroup<UITransform>",-39,[0,"c5Zcy6izVJ47If1/ReMUq5"],[5,630,772.7265325862069]],[43,"lineGroup<Widget>",45,10,10,18,112,630,770,1,-40,[0,"356C057mJI7p5M0DskG6fQ"]],[28,"lineGroup<Sprite>",false,1,0,-41,[0,"4b3ULre+BEYqev8FcudKzW"],7]],[1,"07EC5OU21HqZwxoPjeZYO7",null,null,null,1,0],[1,0,47,0]],[14,"btnReceive",false,33554432,3,[-54],[[3,"btnReceive<UITransform>",-48,[0,"3b29m0E3FBTL19y09eisrr"],[5,249.6,105.6]],[60,"btnReceive<Sprite>",0,false,-49,[0,"2bpMLEVw9E6KOcJVGmhXB/"],12],[12,"btnReceive<Button>",3,0.85,-51,[0,"9aTUS6Bp5Fr6jfozIObDUc"],[[5,"9d016bBiB5J1prtR6VcBPd4","onBtnReceiveClick",1]],[4,4292269782],-50,13],[17,"btnReceive<Widget>",4,2.200000000000003,1,-52,[0,"bexBjDRLNOEoQWmig30L+3"]],[9,-53,[0,"9eymAgrkNNRKPV1JihyLL1"]]],[1,"18l5r/9BxKBKUJR04ZfgGF",null,null,null,1,0],[1,0,-347.341,0]],[4,"btnNormal",33554432,3,[[3,"btnNormal<UITransform>",-55,[0,"94xXf4oKpJC7pXu8+0stC1"],[5,120,50.4]],[32,"btnNormal<Label>","普通领取",0,30,30,-56,[0,"44Xg3KmmxAgKC/rK4lU49q"],[4,4289374632]],[27,"btnNormal<Button>",3,0.85,-58,[0,"5f0Kja1FtPoJkRZEoa4e9t"],[[5,"9d016bBiB5J1prtR6VcBPd4","onBtnNormalClick",1]],[4,4292269782],-57],[24,"btnNormal<Widget>",4,300,-0.015755859375000035,false,1,-59,[0,"9fu7PEw+ZP+J0a+QZXhm8b"]],[9,-60,[0,"21h9jUQ+NA1J1WDgX7IEo0"]],[13,"btnReceive<LocalizedLabel>","signin.normalReceive",-61,[0,"ccYF/iGOZEhIbwEFCnMoW8"]]],[1,"5eNA+Q+MZLNYmzXGhuOLKP",null,null,null,1,0],[1,0,-502.934,0]],[10,"Top",33554432,[-65,-66,-67,-68],[[2,-62,[0,"06APfntodL+J80fzFYrJ/L"],[5,597.455,348.80300000000005]],[11,45,0.02594603174603174,0.02571269841269837,0.027329474765016234,0.5138078587273173,false,false,false,false,582.696,348.803,-63,[0,"84Uskxf/VAwItkcSYEo8Wn"]],[44,-64,[0,"dblwadmLNIfY7Vo9V8iENR"]]],[1,"58nfZme9pMJZqEELFdMfwj",null,null,null,1,0],[1,0.0735000000000241,184.89749999999995,0]],[22,"btnNotYet",false,33554432,3,[[3,"btnNormal<UITransform>",-69,[0,"1c74PnRYpNTZUBWf4ZbbiA"],[5,120,50.4]],[32,"btnNormal<Label>","暂不领取",0,30,30,-70,[0,"85ss2DAZJFmKWodyxzfWVu"],[4,4289374632]],[27,"btnNormal<Button>",3,0.85,-72,[0,"adh+sJsaBFm5tv4+WpSuMD"],[[5,"9d016bBiB5J1prtR6VcBPd4","onBtnCloseClick",1]],[4,4292269782],-71],[24,"btnNormal<Widget>",4,300,-0.06375847152871869,false,1,-73,[0,"15evUzP81Ghr6Dc78aG1NO"]],[9,-74,[0,"bd03hcOeZJ9qzfaVW44wmO"]],[13,"btnReceive<LocalizedLabel>","signin.notYet",-75,[0,"99LF4u0kpHm4GHpCaG89EQ"]]],[1,"caQZ+a4JFBTq0kb9TnNXNi",null,null,null,1,0],[1,0,-435.978,0]],[4,"btnClose",33554432,1,[[3,"btnNormal<UITransform>",-76,[0,"2eiFUSh7JATL8aRs05qlb/"],[5,61,61]],[12,"btnNormal<Button>",3,0.85,-78,[0,"cdYsSVUpdGBYvtixUpPi2T"],[[5,"9d016bBiB5J1prtR6VcBPd4","onBtnCloseClick",1]],[4,4292269782],-77,16],[45,"btnNormal<Widget>",9,0.06314444444444443,40,1164.3899999999999,false,1,-79,[0,"5d+OiF3INEF4EwHcxXXyUv"]],[9,-80,[0,"b0L2o5CxdA9YH4fA+IwwX6"]],[61,-81,[0,"4fZHilT+JG7qmxmP42D+KC"],17]],[1,"c4MrBHnqxPt4jo583OEn9U",null,null,null,1,0],[1,-284.036,569.5,0]],[8,"dayList",33554432,3,[7,-85],[[3,"dayList<UITransform>",-82,[0,"f7pxsaDSxKJaK7Yev+CuJl"],[5,630,760.1468270554374]],[18,"dayList<Sprite>",1,0,-83,[0,"8bSytX2JVGq4KRQ4eu/OiU"],8],[46,"dayList<Widget>",45,0.015384615384615385,0.015384615384615385,0.031808189914337176,231.28158647228128,false,false,false,630,770,1,-84,[0,"b1QvYs++JHmoRpBtZceYjI"]]],[1,"3fDPSnUZVCP6IV0Jh6wsiW",null,null,null,1,0],[1,0,99.35499999999996,0]],[8,"Bottom",33554432,10,[-88,-89,-90],[[2,-86,[0,"95D8+k+vpFuoLhOEji1LwB"],[5,582.6959999999999,339.54200000000003]],[11,45,0.03585873015873006,0.03922698412698421,0.5182096399107781,0.03511086618766116,false,false,false,false,100,100,-87,[0,"124xgMOeVGzqj1Mnqjpynj"]]],[1,"b8+BDwwh1Bq67oknZk3N5W",null,null,null,1,0],[1,-1.0610000000000923,-183.613,0]],[35,"content",33554432,5,[-94,-95],[[2,-91,[0,"c4HDvvgwJNv76v+iLbN7/V"],[5,72.89,100]],[30,1,1,15,true,-92,[0,"93GulwTlpAErCXzyrCbWTQ"]],[30,1,1,10,true,-93,[0,"3ct3nqG5BMZLxJU7rLExbt"]]],[1,"6aBghRle1Kx5l8MHFEgXi3",null,null,null,1,0]],[8,"title",33554432,1,[-99],[[3,"title<UITransform>",-96,[0,"68cIryf6pG6KHR2YvxQ1Nz"],[5,270,80]],[62,"title<Sprite>",false,0,-97,[0,"0dykyN8O5Hc4Aw3sqSJrZQ"],15],[47,"title<Widget>",1,193.648,186.352,0.03125,885.315,false,270,80,1,-98,[0,"0c56TyIy5FlbjHnlOoXv/P"]]],[1,"5fDc4VUj1Mi4nN3ElUfwro",null,null,null,1,0],[1,3.6480000000000246,560,0]],[6,"bg",33554432,1,[[3,"bg<UITransform>",-100,[0,"4eaJ2vY71JGqNaxDvLJ/5w"],[5,720,1280]],[63,"bg<Sprite>",0,-101,[0,"91RnzQ8ytFsZ679giCjH0u"],[4,3355443200],0],[16,"bg<Widget>",45,100,100,1,-102,[0,"f1hzo9f6RMvKBDKR7bDcTQ"]]],[1,"64P9L+oANBrK0H4XsEBrqE",null,null,null,1,0]],[8,"main",33554432,1,[3],[[3,"main<UITransform>",-103,[0,"41NeyOOgVCub0CVaq/hBWk"],[5,650,1024]],[48,"main<Widget>",45,0.04861111111111111,0.04861111111111111,0.1,0.1,false,false,false,false,650,900,1,-104,[0,"00NtCgOlBEwbVhqiBYkGFe"]]],[1,"b0d/7sNv9GvpwYmiXzP+3C",null,null,null,1,0],[1,0,0,-1]],[4,"day01",33554432,7,[[2,-105,[0,"e2rF2JQ2tDeI+GlYwidKC+"],[5,185,129.99999999999994]],[49,45,0.6903532483618013,0.6272967835712424,false,false,false,false,185,130,-106,[0,"e3ZdVrZbhOrLad9jX+4ukC"]]],[1,"59qLB6gQhN9paw/qepB/9O",null,null,null,1,0],[1,-206.22750000000002,109.40150000000006,0]],[4,"day02",33554432,7,[[2,-107,[0,"b6bkhW/rxLJ431Wuq6Fzrf"],[5,370.00000000000006,180]],[50,45,0.38070649672360257,0.0017746406997642967,0.4821747519373404,false,false,false,false,370,180,-108,[0,"ebOQbzA11FpL2cMdC2tePs"]]],[1,"6fxan3gzFEU4UFsb+ReSXg",null,null,null,1,0],[1,113.72749999999999,83.78250000000014,0]],[4,"day03",33554432,7,[[2,-109,[0,"6dcS7zTOJIS49bDQKoT0L4"],[5,360,115]],[11,45,0.38319371333405866,0.014250445640257441,0.6477725248922744,0.022528475959209156,false,false,false,false,360,115,-110,[0,"d9VXg9p9lNmZ1GulyPIrlj"]]],[1,"411461bp1BBqxBEhQuJKVA",null,null,null,1,0],[1,110.21350000000001,-109.0435,0]],[4,"day04",33554432,7,[[2,-111,[0,"6e++j8mItILq1ZKbhRhtZq"],[5,190,180.00000000000009]],[25,45,0.010452670075570552,0.671531747160874,0.48394939263710446,false,false,false,false,190,180,-112,[0,"5b/aWFZM5HBbILF/+0PvD3"]]],[1,"411461bp1BBqxBEhQuJKVA",null,null,null,1,0],[1,-197.48250000000002,-84.40149999999998,0]],[4,"day05",33554432,11,[[2,-113,[0,"13lXWLm+1MGq+Tylg473sd"],[5,365,130]],[11,45,-0.0005543199198208367,0.3741556489146997,0.03909972845774572,0.5780315837216018,false,false,false,false,365,130,-114,[0,"dfNDNO3KpJr6TTuz3cfXMt"]]],[1,"ac0px9z1FPcZLLpd3D2rBO",null,null,null,1,0],[1,-109.17099999999988,91.49500000000012,0]],[4,"day06",33554432,11,[[2,-115,[0,"8dmtAqAkVAS7VS+A5fGlTP"],[5,180,144.99999999999994]],[51,45,0.6926527726292957,-0.0015617062756568413,0.5729541558923493,false,false,false,false,180,145,-116,[0,"937WBBdgRG7r/3rA1OWLfs"]]],[1,"bbdrtGf+1NnYZ/v9Scd32h",null,null,null,1,0],[1,202.2580000000001,97.27100000000004,0]],[4,"day07",33554432,11,[[2,-117,[0,"0cFiazFGRMDY5zd8jJCok1"],[5,585,150.00000000000003]],[25,45,-0.003439186127929422,-0.0005148482227441498,0.5582284371300162,false,false,false,false,585,150,-118,[0,"15CVCYSGZBbYG/WcHsWEfE"]]],[1,"e7J4EvPy1Ajp19a34ks9g4",null,null,null,1,0],[1,-0.8519999999999186,-94.771,0]],[6,"txt",33554432,2,[[2,-119,[0,"31Es3gj25OHa2gFL1iD2JR"],[5,128,50.4]],[33,"双倍领取",32,32,true,-120,[0,"58Shz4SU9IZKaaWFIQwNtJ"],[4,4287781120]],[20,"signin.doubleReceive",-121,[0,"eaHB5X9/FIV6DxpWpfT2eG"]]],[1,"58MTVqmf1H942s24/1qpVX",null,null,null,1,0]],[6,"txt",33554432,12,[[2,-122,[0,"84xFtRlcNO0od2n62bkRWA"],[5,72.89,50.4]],[33,"领 取",32,32,true,-123,[0,"d2PUVuiIlLDZXUp7sHEK5x"],[4,4287781120]],[13,"btnReceive<LocalizedLabel>","signin.receive",-124,[0,"77ZH6AJ/hHW7SG8jRZNE+j"]]],[1,"37UqyI9tlObZQtbRDyJe1V",null,null,null,1,0]],[4,"txt",33554432,13,[[2,-125,[0,"47fZpipbdK5oehrUxz0Vut"],[5,160,63]],[67,"七日登录",0,0,40,50,-126,[0,"aeUHBW7QBGVZu2v5oDTroi"]],[13,"btnReceive<LocalizedLabel>","signin.title",-127,[0,"2aADTOLrtN8bauO5yT1/ct"]]],[1,"f4vBgmFq5OM4y5Iqw6AKBm",null,null,null,1,0],[1,-1.836,-9.174,0]],[4,"line01",33554432,4,[[2,-128,[0,"f5lKpMg7hDG55z5ls17H8j"],[5,100,55]],[7,0,-129,[0,"37qkvKVFpESJQf274aXDBz"],1]],[1,"e2Qd+4zOBJsrOA+NSNC4Z8",null,null,null,1,0],[1,-90.213,282.784,0]],[15,"line02",33554432,4,[[2,-130,[0,"17Q/3doPhHfITc1GP4URw5"],[5,90,50]],[7,0,-131,[0,"a2ImR4nNxN5ZpM9QM8II03"],2]],[1,"d3GHQEJbhPU53nhqhrTWfe",null,null,null,1,0],[1,106.622,162.992,0],[3,0,0,-0.7071067811865475,0.7071067811865476],[1,0,0,-90]],[4,"line03",33554432,4,[[2,-132,[0,"6fmXd86otJa7DGTiwd8ZF7"],[5,100,50]],[7,0,-133,[0,"99FoprejhA47DWvcbVH29s"],3]],[1,"3dEbfRZKlGj6bpciO3YuJE",null,null,null,1,0],[1,-84.07100000000003,73.981,0]],[15,"line04",33554432,4,[[2,-134,[0,"a2dQVqisNF0bKWk5jqkZgW"],[5,90,45]],[7,0,-135,[0,"2206VU1lpHvod+nWxQgG1n"],4]],[1,"16RzETbhtONYuh4KIBh5uU",null,null,null,1,0],[1,-194.423,-3.966,0],[3,0,0,-0.7071067811865475,0.7071067811865476],[1,0,0,-90]],[4,"line05",33554432,4,[[2,-136,[0,"bbzHUaHShChLCF7hkgJifv"],[5,100,55]],[7,0,-137,[0,"69/jp8fslOCYExKr36NzjH"],5]],[1,"f7g9uhhYhIuYa2rkxiFJkG",null,null,null,1,0],[1,90.595,-93.408,0]],[15,"line06",33554432,4,[[2,-138,[0,"45wticHa5NNZEIqMdKrWbD"],[5,90,45]],[7,0,-139,[0,"04IN1+nOtKzY4wQ3QUXrRk"],6]],[1,"fcbNkKRshMkoTgBwsQiP+0",null,null,null,1,0],[1,198.593,-174.138,0],[3,0,0,-0.7071067811865475,0.7071067811865476],[1,0,0,-90]],[38,"icon",false,33554432,2,[[[3,"icon<UITransform>",-140,[0,"53a7i+Ub9EOrwOQodr9Y/u"],[5,70,50]],-141],4,1],[1,"3a2G5tsHBGd4FHXVXeDFhV",null,null,null,1,0],[1,-69,0,0]],[22,"icon",false,33554432,12,[[3,"icon<UITransform>",-142,[0,"31iWmvmJtEXLYBvMgCDDdY"],[5,70,50]],[19,"icon<Sprite>",0,-143,[0,"22iPiwB5lHVaRLdsHM3wPv"],11]],[1,"a94LiQQOtIJK64Nt4tTLpS",null,null,null,1,0],[1,-41.44499999999999,0,0]],[29,"icon<Sprite>",0,32,[0,"3c9N6JFr5J05Tu24gdI3VC"]]],0,[0,6,1,0,0,1,0,0,1,0,-1,16,0,-2,17,0,-3,18,0,-4,19,0,-5,20,0,-6,21,0,-7,22,0,8,34,0,9,9,0,10,5,0,11,2,0,12,6,0,0,1,0,0,1,0,-1,14,0,-2,15,0,-3,13,0,-4,9,0,0,2,0,0,2,0,0,2,0,2,2,0,0,2,0,0,2,0,0,2,0,-1,32,0,-2,23,0,0,3,0,0,3,0,0,3,0,-1,4,0,-2,10,0,-4,5,0,-5,6,0,-6,8,0,0,4,0,0,4,0,0,4,0,-1,26,0,-2,27,0,-3,28,0,-4,29,0,-5,30,0,-6,31,0,0,5,0,0,5,0,2,5,0,0,5,0,0,5,0,0,5,0,-1,12,0,0,6,0,0,6,0,2,6,0,0,6,0,0,6,0,0,6,0,0,6,0,0,7,0,0,7,0,0,7,0,-1,16,0,-2,17,0,-3,18,0,-4,19,0,0,8,0,0,8,0,2,8,0,0,8,0,0,8,0,0,8,0,0,8,0,0,9,0,2,9,0,0,9,0,0,9,0,0,9,0,0,9,0,0,10,0,0,10,0,0,10,0,-2,11,0,0,11,0,0,11,0,-1,20,0,-2,21,0,-3,22,0,0,12,0,0,12,0,0,12,0,-1,33,0,-2,24,0,0,13,0,0,13,0,0,13,0,-1,25,0,0,14,0,0,14,0,0,14,0,0,15,0,0,15,0,0,16,0,0,16,0,0,17,0,0,17,0,0,18,0,0,18,0,0,19,0,0,19,0,0,20,0,0,20,0,0,21,0,0,21,0,0,22,0,0,22,0,0,23,0,0,23,0,0,23,0,0,24,0,0,24,0,0,24,0,0,25,0,0,25,0,0,25,0,0,26,0,0,26,0,0,27,0,0,27,0,0,28,0,0,28,0,0,29,0,0,29,0,0,30,0,0,30,0,0,31,0,0,31,0,0,32,0,-2,34,0,0,33,0,0,33,0,7,1,2,5,3,3,5,15,7,5,10,143],[0,0,0,0,0,0,0,0,0,0,0,0,0,0,0,0,0,0,0,0,0,0,0,34],[1,1,1,1,1,1,1,1,1,1,3,1,1,3,1,1,3,1,13,14,15,16,17,1],[12,0,0,0,0,0,0,5,5,1,1,2,1,1,13,14,6,6,1,15,2,16,17,2]],[[[21,"signInItem"],[36,"signInItem",33554432,[-13,-14,-15,-16,-17,-18,-19],[[3,"signInItem<UITransform>",-2,[0,"efqNE2udtOGICfEHudubcb"],[5,720,1280]],[18,"signInItem<Sprite>",1,0,-3,[0,"75QZTUrKNI6IMO4+2o6dVZ"],8],[70,"signInItem<signInItem>",-11,[0,"6d/mWWJEBJ37pfYfPAr7Jn"],-10,-9,-8,-7,-6,-5,-4,9,10,11],[16,"signInItem<Widget>",45,185,130,1,-12,[0,"37O4ZkbZVCDYOVVqgk4cTt"]]],[1,"59qLB6gQhN9paw/qepB/9O",null,null,null,-1,0]],[8,"fillSign",33554432,1,[-27],[[3,"fillSign<UITransform>",-20,[0,"2bW6v1crpE4LYNpkGr2QOt"],[5,90,50]],[18,"fillSign<Sprite>",1,0,-21,[0,"4744vItoVG0Z5oNEOwudT2"],5],[12,"fillSign<Button>",3,0.85,-23,[0,"e4HcaQ7JFFQKmy8a636yjR"],[[5,"8a6efh8jF9Js7ZZXyAL57KG","onBtnFillSignInClick",1]],[4,4292269782],-22,6],[17,"fillSign<Widget>",20,-25,1,-24,[0,"e7OFs8DRZLaIc4dNduF4fW"]],[9,-25,[0,"117tQLF8pBML6wlAReY2zc"]],[31,1,1,-26,[0,"b3yMPzc6FF04Xv3XE/ur2J"]]],[1,"2br3wtrZxH9YdauKebYPE5",null,null,null,1,0],[1,0,-640,0]],[14,"afterFillSign",false,33554432,1,[-33],[[2,-28,[0,"ablvZgOjRHS4Cly2JilIBQ"],[5,90,50]],[64,1,0,-29,[0,"ed0KIW1MdCG7gozXWr2vF/"],7],[57,3,-30,[0,"2eYsmkVPhMtphau+Pj9Vij"],[[5,"8a6efh8jF9Js7ZZXyAL57KG","onBtnAfterFillSignClick",1]],[4,4292269782]],[52,20,-25.221999999999994,1,-31,[0,"3cnWJ55BdFdaO47iqAihpl"]],[31,1,1,-32,[0,"72dNlD8PVIgaNKsDv9Hnt6"]]],[1,"61OTXTwlFOG7rHhQJa122B",null,null,null,1,0],[1,0,-640.222,0]],[37,"light",33554432,1,[[3,"light<UITransform>",-34,[0,"f0Pm+d5IZMe7V31T7Mdr7v"],[5,250,250]],[19,"light<Sprite>",0,-35,[0,"09O7aiuelGZacqwIXaO18a"],0],[26,"light<Widget>",18,1,-36,[0,"3bdwcpsOZF8o9uvidVVNkG"]],[71,"light<Animation>",-37,[0,"08gFQrP4FOpa3QYvqQ1IIu"],[1],2]],[1,"12qNaG0htHLY96qe+m6hMJ",null,null,null,1,0],[3,0,0,0.3077842540634165,0.9514561750026252],[1,0,0,35.851499950513244]],[39,"reward",33554432,1,[[[3,"award<UITransform>",-38,[0,"12g/yeC2hDpow7XUOAOoai"],[5,140,100]],-39,[58,"award<Button>",3,-41,[0,"03H/QEaCtH0pQCU6IY8ew8"],[[5,"8a6efh8jF9Js7ZZXyAL57KG","onBtnAfterFillSignClick",1]],[4,4292269782],-40,3],[26,"award<Widget>",18,1,-42,[0,"6e4h+tDoxEmL4NMXh0AFtb"]]],4,1,4,4],[1,"47H0tKqjFAXr09E3bvkijr",null,null,null,1,0]],[23,"value",33554432,1,[[[40,"value<UITransform>",-43,[0,"1a+2npHz9FdKp85qIg+nCb"],[5,70.74,50.4],[0,1,0.5]],-44,[72,"value<LabelOutline>",-45,[0,"29RupdPZVL66T/45PgV+uH"],[4,4278321407]],[53,"value<Widget>",36,7.001999999999995,14.152999999999999,1,-46,[0,"1bLKdbABJBwY5xono0TRP1"]]],4,1,4,4],[1,"15SmHDGgVFVb+jwd2xfQIj",null,null,null,1,0],[1,352.998,-600.6469999999999,0]],[6,"ok",33554432,1,[[3,"ok<UITransform>",-47,[0,"a09yyKMxhLtamkhiaPUKjD"],[5,100,80]],[19,"ok<Sprite>",0,-48,[0,"1aIjybrmRJy4wSal+4/SLz"],4],[17,"ok<Widget>",18,30,1,-49,[0,"a2GlE9IklAhq8eP9hrUOc7"]]],[1,"0eq2bWrQZFcpE+dLsPT0I+",null,null,null,1,0]],[23,"dayNum",33554432,1,[[[3,"dayNum<UITransform>",-50,[0,"8eQ/e8a65BxbwgDHUdJNWJ"],[5,19.47,50.4]],-51,[54,"dayNum<Widget>",9,15.466999999999999,7.405999999999999,1,-52,[0,"c3g1DVpx5L1IH5oP4sgCYi"]]],4,1,4],[1,"16l+L4DCFM0Lu3oozhIu4C",null,null,null,1,0],[1,-334.798,607.394,0]],[6,"txt",33554432,2,[[2,-53,[0,"4a3YTaQZ5APZuQxa8vCpQw"],[5,70,50.4]],[34,"补签",0,35,35,-54,[0,"4drtbMoN9MC7TJhkAVMF+z"]],[20,"signin.fillSignin",-55,[0,"9aKgEASjhF+Icx/QBsJ1CQ"]]],[1,"2aFbJlTOVL9bIVIRoqzke0",null,null,null,1,0]],[6,"txt",33554432,3,[[2,-56,[0,"b5n2H/BnBHOaaDFrhKtbP0"],[5,70,50.4]],[34,"领取",0,35,35,-57,[0,"ecOpjF/M5EAoYyZ0Akr+Bd"]],[20,"signin.receive",-58,[0,"30imXhM3xF96HLk+cBsN0X"]]],[1,"8f3Nmjoi5A7oiXMyZKDchT",null,null,null,1,0]],[68,"dayNum<Label>","1",35,35,8,[0,"60GfyvffhPcqcGdRUZIRuq"]],[29,"award<Sprite>",0,5,[0,"beAIr9qhZIA44EpU2XvdXX"]],[69,"value<Label>","100",2,40,6,[0,"529NL30dBNMprDJ+1PuClj"]]],0,[0,6,1,0,0,1,0,0,1,0,18,13,0,19,4,0,20,11,0,21,3,0,22,2,0,23,7,0,24,12,0,0,1,0,0,1,0,-1,8,0,-2,4,0,-3,5,0,-4,6,0,-5,7,0,-6,2,0,-7,3,0,0,2,0,0,2,0,2,2,0,0,2,0,0,2,0,0,2,0,0,2,0,-1,9,0,0,3,0,0,3,0,0,3,0,0,3,0,0,3,0,-1,10,0,0,4,0,0,4,0,0,4,0,0,4,0,0,5,0,-2,12,0,2,5,0,0,5,0,0,5,0,0,6,0,-2,13,0,0,6,0,0,6,0,0,7,0,0,7,0,0,7,0,0,8,0,-2,11,0,0,8,0,0,9,0,0,9,0,0,9,0,0,10,0,0,10,0,0,10,0,7,1,58],[0,0,0,0,0,0,0,0,0,0,0,0,12],[1,-1,25,3,1,1,3,1,1,26,27,28,1],[18,7,7,3,19,4,4,4,8,20,8,3,3]],[[{"name":"dailyImgGet","rect":{"x":0,"y":0,"width":93,"height":75},"offset":{"x":0,"y":0},"originalSize":{"width":93,"height":75},"rotated":false,"capInsets":[0,0,0,0],"vertices":{"rawPosition":[-46.5,-37.5,0,46.5,-37.5,0,-46.5,37.5,0,46.5,37.5,0],"indexes":[0,1,2,2,1,3],"uv":[0,75,93,75,0,0,93,0],"nuv":[0,0,1,0,0,1,1,1],"minPos":{"x":-46.5,"y":-37.5,"z":0},"maxPos":{"x":46.5,"y":37.5,"z":0}},"packable":true,"pixelsToUnit":100,"pivot":{"x":0.5,"y":0.5},"meshType":0}],[5],0,[0],[4],[21]]]]
