{"version":1,"document":[{"__type__":"cc.AnimationClip","_name":"Bird_Fly","_objFlags":0,"__editorExtras__":{"embeddedPlayerGroups":[]},"_native":"","sample":60,"speed":2,"wrapMode":2,"enableTrsBlending":false,"_duration":1.35,"_hash":500763545,"_tracks":[{"__id__":1}],"_exoticAnimation":null,"_events":[],"_embeddedPlayers":[]},{"__type__":"cc.animation.ObjectTrack","_binding":{"__type__":"cc.animation.TrackBinding","path":{"__id__":2},"proxy":null},"_channel":{"__id__":5}},{"__type__":"cc.animation.TrackPath","_paths":[{"__id__":3},{"__id__":4},"spriteFrame"]},{"__type__":"cc.animation.HierarchyPath","path":"sprite"},{"__type__":"cc.animation.ComponentPath","component":"cc.Sprite"},{"__type__":"cc.animation.Channel","_curve":{"__id__":6}},{"__type__":"cc.ObjectCurve","_times":[0,0.35,0.6666666666666666,1,1.3333333333333333],"_values":[{"__uuid__":"2b3HFrDfhABLuRnsCe25Gr@f9941","__expectedType__":"cc.Asset"},{"__uuid__":"c9C5wPH0dM8aKPPH0Fb5tL@f9941","__expectedType__":"cc.Asset"},{"__uuid__":"deoScUGw5IXI4nE/c03ZYm@f9941","__expectedType__":"cc.Asset"},{"__uuid__":"c9C5wPH0dM8aKPPH0Fb5tL@f9941","__expectedType__":"cc.Asset"},{"__uuid__":"2b3HFrDfhABLuRnsCe25Gr@f9941","__expectedType__":"cc.Asset"}]}],"chunks":[]}
