[1,["580jRF159HB6FQPhzGf/U+@6c48a"],["_textureSource"],["cc.SpriteFrame"],0,[{"name":"car104","rect":{"x":4,"y":27,"width":150,"height":106},"offset":{"x":-1,"y":0},"originalSize":{"width":160,"height":160},"rotated":false,"capInsets":[0,0,0,0],"vertices":{"rawPosition":[-75,-53,0,75,-53,0,-75,53,0,75,53,0],"indexes":[0,1,2,2,1,3],"uv":[4,133,154,133,4,27,154,27],"nuv":[0.025,0.16875,0.9625,0.16875,0.025,0.83125,0.9625,0.83125],"minPos":{"x":-75,"y":-53,"z":0},"maxPos":{"x":75,"y":53,"z":0}},"packable":true,"pixelsToUnit":100,"pivot":{"x":0.5,"y":0.5},"meshType":0}],[0],0,[0],[0],[0]]
