[1,["3c3IvHCItIN4gxnzju64yI@442db","1brw/JvvpFnIvdrxpFCgMZ","3c3IvHCItIN4gxnzju64yI@58fbf","3c3IvHCItIN4gxnzju64yI@604e5"],["mainTexture","_effectAsset","root","node","data","_mesh"],[["cc.Node",["_name","_prefab","_children","_parent","_components","_lrot","_lscale","_euler"],2,4,2,1,9,5,5,5],["cc.Material",["_name","_states","_defines","_props"],0,12],["cc.Mesh",["_native","_hash","_struct"],1,11],["cc.Prefab",["_name"],2],["cc.PrefabInfo",["fileId","instance","targetOverrides","nestedPrefabInstanceRoots","root","asset"],-1,1,1],["cc.MeshRenderer",["node","__prefab","_materials","bakeSettings","_mesh"],3,1,4,3,4,6],["cc.CompPrefabInfo",["fileId"],2],["cc.ModelBakeSettings",[],3]],[[4,0,1,2,3,4,5,5],[1,0,1,2,3,4],[2,0,1,2,3],[3,0,2],[0,0,2,1,2],[0,0,3,2,1,2],[0,0,3,4,1,5,6,7,2],[5,0,1,2,3,4,1],[6,0,2],[7,1]],[[[[1,"Material #120",[{"rasterizerState":{},"blendState":{"targets":[{}]},"depthStencilState":{}}],[{"USE_ALBEDO_MAP":true}],[[[{"metallic":0.400000005960464,"roughness":0.70710676908493},"albedoScale",8,[1,1,1,1],"mainTexture",6,0]],11]]],0,0,[0,0],[0,1],[0,1]],[[[2,".bin",3554440119,[{"primitives":[{"primitiveMode":7,"vertexBundelIndices":[0],"indexView":{"offset":31424,"length":3072,"count":1536,"stride":2}}],"vertexBundles":[{"view":{"offset":0,"length":31424,"count":982,"stride":32},"attributes":[{"name":"a_position","format":32,"isNormalized":false},{"name":"a_normal","format":32,"isNormalized":false},{"name":"a_texCoord","format":21,"isNormalized":false}]}]},"minPosition",8,[1,-0.43465450406074524,-0.6192595958709717,-0.016308631747961044],"maxPosition",8,[1,0.33457741141319275,0.4808032214641571,0.3969012498855591]]],-1],0,0,[],[],[]],[[[3,"house01"],[4,"house01",[-2],[0,"Node.705",null,null,null,-1,0]],[5,"RootNode",1,[-3],[0,"Node.706",null,null,null,1,0]],[6,"Box022",2,[[7,-4,[8,"f8u32FuxdOao/kMl98wfNQ"],[0],[9],1]],[0,"Node.707",null,null,null,1,0],[3,-0.7071067811865476,0,0,0.7071067811865476],[1,4.55663251876831,4.55663251876831,4.55663251876831],[1,-90.00000000000003,0,0]]],0,[0,2,1,0,-1,2,0,-1,3,0,3,3,0,4,1,4],[0,0],[-1,5],[2,3]]]]
