[1,["91EJfbCRlIb6jXvfne1r1o","15evQM7udGmbfnL5Y4OZsM","0bf3L9fvVP66aQ+X4M/vHI@6c48a","20MyXsHz9BOphLuHPS3Vrx@6c48a","2b3HFrDfhABLuRnsCe25Gr@6c48a","2eouqJu2pKOJ6uZyeUNNRG@6c48a","2eouqJu2pKOJ6uZyeUNNRG@f9941","2b3HFrDfhABLuRnsCe25Gr@f9941","54RIrv089OXYnrc8MUNMv6@f9941","56DEdWqWlGcayGDuj19QBV","54RIrv089OXYnrc8MUNMv6@6c48a","20MyXsHz9BOphLuHPS3Vrx@f9941","0bf3L9fvVP66aQ+X4M/vHI@f9941","c9C5wPH0dM8aKPPH0Fb5tL@6c48a","deoScUGw5IXI4nE/c03ZYm@6c48a"],["node","_textureSource","_spriteFrame","_parent","_defaultClip","_cameraComponent","target","pipeCtrl","birdCtrl","groundCtrl","scoreLabel","scene","pipePrefab","root","downPipe","upPipe","data"],["cc.SpriteFrame",["cc.Node",["_name","_layer","_id","_components","_parent","_children","_lpos","_lscale","_prefab"],0,9,1,2,5,5,4],["cc.Node",["_name","_layer","_components","_parent","_lpos","_children","_prefab"],1,12,1,5,2,4],["cc.UITransform",["node","_contentSize","_anchorPoint","__prefab"],3,1,5,5,4],["cc.Widget",["_alignFlags","_bottom","_left","_right","_top","_originalWidth","_originalHeight","node"],-4,1],["cc.Sprite",["_sizeMode","_isTrimmedMode","_type","node","_spriteFrame","__prefab"],0,1,6,4],["cc.Label",["_string","_actualFontSize","_fontSize","_lineHeight","_enableWrapText","_isBold","_horizontalAlign","node"],-4,1],["cc.SceneAsset",["_name"],2],["cc.Node",["_name","_parent","_components","_lpos"],2,1,2,5],["cc.Canvas",["node","_cameraComponent"],3,1,1],["cc.Button",["node","clickEvents"],3,1,9],["cc.ClickEvent",["_componentId","handler","customEventData","target"],0,1],["4dc12dgb7FHxImh9SJonGti",["node","startScreen","scoreLabel","groundCtrl","birdCtrl","pipeCtrl"],3,1,1,1,1,1,1],["cc.Animation",["playOnLoad","node","_clips","_defaultClip"],2,1,3,6],["99dae1wW4VEgZyWwVad/Cx5",["node"],3,1],["cc.Scene",["_name","_children","_prefab","_globals"],2,2,4,4],["cc.PrefabInfo",["root","asset","fileId","instance","targetOverrides","nestedPrefabInstanceRoots"],-3],["cc.PrefabInfo",["fileId","instance","targetOverrides","nestedPrefabInstanceRoots","root","asset"],-1,1,1],["cc.SceneGlobals",["ambient","shadows","_skybox","fog","octree","lightProbeInfo"],3,4,4,4,4,4,4],["cc.AmbientInfo",["_skyIllumLDR","_skyColorHDR","_skyColorLDR","_groundAlbedoLDR"],2,5,5,5],["cc.ShadowsInfo",["_shadowColor"],3,5],["cc.SkyboxInfo",[],3],["cc.FogInfo",[],3],["cc.OctreeInfo",[],3],["cc.LightProbeInfo",[],3],["c6091Gg7LdErZcGT7Wog/B1",["node"],3,1],["8cdc9a1XvBAb5ACx7roEC/I",["node"],3,1],["534019wjQhCSqgv20GxwFmV",["node"],3,1],["cc.Camera",["_projection","_priority","_orthoHeight","_far","_visibility","node","_color"],-2,1,5],["cc.Prefab",["_name"],2],["cc.CompPrefabInfo",["fileId"],2],["2dddc+s77tCs4IZj3w8jr9R",["node","__prefab","upPipe","downPipe"],3,1,4,1,1]],[[3,0,1,1],[30,0,2],[4,0,5,6,7,4],[1,0,1,4,3,3],[1,0,1,4,3,6,3],[17,0,1,2,3,4,5,5],[1,0,1,4,5,3,3],[2,0,1,3,5,2,4,3],[2,0,1,3,2,6,4,3],[3,0,1,2,1],[3,0,3,1,2,1],[13,0,1,2,3,2],[5,2,0,1,3,5,4],[7,0,2],[1,0,1,2,5,3,6,4],[1,0,1,4,3,7,3],[1,0,1,5,3,8,3],[2,0,1,2,4,3],[2,0,1,3,2,3],[8,0,1,2,3,2],[3,0,3,1,1],[9,0,1,1],[4,0,2,3,4,1,7,6],[4,0,1,7,3],[4,0,7,2],[10,0,1,1],[11,0,1,2,3,4],[12,0,1,2,3,4,5,1],[6,0,1,2,3,4,7,6],[6,0,1,2,3,5,7,6],[6,0,6,1,2,3,4,5,7,8],[5,0,1,3,4,3],[5,2,0,1,3,4,4],[5,3,4,1],[14,0,1],[15,0,1,2,3,2],[16,0,1,2,3,4,5,7],[18,0,1,2,3,4,5,1],[19,0,1,2,3,2],[20,0,1],[21,1],[22,1],[23,1],[24,1],[25,0,1],[26,0,1],[27,0,1],[28,0,1,2,3,4,5,6,6],[29,0,2],[31,0,1,2,3,1]],[[[{"name":"pipe-green-down","rect":{"x":0,"y":0,"width":52,"height":320},"offset":{"x":0,"y":0},"originalSize":{"width":52,"height":320},"rotated":false,"capInsets":[0,64,0,0],"vertices":{"rawPosition":[-26,-160,0,26,-160,0,-26,160,0,26,160,0],"indexes":[0,1,2,2,1,3],"uv":[0,320,52,320,0,0,52,0],"nuv":[0,0,1,0,0,1,1,1],"minPos":{"x":-26,"y":-160,"z":0},"maxPos":{"x":26,"y":160,"z":0}},"packable":true,"pixelsToUnit":100,"pivot":{"x":0.5,"y":0.5},"meshType":0}],[0],0,[0],[1],[2]],[[{"name":"pipe-green-up","rect":{"x":0,"y":0,"width":52,"height":320},"offset":{"x":0,"y":0},"originalSize":{"width":52,"height":320},"rotated":false,"capInsets":[0,0,0,64],"vertices":{"rawPosition":[-26,-160,0,26,-160,0,-26,160,0,26,160,0],"indexes":[0,1,2,2,1,3],"uv":[0,320,52,320,0,0,52,0],"nuv":[0,0,1,0,0,1,1,1],"minPos":{"x":-26,"y":-160,"z":0},"maxPos":{"x":26,"y":160,"z":0}},"packable":true,"pixelsToUnit":100,"pivot":{"x":0.5,"y":0.5},"meshType":0}],[0],0,[0],[1],[3]],[[{"name":"yellowbird-upflap","rect":{"x":0,"y":0,"width":34,"height":24},"offset":{"x":0,"y":0},"originalSize":{"width":34,"height":24},"rotated":false,"capInsets":[0,0,0,0],"vertices":{"rawPosition":[-17,-12,0,17,-12,0,-17,12,0,17,12,0],"indexes":[0,1,2,2,1,3],"uv":[0,24,34,24,0,0,34,0],"nuv":[0,0,1,0,0,1,1,1],"minPos":{"x":-17,"y":-12,"z":0},"maxPos":{"x":17,"y":12,"z":0}},"packable":true,"pixelsToUnit":100,"pivot":{"x":0.5,"y":0.5},"meshType":0}],[0],0,[0],[1],[4]],[[{"name":"base","rect":{"x":0,"y":0,"width":336,"height":112},"offset":{"x":0,"y":0},"originalSize":{"width":336,"height":112},"rotated":false,"capInsets":[0,0,0,0],"vertices":{"rawPosition":[-168,-56,0,168,-56,0,-168,56,0,168,56,0],"indexes":[0,1,2,2,1,3],"uv":[0,112,336,112,0,0,336,0],"nuv":[0,0,1,0,0,1,1,1],"minPos":{"x":-168,"y":-56,"z":0},"maxPos":{"x":168,"y":56,"z":0}},"packable":true,"pixelsToUnit":100,"pivot":{"x":0.5,"y":0.5},"meshType":0}],[0],0,[0],[1],[5]],[[[13,"MainScene"],[14,"Canvas",33554432,"5afWrdikhK6YUheCT/e/mo",[-5,-6,-7,-8,-9,-10,-11,-12,-13],[[0,-1,[5,750,1334]],[21,-3,-2],[22,45,-5.684341886080802e-14,-5.684341886080802e-14,-5.684341886080802e-14,-5.684341886080802e-14,-4]],[1,374.99999999999994,667,0]],[6,"StartScreen",33554432,1,[-18,-19],[[0,-14,[5,750,1334]],[25,-16,[[26,"4dc12dgb7FHxImh9SJonGti","clickStart","996",-15]]],[2,45,750,1334,-17]]],[3,"gameCtrl",33554432,1,[[0,-20,[5,750,1334]],[2,45,750,1334,-21],[27,-26,2,-25,-24,-23,-22]]],[7,"ground",33554432,1,[-30],[[[0,-27,[5,0,0]],-28,[23,4,112,-29]],4,1,4],[1,0,-555,0]],[7,"brid",33554432,1,[-34],[[[0,-31,[5,68,48]],-32,[11,true,-33,[4],5]],4,1,4],[1,0,80,0]],[4,"Tap to Start",33554432,2,[[0,-35,[5,306.83,100.8]],[28,"Tap to Start",60,60,80,false,-36],[11,true,-37,[0],1]],[1,0,-80,0]],[17,"Score",33554432,[[[9,-38,[5,196.08,75.6],[0,0,1]],-39,[24,9,-40]],4,1,4],[1,-375,667,0]],[6,"ScoreRoot",33554432,1,[7],[[0,-41,[5,750,1334]],[2,45,750,1334,-42]]],[3,"background",33554432,1,[[0,-43,[5,750,1334]],[31,0,false,-44,6],[2,45,750,1334,-45]]],[3,"uiRoot",33554432,1,[[0,-46,[5,750,1334]],[2,45,750,1334,-47],[34,-48]]],[4,"Title",33554432,2,[[0,-49,[5,440.04,100.8]],[29,"Flappy Bird",80,80,80,true,-50]],[1,0,360,0]],[4,"base",33554432,4,[[9,-51,[5,1600,112],[0,0,1]],[32,2,0,false,-52,2]],[1,-375,0,0]],[15,"sprite",33554432,5,[[0,-53,[5,34,24]],[33,-54,3]],[1,2,2,2]],[18,"pipeCtrl",33554432,1,[[[0,-55,[5,0,0]],-56],4,1]],[35,"MainScene",[1],[36,null,null,"50320cfc-1e1c-433f-80c6-b487eef617ef",null,null,null],[37,[38,0.8,[2,0.2,0.5,0.8,0.520833125],[2,0.452588,0.607642,0.755699,0.8],[2,0.618555,0.577848,0.544564,0]],[39,[4,4283190348]],[40],[41],[42],[43]]],[30,"分数：999",0,42,42,60,false,true,7],[44,4],[45,5],[46,14],[19,"Camera",1,[-57],[1,0,0,1000]],[47,0,1073741824,667,2000,33554432,20,[4,4278190080]]],0,[0,0,1,0,5,21,0,0,1,0,0,1,0,-1,3,0,-2,20,0,-3,9,0,-4,14,0,-5,5,0,-6,4,0,-7,2,0,-8,8,0,-9,10,0,0,2,0,6,3,0,0,2,0,0,2,0,-1,6,0,-2,11,0,0,3,0,0,3,0,7,19,0,8,18,0,9,17,0,10,16,0,0,3,0,0,4,0,-2,17,0,0,4,0,-1,12,0,0,5,0,-2,18,0,0,5,0,-1,13,0,0,6,0,0,6,0,0,6,0,0,7,0,-2,16,0,0,7,0,0,8,0,0,8,0,0,9,0,0,9,0,0,9,0,0,10,0,0,10,0,0,10,0,0,11,0,0,11,0,0,12,0,0,12,0,0,13,0,0,13,0,0,14,0,-2,19,0,-1,21,0,11,15,1,3,15,7,3,8,57],[0,0,0,0,0,0,0,19],[-1,4,2,2,-1,4,2,12],[0,0,6,7,1,1,8,9]],[[{"name":"background-day","rect":{"x":0,"y":0,"width":288,"height":512},"offset":{"x":0,"y":0},"originalSize":{"width":288,"height":512},"rotated":false,"capInsets":[0,0,0,0],"vertices":{"rawPosition":[-144,-256,0,144,-256,0,-144,256,0,144,256,0],"indexes":[0,1,2,2,1,3],"uv":[0,512,288,512,0,0,288,0],"nuv":[0,0,1,0,0,1,1,1],"minPos":{"x":-144,"y":-256,"z":0},"maxPos":{"x":144,"y":256,"z":0}},"packable":true,"pixelsToUnit":100,"pivot":{"x":0.5,"y":0.5},"meshType":0}],[0],0,[0],[1],[10]],[[[48,"pipe"],[16,"pipe",33554432,[-6,-7],[[20,-2,[1,"16uQyeGfRAt6b7TjzZiPbc"],[5,0,1334]],[49,-5,[1,"3dCDyu+SlFPZqlrST6tpQi"],-4,-3]],[5,"c3Cy4LUhtJs6DjAxp/Fevy",null,null,null,-1,0]],[8,"upPipe",33554432,1,[[[10,-8,[1,"ca7wvmb9dKxqgkmAurQDY/"],[5,52,1024],[0,0.5,0]],-9],4,1],[5,"c8HnMNqZpF65AHM82r1umK",null,null,null,1,0],[1,0,100,0]],[8,"downPipe",33554432,1,[[[10,-10,[1,"ddpEQ69ddJrLw0espUVmWs"],[5,52,1024],[0,0.5,1]],-11],4,1],[5,"053V+GYjRLoJ5MCquweNYS",null,null,null,1,0],[1,0,-100,0]],[12,1,0,false,2,[1,"0bQOywNUFCe65NtBgk0E76"]],[12,1,0,false,3,[1,"d7WjekAEtO3IPsaF2Hdp9U"]]],0,[0,13,1,0,0,1,0,14,5,0,15,4,0,0,1,0,-1,2,0,-2,3,0,0,2,0,-2,4,0,0,3,0,-2,5,0,16,1,11],[4,5],[2,2],[11,12]],[[{"name":"yellowbird-midflap","rect":{"x":0,"y":0,"width":34,"height":24},"offset":{"x":0,"y":0},"originalSize":{"width":34,"height":24},"rotated":false,"capInsets":[0,0,0,0],"vertices":{"rawPosition":[-17,-12,0,17,-12,0,-17,12,0,17,12,0],"indexes":[0,1,2,2,1,3],"uv":[0,24,34,24,0,0,34,0],"nuv":[0,0,1,0,0,1,1,1],"minPos":{"x":-17,"y":-12,"z":0},"maxPos":{"x":17,"y":12,"z":0}},"packable":true,"pixelsToUnit":100,"pivot":{"x":0.5,"y":0.5},"meshType":0}],[0],0,[0],[1],[13]],[[{"name":"yellowbird-downflap","rect":{"x":0,"y":0,"width":34,"height":24},"offset":{"x":0,"y":0},"originalSize":{"width":34,"height":24},"rotated":false,"capInsets":[0,0,0,0],"vertices":{"rawPosition":[-17,-12,0,17,-12,0,-17,12,0,17,12,0],"indexes":[0,1,2,2,1,3],"uv":[0,24,34,24,0,0,34,0],"nuv":[0,0,1,0,0,1,1,1],"minPos":{"x":-17,"y":-12,"z":0},"maxPos":{"x":17,"y":12,"z":0}},"packable":true,"pixelsToUnit":100,"pivot":{"x":0.5,"y":0.5},"meshType":0}],[0],0,[0],[1],[14]]]]
