[1,["b7MFJ8MjNBwqr3fNq1j5dJ@f9941","20g1ukYUVPvKWKBRznAKo+@f9941","54TknWPwVPqJqeCR+Y/Czo@f9941","95EkngnxZFbYuFpsqVTaFr@f9941","efHs6CRuVD87eu+MoGbrBB@f9941","0daOEVeZtPxKgJ0tsm76YT@f9941","aaL0uG+fZENJT/EBZcTpeA@f9941","0daOEVeZtPxKgJ0tsm76YT@6c48a","aaL0uG+fZENJT/EBZcTpeA@6c48a","ffuIqPr2JI9I8dPLYGRDpD@f9941","57bIaUjDVFN5cRMLjSam3I","afxHkx8GZGsJC+n+YfITQo@f9941","efHs6CRuVD87eu+MoGbrBB@6c48a"],["node","_spriteFrame","_target","_normalSprite","_parent","_textureSource","_hoverSprite","_pressedSprite","_disabledSprite","_cameraComponent","root","target","data","scene","_scrollView","itemPrefab"],[["cc.Node",["_name","_layer","_id","_active","_components","_lpos","_parent","_children","_prefab","_lrot","_euler"],-1,9,5,1,2,4,5,5],["cc.Widget",["_alignFlags","_top","_originalHeight","_left","_right","_originalWidth","_alignMode","_bottom","_name","node","__prefab","_target"],-6,1,4,1],["cc.Sprite",["_type","_sizeMode","_name","node","__prefab","_spriteFrame","_color"],0,1,4,6,5],"cc.SpriteFrame",["cc.Node",["_name","_layer","_components","_children","_parent","_lpos"],1,12,2,1,5],["cc.UITransform",["_name","node","__prefab","_contentSize","_anchorPoint"],2,1,4,5,5],["cc.Camera",["_visibility","_projection","_priority","_orthoHeight","_far","_clearFlags","node","_color","__prefab"],-3,1,5,4],["cc.Node",["_name","_layer","_parent","_components","_lpos"],1,1,2,5],["cc.Button",["_transition","_name","node","__prefab","clickEvents","_normalColor","_target","_normalSprite","_hoverColor","_disabledColor","_hoverSprite","_pressedSprite","_disabledSprite"],1,1,4,9,5,1,6,5,5,6,6,6],["cc.Prefab",["_name"],2],["dfb240gUk5FzLJW2+GbHJRv",["node","__prefab"],3,1,4],["cc.CompPrefabInfo",["fileId"],2],["cc.ClickEvent",["_componentId","handler","target"],1,1],["cc.PrefabInfo",["fileId","instance","targetOverrides","nestedPrefabInstanceRoots","root","asset"],-1,1,1],["cc.PrefabInfo",["root","asset","fileId","instance","targetOverrides","nestedPrefabInstanceRoots"],-3],["cc.Label",["_string","_horizontalAlign","_actualFontSize","_lineHeight","node","__prefab","_color"],-1,1,4,5],["cc.SceneAsset",["_name"],2],["cc.Canvas",["node","__prefab","_cameraComponent"],3,1,4,1],["b20edYWY5pMo6v9nvpXwDsb",["node","__prefab"],3,1,4],["56ce0MAdDJH2qBewyMuTQnW",["node","itemPrefab"],3,1,6],["cc.Layout",["_resizeMode","_layoutType","_paddingTop","_paddingBottom","_spacingY","_isAlign","node"],-3,1],["b7e58W4jq9D568mZxKnWRGk",["node","scroll"],3,1,1],["cc.Scene",["_name","_children","_prefab","_globals"],2,2,4,4],["cc.SceneGlobals",["ambient","shadows","_skybox","fog","octree","lightProbeInfo"],3,4,4,4,4,4,4],["cc.AmbientInfo",["_skyIllumLDR","_skyColorHDR","_skyColorLDR"],2,5,5],["cc.ShadowsInfo",["_shadowColor","_size"],3,5,5],["cc.SkyboxInfo",[],3],["cc.FogInfo",["_fogColor"],3,5],["cc.OctreeInfo",[],3],["cc.LightProbeInfo",[],3],["cc.Mask",["node","__prefab"],3,1,4],["cc.BlockInputEvents",["node","__prefab"],3,1,4],["cc.DirectionalLight",["_shadowBias","_shadowDistance","_csmLevel","_shadowNear","_shadowFar","node","_staticSettings"],-2,1,4],["cc.StaticLightSettings",[],3],["cc.ScrollBar",["_direction","node","__prefab","_handle"],2,1,4,1],["cc.ScrollView",["bounceDuration","brake","horizontal","node","__prefab","_content","_verticalScrollBar"],0,1,4,1,1]],[[11,0,2],[5,1,2,3,4,1],[5,1,2,3,1],[12,0,1,2,3],[0,0,1,6,4,5,3],[5,0,1,2,3,2],[2,2,0,1,3,4,5,4],[8,1,0,2,3,4,5,6,7,10,11,12,3],[0,0,1,2,7,4,5,4],[2,0,1,3,4,5,3],[13,0,1,2,3,4,5,5],[1,0,1,7,9,10,4],[1,8,0,3,1,6,9,10,6],[17,0,1,2,1],[9,0,2],[0,0,1,7,4,8,5,3],[0,0,1,6,4,8,5,3],[0,0,1,4,5,3],[0,0,1,6,7,4,5,3],[0,0,3,1,6,4,4],[0,0,2,6,4,9,10,3],[0,0,2,6,4,5,9,10,3],[4,0,1,3,2,3],[4,0,1,4,3,2,5,3],[4,0,1,4,2,5,3],[7,0,2,3,4,2],[7,0,1,2,3,4,3],[10,0,1,1],[2,0,1,3,4,6,5,3],[2,0,1,3,4,3],[8,0,2,3,4,5,8,9,6,7,2],[14,0,1,2,3,4,5,7],[15,0,1,2,3,4,5,6,5],[1,0,3,4,1,7,5,2,6,9,10,11,9],[1,0,3,4,1,7,5,2,9,8],[1,0,2,6,9,10,4],[1,8,0,3,4,1,6,9,10,7],[1,0,4,5,2,9,5],[1,8,0,5,2,9,10,5],[16,0,2],[18,0,1,1],[19,0,1,1],[20,0,1,2,3,4,5,6,7],[21,0,1,1],[22,0,1,2,3,2],[23,0,1,2,3,4,5,1],[24,0,1,2,2],[25,0,1,1],[26,1],[27,0,1],[28,1],[29,1],[30,0,1,1],[31,0,1,1],[32,0,1,2,3,4,5,6,6],[33,1],[6,0,6,2],[6,1,2,3,4,5,0,6,7,7],[6,1,2,3,4,5,0,6,8,7,7],[34,0,1,2,3,2],[35,0,1,2,3,4,5,6,4]],[[[{"name":"left","rect":{"x":30,"y":18,"width":40,"height":64},"offset":{"x":0,"y":0},"originalSize":{"width":100,"height":100},"rotated":false,"capInsets":[0,0,0,0],"vertices":{"rawPosition":[-20,-32,0,20,-32,0,-20,32,0,20,32,0],"indexes":[0,1,2,2,1,3],"uv":[30,82,70,82,30,18,70,18],"nuv":[0.3,0.18,0.7,0.18,0.3,0.82,0.7,0.82],"minPos":{"x":-20,"y":-32,"z":0},"maxPos":{"x":20,"y":32,"z":0}},"packable":true,"pixelsToUnit":100,"pivot":{"x":0.5,"y":0.5},"meshType":0}],[3],0,[0],[5],[7]],[[[14,"ListItem"],[15,"ListItem",33554432,[-8],[[27,-2,[0,"01RS2hdEBDrbTvdlBJbLvx"]],[1,-3,[0,"ff3fqVQmRFqZu/KQvkIZoD"],[5,400,100],[0,0.5,1]],[28,1,0,-4,[0,"72ax+5v5xESaQbvHYwfofA"],[4,4292269782],0],[30,1,-7,[0,"c5rQRZgNpP1afn//wxLTz2"],[[3,"dfb240gUk5FzLJW2+GbHJRv","loadScene",-6]],[4,4292269782],[4,4290032820],[4,4292269782],-5,1]],[10,"6e4WJ7XGRCyo48mAHkz4+4",null,null,null,-1,0],[1,0,-10,0]],[16,"ItemLabel",33554432,1,[[1,-9,[0,"79Qa86mjNG86fDm9RxWGQf"],[5,266.95,63],[0,0,0.5]],[32,"123123132131",0,40,50,-10,[0,"57JdXylopFU76RlgdEenKM"],[4,4278190080]],[33,13,20,246.52,18.5,18.5,133.48,30,1,-11,[0,"f9x7+sgjRGvIwLA91LwyYb"],1]],[10,"1bIDjSJBxE+KWnjPFqe0n8",null,null,null,1,0],[1,-180,-50,0]]],0,[0,10,1,0,0,1,0,0,1,0,0,1,0,2,1,0,11,1,0,0,1,0,-1,2,0,0,2,0,0,2,0,0,2,0,12,1,11],[0,0],[1,3],[0,0]],[[{"name":"right","rect":{"x":30,"y":18,"width":40,"height":64},"offset":{"x":0,"y":0},"originalSize":{"width":100,"height":100},"rotated":false,"capInsets":[0,0,0,0],"vertices":{"rawPosition":[-20,-32,0,20,-32,0,-20,32,0,20,32,0],"indexes":[0,1,2,2,1,3],"uv":[30,82,70,82,30,18,70,18],"nuv":[0.3,0.18,0.7,0.18,0.3,0.82,0.7,0.82],"minPos":{"x":-20,"y":-32,"z":0},"maxPos":{"x":20,"y":32,"z":0}},"packable":true,"pixelsToUnit":100,"pivot":{"x":0.5,"y":0.5},"meshType":0}],[3],0,[0],[5],[8]],[[[39,"test-list"],[8,"backRoot",262144,"e1VxOzSr5Je6cktRG5fwXQ",[-6,-7,-8,-9,-10],[[2,-1,[0,"0bhMhmDwtHO5JpY7jbWD5+"],[5,640,960]],[13,-3,[0,"1a7Z0qMCdF9ILkfCN1Sq2M"],-2],[40,-4,[0,"c2pnQofUNHT5QWIQjPHmoe"]],[11,45,-5.684341886080802e-14,-5.684341886080802e-14,-5,[0,"c1xYONt4JJ7rdLEI9QX3Rd"]]],[1,320,479.99999999999994,0]],[22,"ScrollView",33554432,[-15,-16],[[[2,-11,[0,"71kmounFRG/K27WWBbH2RB"],[5,460,760]],[9,1,0,-12,[0,"8ce2Xg/B9GhY0DNafD/vxa"],2],-13,[34,45,90,90,100,100,240,250,-14]],4,4,1,4]],[8,"Canvas",33554432,"87mG+d9c5DYJHFBOrkAdaW",[-21,2],[[2,-17,[0,"0dngp/9gNO34wUQjZfN/CX"],[5,640,960]],[13,-19,[0,"3f2oTdCepERZdpmIfLsrhd"],-18],[11,45,-5.684341886080802e-14,-5.684341886080802e-14,-20,[0,"e8a+bU/8dPDbbJguUzLdoF"]]],[1,320,479.99999999999994,0]],[23,"scrollBar",33554432,2,[-26],[[[1,-22,[0,"17lQPXOPpO0b6Z/3qQRAz3"],[5,12,760],[0,1,0.5]],[9,1,0,-23,[0,"9dLJe/n0BKVoGauB1wT/Tc"],0],[35,37,250,1,-24,[0,"88/VBmjEBOMLWb2cOiN0kU"]],-25],4,4,4,1],[1,230,0,0]],[17,"list",33554432,[[1,-27,[0,"99yn0cfL9MmZYfJbPmK9qL"],[5,460,760],[0,0.5,1]],[41,-28,1],[42,1,2,10,10,10,true,-29],[43,-30,2]],[1,0,380,0]],[4,"back",262144,1,[[5,"back<UITransform>",-31,[0,"7cJTMbMbJIDLzUGHDdYnDA"],[5,80,80]],[6,"back<Sprite>",1,0,-32,[0,"ecxY+iadVO2ZXTv2bg38YX"],3],[7,"back<Button>",3,-34,[0,"25K8nPoKhBsIkjCNeLjHff"],[[3,"b20edYWY5pMo6v9nvpXwDsb","backToList",1]],[4,4292269782],-33,4,5,6,7],[12,"back<Widget>",9,10,10,1,-35,[0,"670FyW6kxOSJD92bj3UiLC"]]],[1,-270,430,0]],[4,"PrevButton",262144,1,[[5,"back<UITransform>",-36,[0,"39/3uGP7JPi5JOyIvgEEqw"],[5,30,60]],[6,"back<Sprite>",1,0,-37,[0,"7efix9+NdPHrtVgdQeX7w/"],8],[7,"back<Button>",3,-39,[0,"78enSbR9dFSbd/mfy1PrUR"],[[3,"b20edYWY5pMo6v9nvpXwDsb","prescene",1]],[4,4292269782],-38,9,10,11,12],[12,"back<Widget>",8,30,290,1,-40,[0,"f5oucnvLROQpwxwKCDybh+"]]],[1,-275,0,0]],[4,"NextButton",262144,1,[[5,"back<UITransform>",-41,[0,"5c32Ghc4tGqq7fOpZiS1iR"],[5,30,60]],[6,"back<Sprite>",1,0,-42,[0,"0dgybCOtdKsKSImgQoXUiV"],13],[7,"back<Button>",3,-44,[0,"49dFE7UIRD+5Nc3HlxtAMQ"],[[3,"b20edYWY5pMo6v9nvpXwDsb","nextscene",1]],[4,4292269782],-43,14,15,16,17],[36,"back<Widget>",32,900,30,290,1,-45,[0,"85I+6Ko8FDwKVxnJoAIGx8"]]],[1,275,0,0]],[44,"test-list",[-46,-47,3,1],[31,null,null,"d282105e-d88e-4458-9f83-513400b9f2b1",null,null,null],[45,[46,0.78125,[2,0.2,0.5019607843137255,0.8,0.520833125],[2,0.2,0.5019607843137255,0.8,0.520833125]],[47,[4,4283190348],[0,512,512]],[48],[49,[4,4292993505]],[50],[51]]],[18,"view",33554432,2,[5],[[2,-48,[0,"adVJjE6iNG9YcIKwDKe/zq"],[5,450,760]],[52,-49,[0,"4eIg29oQZFVLk+NZnwDdlk"]],[37,45,10,460,760,-50]],[1,-5,0,0]],[19,"BlockInput",false,262144,1,[[2,-51,[0,"cb2bckyL5JuqfqcNKUziEH"],[5,960,640]],[53,-52,[0,"1cH5pLTp1LEZM44iBQtfMK"]],[38,"BlockInput<Widget>",45,960,640,-53,[0,"e5wPZPgltOcbOl84G4MIpE"]]]],[24,"bar",33554432,4,[[[1,-54,[0,"95oWyE8aJJxJ5UvVmOXyZU"],[5,10,156.25],[0,0,0]],-55],4,1],[1,-11,-31.25,0]],[20,"Main Light","c0y6F5f+pAvI805TdmxIjx",9,[[54,0.1,100,1,1,30,-56,[55]]],[3,-0.24999999999999997,-0.24999999999999997,-0.06698729810778066,0.9330127018922194],[1,-30,-30,0]],[21,"Main Camera","c9DMICJLFO5IeO07EPon7U",9,[[56,1822425087,-57]],[1,-10,10,10],[3,-0.27781593346944056,-0.36497167621709875,-0.11507512748638377,0.8811195706053617],[1,-35,-45,0]],[25,"Camera",3,[-58],[1,0,0,1000]],[57,0,1073741824,480,2000,6,41943040,15,[4,4278190080]],[29,1,0,12,[0,"02Vchn8fFF/77B+7pVCQuQ"]],[59,1,4,[0,"f4i77UV0dH4pcD0KQOXx7c"],17],[60,0.23,0.75,false,2,[0,"a8UaPDxYhIX5MrqvKGMJdR"],5,18],[26,"UICamera_backRoot",262144,1,[-59],[1,0,0,1000]],[58,0,1073741834,480,2000,0,42205184,20,[0,"28yBW5W3NAurEU6FcwOl1v"],[4,0]]],0,[0,0,1,0,9,21,0,0,1,0,0,1,0,0,1,0,-1,6,0,-2,7,0,-3,8,0,-4,11,0,-5,20,0,0,2,0,0,2,0,-3,19,0,0,2,0,-1,4,0,-2,10,0,0,3,0,9,16,0,0,3,0,0,3,0,-1,15,0,0,4,0,0,4,0,0,4,0,-4,18,0,-1,12,0,0,5,0,0,5,0,0,5,0,0,5,0,0,6,0,0,6,0,2,6,0,0,6,0,0,6,0,0,7,0,0,7,0,2,7,0,0,7,0,0,7,0,0,8,0,0,8,0,2,8,0,0,8,0,0,8,0,-1,13,0,-2,14,0,0,10,0,0,10,0,0,10,0,0,11,0,0,11,0,0,11,0,0,12,0,-2,17,0,0,13,0,0,14,0,-1,16,0,-1,21,0,13,9,1,4,9,2,4,3,3,4,9,5,4,10,18,14,19,59],[0,0,0,0,0,0,0,0,0,0,0,0,0,0,0,0,0,0,17],[1,15,1,1,3,6,7,8,1,3,6,7,8,1,3,6,7,8,1],[9,10,0,4,4,1,2,3,5,5,1,2,3,6,6,1,2,3,11]],[[{"name":"exitLeft","rect":{"x":18,"y":26,"width":62,"height":56},"offset":{"x":-1,"y":-4},"originalSize":{"width":100,"height":100},"rotated":false,"capInsets":[0,0,0,0],"vertices":{"rawPosition":[-31,-28,0,31,-28,0,-31,28,0,31,28,0],"indexes":[0,1,2,2,1,3],"uv":[18,74,80,74,18,18,80,18],"nuv":[0.18,0.18,0.8,0.18,0.18,0.74,0.8,0.74],"minPos":{"x":-31,"y":-28,"z":0},"maxPos":{"x":31,"y":28,"z":0}},"packable":true,"pixelsToUnit":100,"pivot":{"x":0.5,"y":0.5},"meshType":0}],[3],0,[0],[5],[12]]]]
