{"version":1,"document":[{"__type__":"cc.AnimationClip","_name":"sub_fold","_objFlags":0,"_native":"","sample":60,"speed":1,"wrapMode":1,"enableTrsBlending":false,"_duration":0.25,"_hash":500763545,"_tracks":[{"__id__":1}],"_exoticAnimation":null,"_events":[{"frame":0.25,"func":"onFinishAnim","params":[true]}],"_embeddedPlayers":[]},{"__type__":"cc.animation.RealTrack","_binding":{"__type__":"cc.animation.TrackBinding","path":{"__id__":2},"proxy":null},"_channel":{"__id__":5}},{"__type__":"cc.animation.TrackPath","_paths":[{"__id__":3},{"__id__":4},"bottom"]},{"__type__":"cc.animation.HierarchyPath","path":"/"},{"__type__":"cc.animation.ComponentPath","component":"cc.Widget"},{"__type__":"cc.animation.Channel","_curve":{"__id__":6}},{"__type__":"cc.RealCurve","bytes":{"__type__":"TypedArrayRef","ctor":"Uint8Array","offset":0,"length":30},"keyframeValueEditorExtras":[null,null]}],"chunks":[".bin"]}
