{"version":1,"document":[{"__type__":"cc.AnimationClip","_name":"menu_reset","_objFlags":0,"_native":"","sample":60,"speed":1,"wrapMode":0,"enableTrsBlending":false,"_duration":0,"_hash":500763545,"_tracks":[{"__id__":1},{"__id__":13},{"__id__":25},{"__id__":31},{"__id__":37}],"_exoticAnimation":null,"_events":[],"_embeddedPlayers":[]},{"__type__":"cc.animation.ColorTrack","_binding":{"__type__":"cc.animation.TrackBinding","path":{"__id__":2},"proxy":null},"_channels":[{"__id__":5},{"__id__":7},{"__id__":9},{"__id__":11}]},{"__type__":"cc.animation.TrackPath","_paths":[{"__id__":3},{"__id__":4},"color"]},{"__type__":"cc.animation.HierarchyPath","path":"mask"},{"__type__":"cc.animation.ComponentPath","component":"cc.Sprite"},{"__type__":"cc.animation.Channel","_curve":{"__id__":6}},{"__type__":"cc.RealCurve","bytes":{"__type__":"TypedArrayRef","ctor":"Uint8Array","offset":0,"length":18},"keyframeValueEditorExtras":[null]},{"__type__":"cc.animation.Channel","_curve":{"__id__":8}},{"__type__":"cc.RealCurve","bytes":{"__type__":"TypedArrayRef","ctor":"Uint8Array","offset":18,"length":18},"keyframeValueEditorExtras":[null]},{"__type__":"cc.animation.Channel","_curve":{"__id__":10}},{"__type__":"cc.RealCurve","bytes":{"__type__":"TypedArrayRef","ctor":"Uint8Array","offset":36,"length":18},"keyframeValueEditorExtras":[null]},{"__type__":"cc.animation.Channel","_curve":{"__id__":12}},{"__type__":"cc.RealCurve","bytes":{"__type__":"TypedArrayRef","ctor":"Uint8Array","offset":54,"length":18},"keyframeValueEditorExtras":[null]},{"__type__":"cc.animation.ColorTrack","_binding":{"__type__":"cc.animation.TrackBinding","path":{"__id__":14},"proxy":null},"_channels":[{"__id__":17},{"__id__":19},{"__id__":21},{"__id__":23}]},{"__type__":"cc.animation.TrackPath","_paths":[{"__id__":15},{"__id__":16},"color"]},{"__type__":"cc.animation.HierarchyPath","path":"loading"},{"__type__":"cc.animation.ComponentPath","component":"cc.Label"},{"__type__":"cc.animation.Channel","_curve":{"__id__":18}},{"__type__":"cc.RealCurve","bytes":{"__type__":"TypedArrayRef","ctor":"Uint8Array","offset":72,"length":18},"keyframeValueEditorExtras":[null]},{"__type__":"cc.animation.Channel","_curve":{"__id__":20}},{"__type__":"cc.RealCurve","bytes":{"__type__":"TypedArrayRef","ctor":"Uint8Array","offset":90,"length":18},"keyframeValueEditorExtras":[null]},{"__type__":"cc.animation.Channel","_curve":{"__id__":22}},{"__type__":"cc.RealCurve","bytes":{"__type__":"TypedArrayRef","ctor":"Uint8Array","offset":108,"length":18},"keyframeValueEditorExtras":[null]},{"__type__":"cc.animation.Channel","_curve":{"__id__":24}},{"__type__":"cc.RealCurve","bytes":{"__type__":"TypedArrayRef","ctor":"Uint8Array","offset":126,"length":18},"keyframeValueEditorExtras":[null]},{"__type__":"cc.animation.RealTrack","_binding":{"__type__":"cc.animation.TrackBinding","path":{"__id__":26},"proxy":null},"_channel":{"__id__":29}},{"__type__":"cc.animation.TrackPath","_paths":[{"__id__":27},{"__id__":28},"top"]},{"__type__":"cc.animation.HierarchyPath","path":"upper"},{"__type__":"cc.animation.ComponentPath","component":"cc.Widget"},{"__type__":"cc.animation.Channel","_curve":{"__id__":30}},{"__type__":"cc.RealCurve","bytes":{"__type__":"TypedArrayRef","ctor":"Uint8Array","offset":144,"length":18},"keyframeValueEditorExtras":[null]},{"__type__":"cc.animation.RealTrack","_binding":{"__type__":"cc.animation.TrackBinding","path":{"__id__":32},"proxy":null},"_channel":{"__id__":35}},{"__type__":"cc.animation.TrackPath","_paths":[{"__id__":33},{"__id__":34},"bottom"]},{"__type__":"cc.animation.HierarchyPath","path":"lower"},{"__type__":"cc.animation.ComponentPath","component":"cc.Widget"},{"__type__":"cc.animation.Channel","_curve":{"__id__":36}},{"__type__":"cc.RealCurve","bytes":{"__type__":"TypedArrayRef","ctor":"Uint8Array","offset":162,"length":18},"keyframeValueEditorExtras":[null]},{"__type__":"cc.animation.ColorTrack","_binding":{"__type__":"cc.animation.TrackBinding","path":{"__id__":38},"proxy":null},"_channels":[{"__id__":41},{"__id__":43},{"__id__":45},{"__id__":47}]},{"__type__":"cc.animation.TrackPath","_paths":[{"__id__":39},{"__id__":40},"color"]},{"__type__":"cc.animation.HierarchyPath","path":"background"},{"__type__":"cc.animation.ComponentPath","component":"cc.Sprite"},{"__type__":"cc.animation.Channel","_curve":{"__id__":42}},{"__type__":"cc.RealCurve","bytes":{"__type__":"TypedArrayRef","ctor":"Uint8Array","offset":180,"length":18},"keyframeValueEditorExtras":[null]},{"__type__":"cc.animation.Channel","_curve":{"__id__":44}},{"__type__":"cc.RealCurve","bytes":{"__type__":"TypedArrayRef","ctor":"Uint8Array","offset":198,"length":18},"keyframeValueEditorExtras":[null]},{"__type__":"cc.animation.Channel","_curve":{"__id__":46}},{"__type__":"cc.RealCurve","bytes":{"__type__":"TypedArrayRef","ctor":"Uint8Array","offset":216,"length":18},"keyframeValueEditorExtras":[null]},{"__type__":"cc.animation.Channel","_curve":{"__id__":48}},{"__type__":"cc.RealCurve","bytes":{"__type__":"TypedArrayRef","ctor":"Uint8Array","offset":234,"length":18},"keyframeValueEditorExtras":[null]}],"chunks":[".bin"]}
