[1,["dd9N+Pi0JFhYUOIt2o33HH","18mvxs1eRN/KTx21xnuDax@2cd14","18mvxs1eRN/KTx21xnuDax@84b35","18mvxs1eRN/KTx21xnuDax@b904a","51dcjlspBLZ7uBGeitJeT/@6c48a","a3zQCfCrBCDZJ4uf2rk5u8"],["node","_mesh","root","data","mainTexture","_effectAsset"],[["cc.Node",["_name","_active","_prefab","_parent","_components","_lpos","_children","_lscale"],1,4,1,9,5,2,5],["cc.Mesh",["_native","_hash","_struct"],1,11],["cc.Prefab",["_name"],2],["cc.PrefabInfo",["fileId","instance","targetOverrides","nestedPrefabInstanceRoots","root","asset"],-1,1,1],["cc.MeshRenderer",["node","__prefab","_materials","bakeSettings","_mesh"],3,1,4,3,4,6],["cc.CompPrefabInfo",["fileId"],2],["cc.ModelBakeSettings",[],3],["cc.Material",["_name","_states","_defines","_props"],0,12]],[[3,0,1,2,3,4,5,5],[1,0,1,2,3],[4,0,1,2,3,4,1],[5,0,2],[6,1],[0,0,1,3,4,2,5,3],[2,0,2],[0,0,6,2,7,2],[0,0,3,4,2,5,2],[7,0,1,2,3,4]],[[[[1,".bin",1798404775,[{"primitives":[{"primitiveMode":7,"vertexBundelIndices":[0],"indexView":{"offset":17792,"length":2688,"count":1344,"stride":2}}],"vertexBundles":[{"view":{"offset":0,"length":17792,"count":278,"stride":64},"attributes":[{"name":"a_position","format":32,"isNormalized":false},{"name":"a_normal","format":32,"isNormalized":false},{"name":"a_texCoord","format":21,"isNormalized":false},{"name":"a_tangent","format":44,"isNormalized":false},{"name":"a_color","format":44,"isNormalized":false}]}]},"minPosition",8,[1,-0.00039010393084026873,-0.012600108981132507,-0.012007268145680428],"maxPosition",8,[1,0.05200682953000069,0.027408283203840256,0.012153303250670433]]],-1],0,0,[],[],[]],[[[1,".bin",899803406,[{"primitives":[{"primitiveMode":7,"vertexBundelIndices":[0],"indexView":{"offset":28032,"length":4512,"count":2256,"stride":2}}],"vertexBundles":[{"view":{"offset":0,"length":28032,"count":438,"stride":64},"attributes":[{"name":"a_position","format":32,"isNormalized":false},{"name":"a_normal","format":32,"isNormalized":false},{"name":"a_texCoord","format":21,"isNormalized":false},{"name":"a_tangent","format":44,"isNormalized":false},{"name":"a_color","format":44,"isNormalized":false}]}]},"minPosition",8,[1,-0.04691436514258385,-0.012600108981132507,-0.012007268145680428],"maxPosition",8,[1,0.05200682953000069,0.027408283203840256,0.012153303250670433]]],-1],0,0,[],[],[]],[[[1,".bin",925452007,[{"primitives":[{"primitiveMode":7,"vertexBundelIndices":[0],"indexView":{"offset":13504,"length":2016,"count":1008,"stride":2}}],"vertexBundles":[{"view":{"offset":0,"length":13504,"count":211,"stride":64},"attributes":[{"name":"a_position","format":32,"isNormalized":false},{"name":"a_normal","format":32,"isNormalized":false},{"name":"a_texCoord","format":21,"isNormalized":false},{"name":"a_tangent","format":44,"isNormalized":false},{"name":"a_color","format":44,"isNormalized":false}]}]},"minPosition",8,[1,-0.04691436514258385,-0.012600111775100231,-0.012007268145680428],"maxPosition",8,[1,0.00006867616320960224,0.019046572968363762,0.012153303250670433]]],-1],0,0,[],[],[]],[[[6,"banana"],[7,"banana",[-2,-3,-4],[0,"16OBo99Z5euZlDtLLBPWxx",null,null,null,-1,0],[1,6,6,6]],[5,"banana02",false,1,[[2,-5,[3,"cf+ncOAWtRjZ5pMeq14EZW"],[0],[4],1]],[0,"5ftn4o97ZY0YRfu5nh2+Zn",null,null,null,1,0],[1,0,0.007995598949491978,0]],[8,"banana",1,[[2,-6,[3,"9frbuO6GlaW6Ceb3wy4bFO"],[2],[4],3]],[0,"18K+wQvk1Q450l0xr15Irx",null,null,null,1,0],[1,0,0.007995598949491978,0]],[5,"banana01",false,1,[[2,-7,[3,"eapGF5khZUrZYPp3uzLyy2"],[4],[4],5]],[0,"e6cCzuXztTcqSD2dvioOvY",null,null,null,1,0],[1,0,0.007995598949491978,0]]],0,[0,2,1,0,-1,2,0,-2,3,0,-3,4,0,0,2,0,0,3,0,0,4,0,3,1,7],[0,0,0,0,0,0],[-1,1,-1,1,-1,1],[0,1,0,2,0,3]],[[[9,"banana",[{"rasterizerState":{},"depthStencilState":{},"blendState":{"targets":[{}]}}],[{"USE_TEXTURE":true}],[[[{},"mainTexture",6,0]],11]]],0,0,[0,0],[4,5],[4,5]]]]
