[1,["19UQ5aZ15Csr7VYiZu2kF7@6c48a","25h9W+0lxPRp5+EnDq6EQn@f9941","fbtc95DOZKA5OBL2UQV0FV@f9941","25h9W+0lxPRp5+EnDq6EQn@6c48a","41oF+TEYpAcJ+L64HZ5wM0@6c48a","b7MFJ8MjNBwqr3fNq1j5dJ@f9941","19UQ5aZ15Csr7VYiZu2kF7@f9941","d4733GKxlOma0Jf2xocNWC@f9941","41oF+TEYpAcJ+L64HZ5wM0@f9941","21JdfvsitHKpt1lhQVbict","b7MFJ8MjNBwqr3fNq1j5dJ@6c48a","d4733GKxlOma0Jf2xocNWC@6c48a","fbtc95DOZKA5OBL2UQV0FV@6c48a"],["node","_textureSource","_spriteFrame","iconSF","root","itemPrice","itemName","icon","data","_cameraComponent","scene","_parent","itemPrefab"],["cc.SpriteFrame",["cc.Node",["_name","_layer","_id","_components","_children","_prefab","_parent","_lpos"],0,9,2,4,1,5],["cc.Sprite",["_type","_sizeMode","node","__prefab","_spriteFrame"],1,1,4,6],["cc.Node",["_name","_layer","_parent","_components","_prefab","_lpos"],1,1,12,4,5],["cc.UITransform",["node","_contentSize","__prefab"],3,1,5,4],["cc.Widget",["_alignFlags","_top","_alignMode","node","__prefab"],0,1,4],["cc.Label",["_string","_actualFontSize","_fontSize","_lineHeight","node","__prefab","_color"],-1,1,4,5],["Item",["itemName","itemPrice","id","iconSF"],0,6],["cc.Prefab",["_name"],2],["cc.Node",["_name","_layer","_parent","_components"],1,1,2],["cc.CompPrefabInfo",["fileId"],2],["34f7edJRM5MK6CXDaDOxmg0",["node","__prefab","icon","itemName","itemPrice"],3,1,4,1,1,1],["cc.PrefabInfo",["fileId","instance","targetOverrides","nestedPrefabInstanceRoots","root","asset"],-1,1,1],["cc.PrefabInfo",["root","asset","fileId","instance","targetOverrides","nestedPrefabInstanceRoots"],-3],["cc.SceneAsset",["_name"],2],["cc.Canvas",["node","_cameraComponent"],3,1,1],["cc.Layout",["_resizeMode","_layoutType","_spacingX","node"],0,1],["65624vpQr9Gw44FPeQEHWhM",["node","items","itemPrefab"],3,1,9,6],["cc.Scene",["_children","_prefab","_globals"],3,2,4,4],["cc.SceneGlobals",["ambient","shadows","_skybox","fog","octree","lightProbeInfo"],3,4,4,4,4,4,4],["cc.AmbientInfo",["_skyIllumLDR","_skyColorHDR","_skyColorLDR"],2,5,5],["cc.ShadowsInfo",[],3],["cc.SkyboxInfo",[],3],["cc.FogInfo",[],3],["cc.OctreeInfo",[],3],["cc.LightProbeInfo",[],3],["cc.Camera",["_projection","_priority","_far","_visibility","node","_color"],-1,1,5]],[[10,0,2],[4,0,2,1,1],[12,0,1,2,3,4,5,5],[3,0,1,2,3,4,5,3],[4,0,1,1],[5,0,1,2,3,4,4],[7,2,0,1,3,4],[8,0,2],[1,0,1,4,3,5,3],[1,0,1,6,3,5,3],[1,0,1,2,4,3,7,4],[1,0,1,6,3,3],[3,0,1,2,3,4,3],[9,0,1,2,3,3],[11,0,1,2,3,4,1],[13,0,1,2,3,4,5,7],[5,0,3,2],[2,2,3,4,1],[2,2,3,1],[2,0,1,2,4,3],[6,0,1,2,3,4,5,5],[6,0,1,2,3,4,5,6,5],[14,0,2],[15,0,1,1],[16,0,1,2,3,4],[17,0,1,2,1],[7,0,1,3,3],[18,0,1,2,1],[19,0,1,2,3,4,5,1],[20,0,1,2,2],[21,1],[22,1],[23,1],[24,1],[25,1],[26,0,1,2,3,4,5,5]],[[[{"name":"ic_captain_jack","rect":{"x":29,"y":33,"width":111,"height":96},"offset":{"x":9.5,"y":-6},"originalSize":{"width":150,"height":150},"rotated":false,"capInsets":[0,0,0,0],"vertices":{"rawPosition":[-55.5,-48,0,55.5,-48,0,-55.5,48,0,55.5,48,0],"indexes":[0,1,2,2,1,3],"uv":[29,117,140,117,29,21,140,21],"nuv":[0.19333333333333333,0.14,0.9333333333333333,0.14,0.19333333333333333,0.78,0.9333333333333333,0.78],"minPos":{"x":-55.5,"y":-48,"z":0},"maxPos":{"x":55.5,"y":48,"z":0}},"packable":true,"pixelsToUnit":100,"pivot":{"x":0.5,"y":0.5},"meshType":0}],[0],0,[0],[1],[0]],[[[7,"item"],[8,"item",1082130432,[-7,-8,-9,-10],[[1,-2,[0,"61ErzJKqpP+4dIh6A3OLZe"],[5,95,122]],[14,-6,[0,"4ay8g09YVPOr5ewF/lNPLK"],-5,-4,-3]],[2,"3c6/zwgrNB4Zs9VR0NIvk5",null,null,null,-1,0]],[3,"name",1082130432,1,[[[1,-11,[0,"e70GDJhXxN7YapW5z9t0Pp"],[5,63.35,12]],-12,[5,1,97.1,1,-13,[0,"0a53svK6BNyp2oqeNspaQh"]]],4,1,4],[2,"19YaqEC8BBBJvqYbyW/MGF",null,null,null,1,0],[1,0,-42.099999999999994,0]],[3,"price",1082130432,1,[[[1,-14,[0,"b6O8rRdKRCOYlKs5NzLxKW"],[5,50.05,20]],-15,[5,1,122.7,1,-16,[0,"a35SUaK/5IaI3XqSKPQm2+"]]],4,1,4],[2,"3bUO4ZVORG/oc9BrkHoPCi",null,null,null,1,0],[1,0,-71.7,0]],[9,"bg",1082130432,1,[[1,-17,[0,"efHlu3pW1HwLQqCKLWGVQK"],[5,93,121]],[17,-18,[0,"63yOJteqpOIajyvgG7MlJp"],0]],[2,"5dCEGIMp1P/aPcjKWpHv4C",null,null,null,1,0]],[12,"icon",1082130432,1,[[[1,-19,[0,"beugrdxWJNF5HdU3C7EFxk"],[5,36,36]],-20],4,1],[2,"7e4LkbbjVMPrXhqFn39VB/",null,null,null,1,0]],[18,5,[0,"09EOIXmbRMiLkMkEtZK8SG"]],[20,"Power Gem",12,12,12,2,[0,"d929wOyFtKIKjb80JUgDuu"]],[21,"$ 200",20,20,20,3,[0,"53rJWVNoVCpaSG/PMNQydu"],[4,4283742463]]],0,[0,4,1,0,0,1,0,5,8,0,6,7,0,7,6,0,0,1,0,-1,4,0,-2,5,0,-3,2,0,-4,3,0,0,2,0,-2,7,0,0,2,0,0,3,0,-2,8,0,0,3,0,0,4,0,0,4,0,0,5,0,-2,6,0,8,1,20],[0,6],[2,2],[1,2]],[[{"name":"rare1","rect":{"x":0,"y":3,"width":93,"height":121},"offset":{"x":0,"y":-1},"originalSize":{"width":93,"height":125},"rotated":false,"capInsets":[0,0,0,0],"vertices":{"rawPosition":[-46.5,-60.5,0,46.5,-60.5,0,-46.5,60.5,0,46.5,60.5,0],"indexes":[0,1,2,2,1,3],"uv":[0,122,93,122,0,1,93,1],"nuv":[0,0.008,1,0.008,0,0.976,1,0.976],"minPos":{"x":-46.5,"y":-60.5,"z":0},"maxPos":{"x":46.5,"y":60.5,"z":0}},"packable":true,"pixelsToUnit":100,"pivot":{"x":0.5,"y":0.5},"meshType":0}],[0],0,[0],[1],[3]],[[{"name":"ic_mermaid","rect":{"x":33,"y":35,"width":92,"height":96},"offset":{"x":4,"y":-8},"originalSize":{"width":150,"height":150},"rotated":false,"capInsets":[0,0,0,0],"vertices":{"rawPosition":[-46,-48,0,46,-48,0,-46,48,0,46,48,0],"indexes":[0,1,2,2,1,3],"uv":[33,115,125,115,33,19,125,19],"nuv":[0.22,0.12666666666666668,0.8333333333333334,0.12666666666666668,0.22,0.7666666666666667,0.8333333333333334,0.7666666666666667],"minPos":{"x":-46,"y":-48,"z":0},"maxPos":{"x":46,"y":48,"z":0}},"packable":true,"pixelsToUnit":100,"pivot":{"x":0.5,"y":0.5},"meshType":0}],[0],0,[0],[1],[4]],[[[22,"list-with-data"],[10,"Canvas",524288,"e6eHhArzZFh6Lrk2xslte9",[-5,-6],[[4,-1,[5,640,960]],[23,-3,-2],[16,45,-4]],[1,320,480,1]],[11,"itemList",524288,1,[[4,-7,[5,300,200]],[19,1,0,-8,0],[24,1,3,10,-9],[25,-10,[[26,"itemA",100,1],[6,1,"itemB",200,2],[6,2,"itemC",300,3]],4]]],[27,[1],[15,null,null,"8c6b0112-f426-4ad0-b99f-46b1a0a06111",null,null,null],[28,[29,0.78125,[2,0.2,0.5019607843137255,0.8,0.520833125],[2,0.2,0.5019607843137255,0.8,0.520833125]],[30],[31],[32],[33],[34]]],[13,"UICamera_Canvas",524288,1,[-11]],[35,0,1073741824,2000,42467328,4,[4,0]]],0,[0,0,1,0,9,5,0,0,1,0,0,1,0,-1,2,0,-2,4,0,0,2,0,0,2,0,0,2,0,0,2,0,-1,5,0,10,3,1,11,3,11],[0,0,0,0,0],[2,3,3,3,12],[5,6,7,8,9]],[[{"name":"default_panel","rect":{"x":0,"y":0,"width":20,"height":20},"offset":{"x":0,"y":0},"originalSize":{"width":20,"height":20},"rotated":false,"capInsets":[8,8,8,8],"vertices":{"rawPosition":[-10,-10,0,10,-10,0,-10,10,0,10,10,0],"indexes":[0,1,2,2,1,3],"uv":[0,20,20,20,0,0,20,0],"nuv":[0,0,1,0,0,1,1,1],"minPos":{"x":-10,"y":-10,"z":0},"maxPos":{"x":10,"y":10,"z":0}},"packable":true,"pixelsToUnit":100,"pivot":{"x":0.5,"y":0.5},"meshType":0}],[0],0,[0],[1],[10]],[[{"name":"ic_drakan","rect":{"x":29,"y":33,"width":94,"height":94},"offset":{"x":1,"y":-5},"originalSize":{"width":150,"height":150},"rotated":false,"capInsets":[0,0,0,0],"vertices":{"rawPosition":[-47,-47,0,47,-47,0,-47,47,0,47,47,0],"indexes":[0,1,2,2,1,3],"uv":[29,117,123,117,29,23,123,23],"nuv":[0.19333333333333333,0.15333333333333332,0.82,0.15333333333333332,0.19333333333333333,0.78,0.82,0.78],"minPos":{"x":-47,"y":-47,"z":0},"maxPos":{"x":47,"y":47,"z":0}},"packable":true,"pixelsToUnit":100,"pivot":{"x":0.5,"y":0.5},"meshType":0}],[0],0,[0],[1],[11]],[[{"name":"icon_crystal","rect":{"x":0,"y":0,"width":36,"height":36},"offset":{"x":0,"y":0},"originalSize":{"width":36,"height":36},"rotated":false,"capInsets":[0,0,0,0],"vertices":{"rawPosition":[-18,-18,0,18,-18,0,-18,18,0,18,18,0],"indexes":[0,1,2,2,1,3],"uv":[0,36,36,36,0,0,36,0],"nuv":[0,0,1,0,0,1,1,1],"minPos":{"x":-18,"y":-18,"z":0},"maxPos":{"x":18,"y":18,"z":0}},"packable":true,"pixelsToUnit":100,"pivot":{"x":0.5,"y":0.5},"meshType":0}],[0],0,[0],[1],[12]]]]
