{"version":1,"document":[{"__type__":"cc.AnimationClip","_name":"shop_intro","_objFlags":0,"_native":"","sample":60,"speed":1,"wrapMode":0,"enableTrsBlending":false,"_duration":0.9166666666666666,"_hash":500763545,"_tracks":[{"__id__":1},{"__id__":13},{"__id__":24},{"__id__":35},{"__id__":41}],"_exoticAnimation":null,"_events":[{"frame":0.9166666666666666,"func":"onFinishShow","params":[]}],"_embeddedPlayers":[]},{"__type__":"cc.animation.ColorTrack","_binding":{"__type__":"cc.animation.TrackBinding","path":{"__id__":2},"proxy":null},"_channels":[{"__id__":5},{"__id__":7},{"__id__":9},{"__id__":11}]},{"__type__":"cc.animation.TrackPath","_paths":[{"__id__":3},{"__id__":4},"color"]},{"__type__":"cc.animation.HierarchyPath","path":"mask"},{"__type__":"cc.animation.ComponentPath","component":"cc.Sprite"},{"__type__":"cc.animation.Channel","_curve":{"__id__":6}},{"__type__":"cc.RealCurve","bytes":{"__type__":"TypedArrayRef","ctor":"Uint8Array","offset":0,"length":30},"keyframeValueEditorExtras":[null,null]},{"__type__":"cc.animation.Channel","_curve":{"__id__":8}},{"__type__":"cc.RealCurve","bytes":{"__type__":"TypedArrayRef","ctor":"Uint8Array","offset":30,"length":30},"keyframeValueEditorExtras":[null,null]},{"__type__":"cc.animation.Channel","_curve":{"__id__":10}},{"__type__":"cc.RealCurve","bytes":{"__type__":"TypedArrayRef","ctor":"Uint8Array","offset":60,"length":30},"keyframeValueEditorExtras":[null,null]},{"__type__":"cc.animation.Channel","_curve":{"__id__":12}},{"__type__":"cc.RealCurve","bytes":{"__type__":"TypedArrayRef","ctor":"Uint8Array","offset":90,"length":30},"keyframeValueEditorExtras":[null,null]},{"__type__":"cc.animation.VectorTrack","_binding":{"__type__":"cc.animation.TrackBinding","path":{"__id__":14},"proxy":null},"_channels":[{"__id__":16},{"__id__":18},{"__id__":20},{"__id__":22}],"_nComponents":3},{"__type__":"cc.animation.TrackPath","_paths":[{"__id__":15},"position"]},{"__type__":"cc.animation.HierarchyPath","path":"shop_figure"},{"__type__":"cc.animation.Channel","_curve":{"__id__":17}},{"__type__":"cc.RealCurve","bytes":{"__type__":"TypedArrayRef","ctor":"Uint8Array","offset":120,"length":49},"keyframeValueEditorExtras":[null,null]},{"__type__":"cc.animation.Channel","_curve":{"__id__":19}},{"__type__":"cc.RealCurve","bytes":{"__type__":"TypedArrayRef","ctor":"Uint8Array","offset":169,"length":41},"keyframeValueEditorExtras":[null,null]},{"__type__":"cc.animation.Channel","_curve":{"__id__":21}},{"__type__":"cc.RealCurve","bytes":{"__type__":"TypedArrayRef","ctor":"Uint8Array","offset":210,"length":41},"keyframeValueEditorExtras":[null,null]},{"__type__":"cc.animation.Channel","_curve":{"__id__":23}},{"__type__":"cc.RealCurve","bytes":{"__type__":"TypedArrayRef","ctor":"Uint8Array","offset":251,"length":6}},{"__type__":"cc.animation.VectorTrack","_binding":{"__type__":"cc.animation.TrackBinding","path":{"__id__":25},"proxy":null},"_channels":[{"__id__":27},{"__id__":29},{"__id__":31},{"__id__":33}],"_nComponents":3},{"__type__":"cc.animation.TrackPath","_paths":[{"__id__":26},"scale"]},{"__type__":"cc.animation.HierarchyPath","path":"shop_menu"},{"__type__":"cc.animation.Channel","_curve":{"__id__":28}},{"__type__":"cc.RealCurve","bytes":{"__type__":"TypedArrayRef","ctor":"Uint8Array","offset":257,"length":63},"keyframeValueEditorExtras":[null,null,null]},{"__type__":"cc.animation.Channel","_curve":{"__id__":30}},{"__type__":"cc.RealCurve","bytes":{"__type__":"TypedArrayRef","ctor":"Uint8Array","offset":320,"length":79},"keyframeValueEditorExtras":[null,null,null]},{"__type__":"cc.animation.Channel","_curve":{"__id__":32}},{"__type__":"cc.RealCurve","bytes":{"__type__":"TypedArrayRef","ctor":"Uint8Array","offset":399,"length":63},"keyframeValueEditorExtras":[null,null,null]},{"__type__":"cc.animation.Channel","_curve":{"__id__":34}},{"__type__":"cc.RealCurve","bytes":{"__type__":"TypedArrayRef","ctor":"Uint8Array","offset":462,"length":6}},{"__type__":"cc.animation.RealTrack","_binding":{"__type__":"cc.animation.TrackBinding","path":{"__id__":36},"proxy":null},"_channel":{"__id__":39}},{"__type__":"cc.animation.TrackPath","_paths":[{"__id__":37},{"__id__":38},"top"]},{"__type__":"cc.animation.HierarchyPath","path":"shop_menu"},{"__type__":"cc.animation.ComponentPath","component":"cc.Widget"},{"__type__":"cc.animation.Channel","_curve":{"__id__":40}},{"__type__":"cc.RealCurve","bytes":{"__type__":"TypedArrayRef","ctor":"Uint8Array","offset":468,"length":30},"keyframeValueEditorExtras":[null,null]},{"__type__":"cc.animation.RealTrack","_binding":{"__type__":"cc.animation.TrackBinding","path":{"__id__":42},"proxy":null},"_channel":{"__id__":45}},{"__type__":"cc.animation.TrackPath","_paths":[{"__id__":43},{"__id__":44},"bottom"]},{"__type__":"cc.animation.HierarchyPath","path":"bot_frame"},{"__type__":"cc.animation.ComponentPath","component":"cc.Widget"},{"__type__":"cc.animation.Channel","_curve":{"__id__":46}},{"__type__":"cc.RealCurve","bytes":{"__type__":"TypedArrayRef","ctor":"Uint8Array","offset":498,"length":42},"keyframeValueEditorExtras":[null,null,null]}],"chunks":[".bin"]}
