[1,["29IZ2aGAhLrb3h78wnTxox@6c48a"],["_textureSource"],["cc.SpriteFrame"],0,[{"name":"car115","rect":{"x":1,"y":33,"width":158,"height":112},"offset":{"x":0,"y":-9},"originalSize":{"width":160,"height":160},"rotated":false,"capInsets":[0,0,0,0],"vertices":{"rawPosition":[-79,-56,0,79,-56,0,-79,56,0,79,56,0],"indexes":[0,1,2,2,1,3],"uv":[1,127,159,127,1,15,159,15],"nuv":[0.00625,0.09375,0.99375,0.09375,0.00625,0.79375,0.99375,0.79375],"minPos":{"x":-79,"y":-56,"z":0},"maxPos":{"x":79,"y":56,"z":0}},"packable":true,"pixelsToUnit":100,"pivot":{"x":0.5,"y":0.5},"meshType":0}],[0],0,[0],[0],[0]]
