{"importBase":"import","nativeBase":"native","name":"main","deps":["internal"],"uuids":["011b2c0d4","54AgfrJPVBmJ5zCFSv8S7Y","02bEoV4H1AU4ben5/jAYjl","02bEoV4H1AU4ben5/jAYjl@6c48a","03+wHB/rFKYYZu5T6eMyq/","03+wHB/rFKYYZu5T6eMyq/@6c48a","03+wHB/rFKYYZu5T6eMyq/@f9941","0715c78bd","08d84473a","0abc974dc","0cb0WVRpZHQJpB05qvwnNK","0d5620352","8cawES9CZK0LmfRrGgoGER","b5ngdh6gRKeLfAFnIhnH8Y","baIUdvKGZPgZxNbjWTFuRI","d2ghBe2I5EWJ+DUTQAufKx","0daOEVeZtPxKgJ0tsm76YT","0daOEVeZtPxKgJ0tsm76YT@6c48a","0daOEVeZtPxKgJ0tsm76YT@f9941","0eGwHSAmlChpVBQo/ZvEe/","0eGwHSAmlChpVBQo/ZvEe/@6c48a","0eGwHSAmlChpVBQo/ZvEe/@f9941","0eRt9dqbpHbZXG1dyoxoQ/","0eRt9dqbpHbZXG1dyoxoQ/@6c48a","0eRt9dqbpHbZXG1dyoxoQ/@f9941","0f29cacea","12Y9dMgWdJKJGmTiZyQR9H@2e76e","14IieDNr9LRJ/gL2XT4gBn","14IieDNr9LRJ/gL2XT4gBn@6c48a","14IieDNr9LRJ/gL2XT4gBn@f9941","14cvMSlnFJlqA2NMPzwb1B","15JrabkcZGwrQWiv0XGsvi","15JrabkcZGwrQWiv0XGsvi@6c48a","15JrabkcZGwrQWiv0XGsvi@f9941","15ixPDTw1IE5wzu8e+DKP5","15ixPDTw1IE5wzu8e+DKP5@6c48a","15ixPDTw1IE5wzu8e+DKP5@f9941","18JHC/JbhJ9YlrCJARk+tW","18JHC/JbhJ9YlrCJARk+tW@6c48a","18JHC/JbhJ9YlrCJARk+tW@f9941","19F0RUlJtKCbscW1N2UL61","19F0RUlJtKCbscW1N2UL61@6c48a","19F0RUlJtKCbscW1N2UL61@f9941","19UQ5aZ15Csr7VYiZu2kF7","19UQ5aZ15Csr7VYiZu2kF7@6c48a","19UQ5aZ15Csr7VYiZu2kF7@f9941","19gZFizj9PfIiJiy81vydM","19gZFizj9PfIiJiy81vydM@6c48a","1bX5DgiURICZdheLjYNyYW","1bX5DgiURICZdheLjYNyYW@6c48a","1bX5DgiURICZdheLjYNyYW@f9941","1brw/JvvpFnIvdrxpFCgMZ","1c60ceAHZLn6Dqbpowfj6b","1c60ceAHZLn6Dqbpowfj6b@6c48a","1c60ceAHZLn6Dqbpowfj6b@f9941","1c9zKTPhBJwb+hWdqq29GL@b452c","1eeVRGHctBOrfjx3wilJoX","1eeVRGHctBOrfjx3wilJoX@6c48a","1eeVRGHctBOrfjx3wilJoX@f9941","20g1ukYUVPvKWKBRznAKo+","20g1ukYUVPvKWKBRznAKo+@6c48a","20g1ukYUVPvKWKBRznAKo+@f9941","2056wdhlZADJdfCpd+O52l","2056wdhlZADJdfCpd+O52l@6c48a","2056wdhlZADJdfCpd+O52l@f9941","21JdfvsitHKpt1lhQVbict","212jWhr3hExpNqcZOfxEF3","212jWhr3hExpNqcZOfxEF3@6c48a","212jWhr3hExpNqcZOfxEF3@f9941","25h9W+0lxPRp5+EnDq6EQn","25h9W+0lxPRp5+EnDq6EQn@6c48a","25h9W+0lxPRp5+EnDq6EQn@f9941","27bFM/8Z5B+Zv92Yx7qOIf","27bFM/8Z5B+Zv92Yx7qOIf@6c48a","27bFM/8Z5B+Zv92Yx7qOIf@f9941","27chMo7S1Ba5pmNFASz/TL","27chMo7S1Ba5pmNFASz/TL@6c48a","27chMo7S1Ba5pmNFASz/TL@f9941","27rEEsnvpOrY4s/mUzx4eP@96245","28pz1lCZlCOrwydpmw/9VE","28pz1lCZlCOrwydpmw/9VE@6c48a","28pz1lCZlCOrwydpmw/9VE@f9941","2cy/QXLWJKHZEHYw9brby2","2cy/QXLWJKHZEHYw9brby2@6c48a","2cy/QXLWJKHZEHYw9brby2@f9941","2eKVxG9ytMmYoPQyNnGBGj","2eKVxG9ytMmYoPQyNnGBGj@6c48a","2eKVxG9ytMmYoPQyNnGBGj@f9941","30Cx9pws9AqKFcax97HWfw","30Cx9pws9AqKFcax97HWfw@6c48a","30Cx9pws9AqKFcax97HWfw@f9941","37LvwjW+VPiqRcON1lpg+E","37LvwjW+VPiqRcON1lpg+E@6c48a","37LvwjW+VPiqRcON1lpg+E@f9941","38nGNkcPFMXI9fJvNZ9bz3","38nGNkcPFMXI9fJvNZ9bz3@6c48a","38nGNkcPFMXI9fJvNZ9bz3@f9941","39wB2fT6JPkK1QyPTDXMXm","39wB2fT6JPkK1QyPTDXMXm@6c48a","3a+b4vk9JBoLe3PMAwVLNK","3a+b4vk9JBoLe3PMAwVLNK@6c48a","3bagv1TAVFfpkocC4+hdC2","3bagv1TAVFfpkocC4+hdC2@6c48a","3bagv1TAVFfpkocC4+hdC2@f9941","3b8kKElPJF8ZhHyHvvS1ki","3b8kKElPJF8ZhHyHvvS1ki@6c48a","3b8kKElPJF8ZhHyHvvS1ki@f9941","41oF+TEYpAcJ+L64HZ5wM0","41oF+TEYpAcJ+L64HZ5wM0@6c48a","41oF+TEYpAcJ+L64HZ5wM0@f9941","42SOhw4TdMK4ykuLhxKBy7","42SOhw4TdMK4ykuLhxKBy7@6c48a","42SOhw4TdMK4ykuLhxKBy7@f9941","42bw2WdUVDEoCL0iHueEv5","42bw2WdUVDEoCL0iHueEv5@6c48a","42bw2WdUVDEoCL0iHueEv5@f9941","42pUve0FRMSYkm8FMJDmnF","42pUve0FRMSYkm8FMJDmnF@6c48a","42pUve0FRMSYkm8FMJDmnF@f9941","44GmRzoDBIDrEAL1fH2Q5U","44GmRzoDBIDrEAL1fH2Q5U@6c48a","44GmRzoDBIDrEAL1fH2Q5U@f9941","44XV2dxWtFKLyQyEc1fl2U@ab65f","46s4s47htOk7+5UhgYr90H","46s4s47htOk7+5UhgYr90H@6c48a","46s4s47htOk7+5UhgYr90H@f9941","47GMWTU2hPob2HmUleN0Ki","47GMWTU2hPob2HmUleN0Ki@6c48a","47GMWTU2hPob2HmUleN0Ki@f9941","4ayFrqYNhPeJswa4xifxO5","4ayFrqYNhPeJswa4xifxO5@6c48a","4ayFrqYNhPeJswa4xifxO5@f9941","4bSlmx4cVFvrHjUG64LuB6","4bSlmx4cVFvrHjUG64LuB6@6c48a","4bSlmx4cVFvrHjUG64LuB6@f9941","4efRc8EW1HQaiS6u1u5IVI","4efRc8EW1HQaiS6u1u5IVI@6c48a","4efRc8EW1HQaiS6u1u5IVI@f9941","4fTgPxMfBPk4VAwMPLsxjF","4fTgPxMfBPk4VAwMPLsxjF@6c48a","4fTgPxMfBPk4VAwMPLsxjF@f9941","4fx+4CJz9Jd61HbKFVv1MF","4fx+4CJz9Jd61HbKFVv1MF@6c48a","4fx+4CJz9Jd61HbKFVv1MF@f9941","50HaPF8thF97wEUTDViBH/@cd579","50c14gchFOnLZ2TWSM3Ay7@b6423","52i6pgbXBORoy7vA+X0VA+","52i6pgbXBORoy7vA+X0VA+@6c48a","52i6pgbXBORoy7vA+X0VA+@f9941","54TknWPwVPqJqeCR+Y/Czo","54TknWPwVPqJqeCR+Y/Czo@6c48a","54TknWPwVPqJqeCR+Y/Czo@f9941","54ejgvm45FqZTywz8lD1fm","54ejgvm45FqZTywz8lD1fm@6c48a","54ejgvm45FqZTywz8lD1fm@f9941","57bIaUjDVFN5cRMLjSam3I","58ftAD36dAkbyR7OzO5HN9","58ftAD36dAkbyR7OzO5HN9@6c48a","58ftAD36dAkbyR7OzO5HN9@f9941","58yf2/3klBQYP6mtg/eFkc@b940a","58zz2z5vRJQ6B2JhV5EkKc","59bJZYG5tDJ7ELKUmYfmuw","59bJZYG5tDJ7ELKUmYfmuw@6c48a","59bJZYG5tDJ7ELKUmYfmuw@f9941","5asuPqtxJIDasBD0Gy6SsS","5bXmlPTRVM9I9B4KHreWgR","5bXmlPTRVM9I9B4KHreWgR@6c48a","5bXmlPTRVM9I9B4KHreWgR@f9941","5b7p8Ml3FOc7DqC7ttpnaY@a865e","5cUewJqfxHR6nyT1O46dn6","5cUewJqfxHR6nyT1O46dn6@6c48a","5cUewJqfxHR6nyT1O46dn6@f9941","5cxfD0Q91AXKnAYkfRv6Gw@438fe","5cxfD0Q91AXKnAYkfRv6Gw@73b7f","5cxfD0Q91AXKnAYkfRv6Gw@b4e6b","5cxfD0Q91AXKnAYkfRv6Gw@d1932","5cxfD0Q91AXKnAYkfRv6Gw@e39f7","5cxfD0Q91AXKnAYkfRv6Gw@f605f","5fTdeYKuZLv4S0UEu2zOrt","5fTdeYKuZLv4S0UEu2zOrt@6c48a","65Cp4tlEZK55E4GHhJ6/pp","65Cp4tlEZK55E4GHhJ6/pp@6c48a","65Cp4tlEZK55E4GHhJ6/pp@f9941","68xNkbuiVAipWIifHltfxk","6bHJPbIyBPnKPuOme7iPFh","6bHJPbIyBPnKPuOme7iPFh@6c48a","6bHJPbIyBPnKPuOme7iPFh@f9941","6ciCT1eRlBYJbP3wDkkl90","6ciCT1eRlBYJbP3wDkkl90@6c48a","6ciCT1eRlBYJbP3wDkkl90@f9941","6c1OjBtj9Lu7PbsyP6CLQ1","6ftPVHbvtACqZljC0rufHc","6ftPVHbvtACqZljC0rufHc@6c48a","6ftPVHbvtACqZljC0rufHc@f9941","70jqOrfKpCNZ8ipVTiJAaH","73yIepYitHBoVchk3GwGT1","73yIepYitHBoVchk3GwGT1@6c48a","73yIepYitHBoVchk3GwGT1@f9941","76fANB9Y1K7rJPjk8WILpE","76fANB9Y1K7rJPjk8WILpE@6c48a","76fANB9Y1K7rJPjk8WILpE@f9941","7az8mBYelB4JK9AkjIfqS6","7az8mBYelB4JK9AkjIfqS6@6c48a","7az8mBYelB4JK9AkjIfqS6@f9941","7egaiZbHxJPYDP5Pcw5PSP","81JUI9LDxHgLSD3P1FMsBf","82QbxRzWJJj4n7mqJsPsMh","82QbxRzWJJj4n7mqJsPsMh@6c48a","82QbxRzWJJj4n7mqJsPsMh@f9941","84Eip2kD1FeIJKKKwM0kYK","84Eip2kD1FeIJKKKwM0kYK@6c48a","84Eip2kD1FeIJKKKwM0kYK@f9941","84iy5lk7pEEb6EjoNt1bJf","89ScHxmytBjLFQYRqUVDQW","89ScHxmytBjLFQYRqUVDQW@6c48a","8abH0ojEBArqZ2Yzh/LoN8","8abH0ojEBArqZ2Yzh/LoN8@6c48a","8abH0ojEBArqZ2Yzh/LoN8@f9941","8dHjmY6jhBM7YJD19BR6YA","8dHjmY6jhBM7YJD19BR6YA@6c48a","8dHjmY6jhBM7YJD19BR6YA@f9941","8fGC/47MBKtKbu817prghw","8fGC/47MBKtKbu817prghw@6c48a","8fGC/47MBKtKbu817prghw@f9941","90+GVzW69B4pfbhgTR9Ctl@a9630","95EkngnxZFbYuFpsqVTaFr","95EkngnxZFbYuFpsqVTaFr@6c48a","95EkngnxZFbYuFpsqVTaFr@f9941","95vBxQpFZIRaUzWo2NL9Fr","957Y4ui01C44iECl0G0/n0","957Y4ui01C44iECl0G0/n0@6c48a","957Y4ui01C44iECl0G0/n0@f9941","99et/B3p5BgrZO5CfEzduf","99et/B3p5BgrZO5CfEzduf@6c48a","99et/B3p5BgrZO5CfEzduf@f9941","9fdghPAJpPM6ps0IvZopwB","9fdghPAJpPM6ps0IvZopwB@6c48a","9fdghPAJpPM6ps0IvZopwB@f9941","9fuafV/PRLeZGkwd8rZXgM","9fuafV/PRLeZGkwd8rZXgM@6c48a","9fuafV/PRLeZGkwd8rZXgM@f9941","a0dRR+wHVG05qOgxMWK5Zu","a0dRR+wHVG05qOgxMWK5Zu@6c48a","a0dRR+wHVG05qOgxMWK5Zu@f9941","a1KZkqZL1MRb8F4DXtG2J5","a1KZkqZL1MRb8F4DXtG2J5@6c48a","a1KZkqZL1MRb8F4DXtG2J5@f9941","a3zQCfCrBCDZJ4uf2rk5u8","a4vgulFcxC7afwgzAe47zr","a4vgulFcxC7afwgzAe47zr@6c48a","a4vgulFcxC7afwgzAe47zr@f9941","a52kK/VKhPWYrFcMzOHtmQ","a5/Tk5fk1OT4M3YkeyugyO","a5/Tk5fk1OT4M3YkeyugyO@6c48a","a5/Tk5fk1OT4M3YkeyugyO@f9941","a7YJzyJxhAKoUOH4gt0hkD","a7YJzyJxhAKoUOH4gt0hkD@6c48a","a7YJzyJxhAKoUOH4gt0hkD@f9941","a8c6dCtQNKloVwb+VCaXA1@57e42","a8/sSDBCRMTYuVKIwUgI4+","a8/sSDBCRMTYuVKIwUgI4+@6c48a","a8/sSDBCRMTYuVKIwUgI4+@f9941","aaL0uG+fZENJT/EBZcTpeA","aaL0uG+fZENJT/EBZcTpeA@6c48a","aaL0uG+fZENJT/EBZcTpeA@f9941","aa+G8B2exLEIbBP+5RK72d","aa+G8B2exLEIbBP+5RK72d@6c48a","aa+G8B2exLEIbBP+5RK72d@f9941","acVf2TPV5O6pknusWqaHMS","acVf2TPV5O6pknusWqaHMS@6c48a","acVf2TPV5O6pknusWqaHMS@f9941","aePhLhb8BEvqKAI5c/aWK3","aePhLhb8BEvqKAI5c/aWK3@6c48a","aePhLhb8BEvqKAI5c/aWK3@f9941","afP/lR7e9MfqHcdVXgYPzY","afP/lR7e9MfqHcdVXgYPzY@6c48a","afP/lR7e9MfqHcdVXgYPzY@f9941","afSLMLCmxBF5oZRpecKJgq","afSLMLCmxBF5oZRpecKJgq@6c48a","afSLMLCmxBF5oZRpecKJgq@f9941","afxHkx8GZGsJC+n+YfITQo","afxHkx8GZGsJC+n+YfITQo@6c48a","afxHkx8GZGsJC+n+YfITQo@f9941","af+vHLzJ9JvZXY+R7ByiOZ","af+vHLzJ9JvZXY+R7ByiOZ@6c48a","af+vHLzJ9JvZXY+R7ByiOZ@f9941","b1pgtXwk1Ba5pioPgHPW2y","b1pgtXwk1Ba5pioPgHPW2y@6c48a","b1pgtXwk1Ba5pioPgHPW2y@f9941","b1yzLmyMlAyZ1SEZ2uQWsy@0a7b5","b2RaVqqQ5KHaI6A1a3NF3P","b2RaVqqQ5KHaI6A1a3NF3P@6c48a","b2RaVqqQ5KHaI6A1a3NF3P@f9941","b2vHhrWQtIMbMhgTESoyCZ","b2vHhrWQtIMbMhgTESoyCZ@6c48a","b2vHhrWQtIMbMhgTESoyCZ@f9941","b3CpiafZRDH449MonBWD2o","b3CpiafZRDH449MonBWD2o@6c48a","b3CpiafZRDH449MonBWD2o@f9941","b7MFJ8MjNBwqr3fNq1j5dJ","b7MFJ8MjNBwqr3fNq1j5dJ@6c48a","b7MFJ8MjNBwqr3fNq1j5dJ@f9941","b7qevBlvZJyYLjF6sr4VgF","b7qevBlvZJyYLjF6sr4VgF@6c48a","b7qevBlvZJyYLjF6sr4VgF@f9941","b9gVk1MmBJc6/d6ysKk9lA","b9gVk1MmBJc6/d6ysKk9lA@6c48a","b9gVk1MmBJc6/d6ysKk9lA@f9941","baksN0ny5Ajbzh34OoiqXK","baksN0ny5Ajbzh34OoiqXK@6c48a","baksN0ny5Ajbzh34OoiqXK@f9941","beGfQd/6BBxZyHa8JNhTUC","beGfQd/6BBxZyHa8JNhTUC@6c48a","beGfQd/6BBxZyHa8JNhTUC@f9941","bey6303uNCjLzIjDHmr+a4","bey6303uNCjLzIjDHmr+a4@6c48a","bey6303uNCjLzIjDHmr+a4@f9941","c0ExG6bCNHv7BScpvr46Qr","c0ExG6bCNHv7BScpvr46Qr@6c48a","c0ExG6bCNHv7BScpvr46Qr@f9941","c3rQ4CD15BvKxmfuEb3RGM","c3rQ4CD15BvKxmfuEb3RGM@6c48a","c3rQ4CD15BvKxmfuEb3RGM@f9941","c9nhQb8U9AIKuzEzP78ygt","c9nhQb8U9AIKuzEzP78ygt@6c48a","c9nhQb8U9AIKuzEzP78ygt@f9941","ca8XLfA7dMWopTk/PkvlFG@5ecd9","ccSEOm3uZFw566I8GJuMvE","ccSEOm3uZFw566I8GJuMvE@6c48a","ccSEOm3uZFw566I8GJuMvE@f9941","cdYY3lWfxImbpPVRlfPiTO","cdYY3lWfxImbpPVRlfPiTO@6c48a","ceXzg9vlFFr7mcfXU9oBHa","ceXzg9vlFFr7mcfXU9oBHa@6c48a","ceXzg9vlFFr7mcfXU9oBHa@f9941","d3x4IMKphEKYvHuEU7yaxB","d4733GKxlOma0Jf2xocNWC","d4733GKxlOma0Jf2xocNWC@6c48a","d4733GKxlOma0Jf2xocNWC@f9941","d5CuKKYsBEeo4OzUmEKs/l","d5CuKKYsBEeo4OzUmEKs/l@6c48a","d5CuKKYsBEeo4OzUmEKs/l@f9941","d8e+Z+OVxHrL0pC/8Lbk/I","d8e+Z+OVxHrL0pC/8Lbk/I@6c48a","d8e+Z+OVxHrL0pC/8Lbk/I@f9941","d845rIc3RPYrLzgtqyVdqK","d845rIc3RPYrLzgtqyVdqK@6c48a","d845rIc3RPYrLzgtqyVdqK@f9941","dceKxx6LtMiZEVcbzmzEko","ddrGd/jKdGH6/ZIe6KMetg","ddrGd/jKdGH6/ZIe6KMetg@6c48a","ddrGd/jKdGH6/ZIe6KMetg@f9941","deQgAK58dAY7cTgFqTXEX+","deQgAK58dAY7cTgFqTXEX+@6c48a","deQgAK58dAY7cTgFqTXEX+@f9941","dflYbLyHVCGpMjOvO8iSlm","dflYbLyHVCGpMjOvO8iSlm@6c48a","dflYbLyHVCGpMjOvO8iSlm@f9941","e3gtlA63VIZrjX54R8CIRh","e3gtlA63VIZrjX54R8CIRh@6c48a","e3gtlA63VIZrjX54R8CIRh@f9941","e32TzDrI5JV7W/FOR4p76Q","e32TzDrI5JV7W/FOR4p76Q@6c48a","e32TzDrI5JV7W/FOR4p76Q@f9941","e66M7XK/9PNoNcsS0s/RUX","e66M7XK/9PNoNcsS0s/RUX@6c48a","e66M7XK/9PNoNcsS0s/RUX@f9941","e9XFLb9i5Oy4/XWlDk2Yla","e9XFLb9i5Oy4/XWlDk2Yla@6c48a","e9XFLb9i5Oy4/XWlDk2Yla@f9941","eabKcMPatJKbXJuR2V0d5m","eabKcMPatJKbXJuR2V0d5m@6c48a","eabKcMPatJKbXJuR2V0d5m@f9941","efHs6CRuVD87eu+MoGbrBB","efHs6CRuVD87eu+MoGbrBB@6c48a","efHs6CRuVD87eu+MoGbrBB@f9941","f0N5ZyemhJg5iZxBxHun4Y","f0N5ZyemhJg5iZxBxHun4Y@6c48a","f0N5ZyemhJg5iZxBxHun4Y@f9941","f1wTLXr2JCOq5X0LiJ2YFZ","f1wTLXr2JCOq5X0LiJ2YFZ@6c48a","f1wTLXr2JCOq5X0LiJ2YFZ@f9941","f2+777fQZDMqWHbDIWXFJA","f2+777fQZDMqWHbDIWXFJA@6c48a","f2+777fQZDMqWHbDIWXFJA@f9941","f3EHG9KBpBT7hDzNV5b367","f3EHG9KBpBT7hDzNV5b367@6c48a","f3EHG9KBpBT7hDzNV5b367@f9941","f3ijXqwy5KZJ0s28iGnL5L","f3ijXqwy5KZJ0s28iGnL5L@6c48a","f3ijXqwy5KZJ0s28iGnL5L@f9941","f480AFIm1B/Y9sn8s3NPU9","f480AFIm1B/Y9sn8s3NPU9@6c48a","f480AFIm1B/Y9sn8s3NPU9@f9941","f87vU+mcJLPo5nbPUEx7IN","f87vU+mcJLPo5nbPUEx7IN@6c48a","f87vU+mcJLPo5nbPUEx7IN@f9941","f9cCFo8YpDyJPMj0ur5qnI","f9cCFo8YpDyJPMj0ur5qnI@6c48a","f9cCFo8YpDyJPMj0ur5qnI@f9941","fbmCWg/X9IxbEhmvkPnyAR@72704","fbtc95DOZKA5OBL2UQV0FV","fbtc95DOZKA5OBL2UQV0FV@6c48a","fbtc95DOZKA5OBL2UQV0FV@f9941","fdjsU2o1RKF5x0TziDw3jI","ffuIqPr2JI9I8dPLYGRDpD","ffuIqPr2JI9I8dPLYGRDpD@6c48a","ffuIqPr2JI9I8dPLYGRDpD@f9941"],"paths":{"14":["db:/internal/physics/default-physics-material",1],"404":["db:/internal/default_renderpipeline/builtin-forward",0]},"scenes":{"db://assets/scene/rocker.scene":1,"db://assets/scene/list-with-data.scene":12,"db://assets/scene/home.scene":13,"db://assets/scene/test-list.scene":15},"packs":{"011b2c0d4":["26","1","160","168","190","204","224","234","310","335","400"],"0715c78bd":["16","19","22","48","52","56","82","85","99","101","104","4","129","132","135","138","141","165","169","178","184","187","191","201","215","218","221","235","238","62","66","2","79","97","107","116","123","195","229","34","72","88","91","94","113","119","146","149","152","156","161","180","198","232","31","69","110","126","206","213","43","59","209","37","225","27","40","46","75","248","252","259","255","241","244","262","265","268","271","274","277","280","283","286","293","302","296","290","299","305","308","311","314","320","323","317","327","330","332","336","345","339","342","349","352","355","361","364","367","358","370","373","379","382","391","394","388","385","376","397","401","405"],"08d84473a":["18","155","264","15","375"],"0abc974dc":["6","21","24","29","33","36","39","42","50","54","58","61","64","68","74","77","81","84","87","90","93","96","103","106","112","115","118","121","125","128","131","134","137","140","143","148","151","154","158","163","167","171","172","174","175","177","182","186","189","193","194","197","200","203","208","211","217","220","223","227","231","237","240","243","246","250","254","257","261","267","270","273","276","279","282","285","288","292","295","298","13","304","307","313","316","319","322","325","329","334","341","344","347","348","351","354","357","360","363","366","369","372","378","381","384","387","390","393","396","399","407"],"0d5620352":["17","20","23","49","53","57","83","86","100","102","105","5","130","133","136","139","142","166","170","176","179","185","188","192","202","216","219","222","236","239","63","67","3","80","98","108","117","124","196","230","35","73","89","92","95","114","120","147","150","153","157","162","181","199","233","32","70","111","127","207","214","44","60","210","38","226","28","41","47","76","249","253","260","256","242","245","263","266","269","272","275","278","281","284","287","294","303","297","291","300","306","309","312","315","321","324","318","328","331","333","337","346","340","343","350","353","356","362","365","368","359","371","374","380","383","392","395","389","386","377","398","402","406"],"0f29cacea":["45","65","71","109","12","301","338","403"]},"versions":{"import":[],"native":[]},"redirect":[51,"0",247,"0",14,"0"],"debug":false,"extensionMap":{".ccon":["10","122","144","145","159","164","173","183","205","212","228","251","258","289","30","326","55","78"]},"hasPreloadScript":true,"types":["cc.RenderPipeline","cc.PhysicsMaterial"]}