[1,["b4cEYMlRhLjKaJzxIqo1/w","e5fbY4BJVNhLZRUFfUaz3z@8fb7d","e5fbY4BJVNhLZRUFfUaz3z@e655b","e5fbY4BJVNhLZRUFfUaz3z@689b7","1bDNQE/aJCb5QseKe1thiB@6c48a","a3zQCfCrBCDZJ4uf2rk5u8"],["node","_mesh","root","data","mainTexture","_effectAsset"],[["cc.Node",["_name","_active","_prefab","_lscale","_parent","_components","_lpos","_children"],1,4,5,1,9,5,2],["cc.Prefab",["_name"],2],["cc.PrefabInfo",["fileId","instance","targetOverrides","nestedPrefabInstanceRoots","root","asset"],-1,1,1],["cc.MeshRenderer",["node","__prefab","_materials","bakeSettings","_mesh"],3,1,4,3,4,6],["cc.CompPrefabInfo",["fileId"],2],["cc.ModelBakeSettings",[],3],["cc.Material",["_name","_states","_defines","_props"],0,12],["cc.Mesh",["_native","_hash","_struct"],1,11]],[[2,0,1,2,3,4,5,5],[3,0,1,2,3,4,1],[4,0,2],[5,1],[7,0,1,2,3],[0,0,1,4,5,2,6,3,3],[1,0,2],[0,0,7,2,3,2],[0,0,4,5,2,6,3,2],[6,0,1,2,3,4]],[[[[6,"hamimelon"],[7,"hamimelon",[-2,-3,-4],[0,"1eG24uzVdZQ4SRhjwRjqm2",null,null,null,-1,0],[1,22,22,22]],[8,"hamimelon",1,[[1,-5,[2,"8duFA3595RhpiGgXCNwC4c"],[0],[3],1]],[0,"ffzannHOxSjJaAdUBZ+ARl",null,null,null,1,0],[1,0.00009833163494477049,-0.000550195574760437,3.4598326981161165e-10],[1,2.489949941635132,2.489949941635132,2.489949941635132]],[5,"hamimelon01",false,1,[[1,-6,[2,"d8xd0aOZpcz6WzrwOrzi/P"],[2],[3],3]],[0,"2cC168PXxR/b9JitW60Cew",null,null,null,1,0],[1,0.00009833163494477049,-0.000550195574760437,3.4598326981161165e-10],[1,2.489949941635132,2.489949941635132,2.489949941635132]],[5,"hamimelon02",false,1,[[1,-7,[2,"3dfmJe/45W14E7gN2QSOjs"],[4],[3],5]],[0,"c9z3SHGxpd6IeNzJ13SFMa",null,null,null,1,0],[1,0.00009833163494477049,-0.000550195574760437,3.4598326981161165e-10],[1,2.489949941635132,2.489949941635132,2.489949941635132]]],0,[0,2,1,0,-1,2,0,-2,3,0,-3,4,0,0,2,0,0,3,0,0,4,0,3,1,7],[0,0,0,0,0,0],[-1,1,-1,1,-1,1],[0,1,0,2,0,3]],[[[9,"hamimelon",[{"rasterizerState":{},"depthStencilState":{},"blendState":{"targets":[{}]}}],[{"USE_TEXTURE":true}],[[[{},"mainTexture",6,0]],11]]],0,0,[0,0],[4,5],[4,5]],[[[4,".bin",2876463676,[{"primitives":[{"primitiveMode":7,"vertexBundelIndices":[0],"indexView":{"offset":17184,"length":2772,"count":1386,"stride":2}}],"vertexBundles":[{"view":{"offset":0,"length":17184,"count":358,"stride":48},"attributes":[{"name":"a_position","format":32,"isNormalized":false},{"name":"a_normal","format":32,"isNormalized":false},{"name":"a_texCoord","format":21,"isNormalized":false},{"name":"a_tangent","format":44,"isNormalized":false}]}]},"minPosition",8,[1,-0.00039597958675585687,-0.0035907996352761984,-0.003371387952938676],"maxPosition",8,[1,0.0033713874872773886,0.004698613658547401,0.0033713874872773886]]],-1],0,0,[],[],[]],[[[4,".bin",3976479830,[{"primitives":[{"primitiveMode":7,"vertexBundelIndices":[0],"indexView":{"offset":21024,"length":4212,"count":2106,"stride":2}}],"vertexBundles":[{"view":{"offset":0,"length":21024,"count":438,"stride":48},"attributes":[{"name":"a_position","format":32,"isNormalized":false},{"name":"a_normal","format":32,"isNormalized":false},{"name":"a_texCoord","format":21,"isNormalized":false},{"name":"a_tangent","format":44,"isNormalized":false}]}]},"minPosition",8,[1,-0.0033713877201080322,-0.0035907996352761984,-0.003371387952938676],"maxPosition",8,[1,0.0033713874872773886,0.004698613658547401,0.0033713874872773886]]],-1],0,0,[],[],[]],[[[4,".bin",3019612829,[{"primitives":[{"primitiveMode":7,"vertexBundelIndices":[0],"indexView":{"offset":10896,"length":1728,"count":864,"stride":2}}],"vertexBundles":[{"view":{"offset":0,"length":10896,"count":227,"stride":48},"attributes":[{"name":"a_position","format":32,"isNormalized":false},{"name":"a_normal","format":32,"isNormalized":false},{"name":"a_texCoord","format":21,"isNormalized":false},{"name":"a_tangent","format":44,"isNormalized":false}]}]},"minPosition",8,[1,-0.0033713877201080322,-0.003590799868106842,-0.003371387952938676],"maxPosition",8,[1,4.784941332047765e-10,0.0035907989367842674,0.0033713877201080322]]],-1],0,0,[],[],[]]]]
