{"version":1,"document":[{"__type__":"cc.AnimationClip","_name":"showGuide","_objFlags":0,"_native":"","sample":60,"speed":1,"wrapMode":2,"enableTrsBlending":false,"_duration":1.7833333333333334,"_hash":3224962786,"_tracks":[{"__id__":1},{"__id__":12},{"__id__":24},{"__id__":35}],"_exoticAnimation":null,"_events":[],"_embeddedPlayers":[]},{"__type__":"cc.animation.VectorTrack","_binding":{"__type__":"cc.animation.TrackBinding","path":{"__id__":2},"proxy":null},"_channels":[{"__id__":4},{"__id__":6},{"__id__":8},{"__id__":10}],"_nComponents":3},{"__type__":"cc.animation.TrackPath","_paths":[{"__id__":3},"scale"]},{"__type__":"cc.animation.HierarchyPath","path":"handGuide/circle"},{"__type__":"cc.animation.Channel","_curve":{"__id__":5}},{"__type__":"cc.RealCurve","bytes":{"__type__":"TypedArrayRef","ctor":"Uint8Array","offset":0,"length":42},"keyframeValueEditorExtras":[null,null,null]},{"__type__":"cc.animation.Channel","_curve":{"__id__":7}},{"__type__":"cc.RealCurve","bytes":{"__type__":"TypedArrayRef","ctor":"Uint8Array","offset":42,"length":42},"keyframeValueEditorExtras":[null,null,null]},{"__type__":"cc.animation.Channel","_curve":{"__id__":9}},{"__type__":"cc.RealCurve","bytes":{"__type__":"TypedArrayRef","ctor":"Uint8Array","offset":84,"length":42},"keyframeValueEditorExtras":[null,null,null]},{"__type__":"cc.animation.Channel","_curve":{"__id__":11}},{"__type__":"cc.RealCurve","bytes":{"__type__":"TypedArrayRef","ctor":"Uint8Array","offset":126,"length":6}},{"__type__":"cc.animation.ColorTrack","_binding":{"__type__":"cc.animation.TrackBinding","path":{"__id__":13},"proxy":null},"_channels":[{"__id__":16},{"__id__":18},{"__id__":20},{"__id__":22}]},{"__type__":"cc.animation.TrackPath","_paths":[{"__id__":14},{"__id__":15},"color"]},{"__type__":"cc.animation.HierarchyPath","path":"handGuide/circle"},{"__type__":"cc.animation.ComponentPath","component":"cc.Sprite"},{"__type__":"cc.animation.Channel","_curve":{"__id__":17}},{"__type__":"cc.RealCurve","bytes":{"__type__":"TypedArrayRef","ctor":"Uint8Array","offset":132,"length":42},"keyframeValueEditorExtras":[null,null,null]},{"__type__":"cc.animation.Channel","_curve":{"__id__":19}},{"__type__":"cc.RealCurve","bytes":{"__type__":"TypedArrayRef","ctor":"Uint8Array","offset":174,"length":42},"keyframeValueEditorExtras":[null,null,null]},{"__type__":"cc.animation.Channel","_curve":{"__id__":21}},{"__type__":"cc.RealCurve","bytes":{"__type__":"TypedArrayRef","ctor":"Uint8Array","offset":216,"length":42},"keyframeValueEditorExtras":[null,null,null]},{"__type__":"cc.animation.Channel","_curve":{"__id__":23}},{"__type__":"cc.RealCurve","bytes":{"__type__":"TypedArrayRef","ctor":"Uint8Array","offset":258,"length":42},"keyframeValueEditorExtras":[null,null,null]},{"__type__":"cc.animation.VectorTrack","_binding":{"__type__":"cc.animation.TrackBinding","path":{"__id__":25},"proxy":null},"_channels":[{"__id__":27},{"__id__":29},{"__id__":31},{"__id__":33}],"_nComponents":3},{"__type__":"cc.animation.TrackPath","_paths":[{"__id__":26},"position"]},{"__type__":"cc.animation.HierarchyPath","path":"handGuide/hand"},{"__type__":"cc.animation.Channel","_curve":{"__id__":28}},{"__type__":"cc.RealCurve","bytes":{"__type__":"TypedArrayRef","ctor":"Uint8Array","offset":300,"length":66},"keyframeValueEditorExtras":[null,null,null,null,null]},{"__type__":"cc.animation.Channel","_curve":{"__id__":30}},{"__type__":"cc.RealCurve","bytes":{"__type__":"TypedArrayRef","ctor":"Uint8Array","offset":366,"length":66},"keyframeValueEditorExtras":[null,null,null,null,null]},{"__type__":"cc.animation.Channel","_curve":{"__id__":32}},{"__type__":"cc.RealCurve","bytes":{"__type__":"TypedArrayRef","ctor":"Uint8Array","offset":432,"length":66},"keyframeValueEditorExtras":[null,null,null,null,null]},{"__type__":"cc.animation.Channel","_curve":{"__id__":34}},{"__type__":"cc.RealCurve","bytes":{"__type__":"TypedArrayRef","ctor":"Uint8Array","offset":498,"length":6}},{"__type__":"cc.animation.VectorTrack","_binding":{"__type__":"cc.animation.TrackBinding","path":{"__id__":36},"proxy":null},"_channels":[{"__id__":38},{"__id__":40},{"__id__":42},{"__id__":44}],"_nComponents":3},{"__type__":"cc.animation.TrackPath","_paths":[{"__id__":37},"scale"]},{"__type__":"cc.animation.HierarchyPath","path":"handGuide/hand"},{"__type__":"cc.animation.Channel","_curve":{"__id__":39}},{"__type__":"cc.RealCurve","bytes":{"__type__":"TypedArrayRef","ctor":"Uint8Array","offset":504,"length":54},"keyframeValueEditorExtras":[null,null,null,null]},{"__type__":"cc.animation.Channel","_curve":{"__id__":41}},{"__type__":"cc.RealCurve","bytes":{"__type__":"TypedArrayRef","ctor":"Uint8Array","offset":558,"length":54},"keyframeValueEditorExtras":[null,null,null,null]},{"__type__":"cc.animation.Channel","_curve":{"__id__":43}},{"__type__":"cc.RealCurve","bytes":{"__type__":"TypedArrayRef","ctor":"Uint8Array","offset":612,"length":54},"keyframeValueEditorExtras":[null,null,null,null]},{"__type__":"cc.animation.Channel","_curve":{"__id__":45}},{"__type__":"cc.RealCurve","bytes":{"__type__":"TypedArrayRef","ctor":"Uint8Array","offset":666,"length":6}}],"chunks":[".bin"]}
