[1,["5coThZpzpPDL/wrVbPLCT8","f9qOXSBuhLu4mNGgY3/PRy@73b7f","4bK9CccjhEuqMHsDGzj1lP@6c48a","a3zQCfCrBCDZJ4uf2rk5u8","f9qOXSBuhLu4mNGgY3/PRy@2f7c9","f9qOXSBuhLu4mNGgY3/PRy@80fd1","f9qOXSBuhLu4mNGgY3/PRy@1d5aa"],["node","_mesh","mainTexture","_effectAsset","root","data","_defaultClip"],[["cc.Node",["_name","_active","_components","_prefab","_parent","_children","_lscale"],1,9,4,1,2,5],["cc.Material",["_name","_states","_defines","_props"],0,12],["cc.Prefab",["_name"],2],["cc.Animation",["node","__prefab","_clips","_defaultClip"],3,1,4,3,6],["cc.CompPrefabInfo",["fileId"],2],["cc.PrefabInfo",["fileId","instance","targetOverrides","nestedPrefabInstanceRoots","root","asset"],-1,1,1],["cc.MeshRenderer",["node","__prefab","_materials","bakeSettings","_mesh"],3,1,4,3,4,6],["cc.ModelBakeSettings",[],3],["cc.Mesh",["_native","_hash","_struct"],1,11]],[[4,0,2],[5,0,1,2,3,4,5,5],[6,0,1,2,3,4,1],[7,1],[8,0,1,2,3],[0,0,1,4,2,3,3],[1,0,1,2,3,4],[2,0,2],[0,0,5,2,3,6,2],[0,0,4,2,3,2],[3,0,1,2,3,1]],[[[[6,"pineapple",[{"rasterizerState":{},"depthStencilState":{},"blendState":{"targets":[{}]}}],[{"USE_TEXTURE":true}],[[[{},"mainTexture",6,0]],11]]],0,0,[0,0],[2,3],[2,3]],[[[7,"pineapple"],[8,"pineapple",[-3,-4,-5],[[10,-2,[0,"577//F+pdcA4kF5vdfICf3"],[6],7]],[1,"f0Cl7iZHdbQ6yIfgz8qNuE",null,null,null,-1,0],[1,21,21,21]],[5,"pineapple01",false,1,[[2,-6,[0,"d4D872mE5fO7ishfJzK02Z"],[0],[3],1]],[1,"c9mJ26iMRTNaB6yEMa+wjx",null,null,null,1,0]],[5,"pineapple02",false,1,[[2,-7,[0,"8cYwgN9BBVbaLD6iRU1wsY"],[2],[3],3]],[1,"7c6Z3BZeVYf7p95cgoQ8Q4",null,null,null,1,0]],[9,"pineapple",1,[[2,-8,[0,"93f2EBnSVVIoa/pDnKXqdB"],[4],[3],5]],[1,"b3+03ymDFYz53ADCGE3NMa",null,null,null,1,0]]],0,[0,4,1,0,0,1,0,-1,2,0,-2,3,0,-3,4,0,0,2,0,0,3,0,0,4,0,5,1,8],[0,0,0,0,0,0,0,0],[-1,1,-1,1,-1,1,-1,6],[0,4,0,5,0,6,1,1]],[[[4,".bin",4258675776,[{"primitives":[{"primitiveMode":7,"vertexBundelIndices":[0],"indexView":{"offset":116256,"length":17532,"count":8766,"stride":2}}],"vertexBundles":[{"view":{"offset":0,"length":116256,"count":2422,"stride":48},"attributes":[{"name":"a_position","format":32,"isNormalized":false},{"name":"a_normal","format":32,"isNormalized":false},{"name":"a_texCoord","format":21,"isNormalized":false},{"name":"a_tangent","format":44,"isNormalized":false}]}]},"minPosition",8,[1,-0.009298887103796005,-0.010908901691436768,-0.011218280531466007],"maxPosition",8,[1,0.023078039288520813,0.010908901691436768,0.011218276806175709]]],-1],0,0,[],[],[]],[[[4,".bin",761614351,[{"primitives":[{"primitiveMode":7,"vertexBundelIndices":[0],"indexView":{"offset":122400,"length":14604,"count":7302,"stride":2}}],"vertexBundles":[{"view":{"offset":0,"length":122400,"count":2550,"stride":48},"attributes":[{"name":"a_position","format":32,"isNormalized":false},{"name":"a_normal","format":32,"isNormalized":false},{"name":"a_texCoord","format":21,"isNormalized":false},{"name":"a_tangent","format":44,"isNormalized":false}]}]},"minPosition",8,[1,-0.00013967532140668482,-0.010908901691436768,-0.011218279600143433],"maxPosition",8,[1,0.023078039288520813,0.010908901691436768,0.011218278668820858]]],-1],0,0,[],[],[]],[[[4,".bin",48045977,[{"primitives":[{"primitiveMode":7,"vertexBundelIndices":[0],"indexView":{"offset":32448,"length":3624,"count":1812,"stride":2}}],"vertexBundles":[{"view":{"offset":0,"length":32448,"count":676,"stride":48},"attributes":[{"name":"a_position","format":32,"isNormalized":false},{"name":"a_normal","format":32,"isNormalized":false},{"name":"a_texCoord","format":21,"isNormalized":false},{"name":"a_tangent","format":44,"isNormalized":false}]}]},"minPosition",8,[1,-0.009298887103796005,-0.007775557693094015,-0.007775556296110153],"maxPosition",8,[1,8.074566437699104e-8,0.007775557693094015,0.007775557693094015]]],-1],0,0,[],[],[]]]]
